🧪 CLI backtest: exchange=bitget symbols=BTC-USDT,ETH-USDT tf=[60, 180, 300, 900] depth=7d capital=1000 allocation=10%
[fetching 51 pages · 10199 candles] ETH-USDT 60s
[fetching 51 pages · 10199 candles] ETH-USDT 60s
[fetching 17 pages · 3399 candles] ETH-USDT 180s
[fetching 17 pages · 3399 candles] ETH-USDT 180s
[fetching 11 pages · 2199 candles] ETH-USDT 300s
[fetching 11 pages · 2199 candles] ETH-USDT 300s
[fetching 4 pages · 799 candles] ETH-USDT 900s
[fetching 4 pages · 799 candles] ETH-USDT 900s
[warming    12%] warming BTC-USDT 60s (1/8)
[warming    25%] warming BTC-USDT 180s (2/8)
[warming    38%] warming BTC-USDT 300s (3/8)
[warming    50%] warming BTC-USDT 900s (4/8)
[warming    62%] warming ETH-USDT 60s (5/8)
[warming    75%] warming ETH-USDT 180s (6/8)
[warming    88%] warming ETH-USDT 300s (7/8)
[warming   100%] warming ETH-USDT 900s (8/8)
[replaying   0%] replaying BTC-USDT @ 1787112540
[replaying   0%] replaying ETH-USDT @ 1787112540
[replaying   0%] replaying BTC-USDT @ 1787112600
[replaying   0%] replaying ETH-USDT @ 1787112600
[replaying   0%] replaying BTC-USDT @ 1787112660
[replaying   0%] replaying ETH-USDT @ 1787112660
[replaying   0%] replaying BTC-USDT @ 1787112720
[replaying   0%] replaying ETH-USDT @ 1787112720
[replaying   0%] replaying BTC-USDT @ 1787112780
[replaying   0%] replaying ETH-USDT @ 1787112780
[replaying   0%] replaying BTC-USDT @ 1787112840
[replaying   0%] replaying ETH-USDT @ 1787112840
[replaying   0%] replaying BTC-USDT @ 1787112900
[replaying   0%] replaying ETH-USDT @ 1787112900
[replaying   0%] replaying BTC-USDT @ 1787112960
[replaying   0%] replaying ETH-USDT @ 1787112960
[replaying   0%] replaying BTC-USDT @ 1787113020
[replaying   0%] replaying ETH-USDT @ 1787113020
[replaying   0%] replaying BTC-USDT @ 1787113080
[replaying   0%] replaying ETH-USDT @ 1787113080
[replaying   0%] replaying BTC-USDT @ 1787113140
[replaying   0%] replaying ETH-USDT @ 1787113140
[replaying   0%] replaying BTC-USDT @ 1787113200
[replaying   0%] replaying ETH-USDT @ 1787113200
[replaying   0%] replaying BTC-USDT @ 1787113260
[replaying   0%] replaying ETH-USDT @ 1787113260
[replaying   0%] replaying BTC-USDT @ 1787113320
[replaying   0%] replaying ETH-USDT @ 1787113320
[replaying   0%] replaying BTC-USDT @ 1787113380
[replaying   0%] replaying ETH-USDT @ 1787113380
[replaying   0%] replaying BTC-USDT @ 1787113440
[replaying   0%] replaying ETH-USDT @ 1787113440
[replaying   0%] replaying BTC-USDT @ 1787113500
[replaying   0%] replaying ETH-USDT @ 1787113500
[replaying   0%] replaying BTC-USDT @ 1787113560
[replaying   0%] replaying ETH-USDT @ 1787113560
[replaying   0%] replaying BTC-USDT @ 1787113620
[replaying   0%] replaying ETH-USDT @ 1787113620
[replaying   0%] replaying BTC-USDT @ 1787113680
[replaying   0%] replaying ETH-USDT @ 1787113680
[replaying   0%] replaying BTC-USDT @ 1787113740
[replaying   0%] replaying ETH-USDT @ 1787113740
[replaying   0%] replaying BTC-USDT @ 1787113800
[replaying   0%] replaying ETH-USDT @ 1787113800
[replaying   0%] replaying BTC-USDT @ 1787113860
[replaying   0%] replaying ETH-USDT @ 1787113860
[replaying   0%] replaying BTC-USDT @ 1787113920
[replaying   0%] replaying ETH-USDT @ 1787113920
[replaying   0%] replaying BTC-USDT @ 1787113980
[replaying   0%] replaying ETH-USDT @ 1787113980
[replaying   0%] replaying BTC-USDT @ 1787114040
[replaying   0%] replaying ETH-USDT @ 1787114040
[replaying   0%] replaying BTC-USDT @ 1787114100
[replaying   0%] replaying ETH-USDT @ 1787114100
[replaying   0%] replaying BTC-USDT @ 1787114160
[replaying   1%] replaying ETH-USDT @ 1787114160
[replaying   1%] replaying BTC-USDT @ 1787114220
[replaying   1%] replaying ETH-USDT @ 1787114220
[replaying   1%] replaying BTC-USDT @ 1787114280
[replaying   1%] replaying ETH-USDT @ 1787114280
[replaying   1%] replaying BTC-USDT @ 1787114340
[replaying   1%] replaying ETH-USDT @ 1787114340
[replaying   1%] replaying BTC-USDT @ 1787114400
[replaying   1%] replaying ETH-USDT @ 1787114400
[replaying   1%] replaying BTC-USDT @ 1787114460
[replaying   1%] replaying ETH-USDT @ 1787114460
[replaying   1%] replaying BTC-USDT @ 1787114520
[replaying   1%] replaying ETH-USDT @ 1787114520
[replaying   1%] replaying BTC-USDT @ 1787114580
[replaying   1%] replaying ETH-USDT @ 1787114580
[replaying   1%] replaying BTC-USDT @ 1787114640
[replaying   1%] replaying ETH-USDT @ 1787114640
[replaying   1%] replaying BTC-USDT @ 1787114700
[replaying   1%] replaying ETH-USDT @ 1787114700
[replaying   1%] replaying BTC-USDT @ 1787114760
[replaying   1%] replaying ETH-USDT @ 1787114760
[replaying   1%] replaying BTC-USDT @ 1787114820
[replaying   1%] replaying ETH-USDT @ 1787114820
[replaying   1%] replaying BTC-USDT @ 1787114880
[replaying   1%] replaying ETH-USDT @ 1787114880
[replaying   1%] replaying BTC-USDT @ 1787114940
[replaying   1%] replaying ETH-USDT @ 1787114940
[replaying   1%] replaying BTC-USDT @ 1787115000
[replaying   1%] replaying ETH-USDT @ 1787115000
[replaying   1%] replaying BTC-USDT @ 1787115060
[replaying   1%] replaying ETH-USDT @ 1787115060
[replaying   1%] replaying BTC-USDT @ 1787115120
[replaying   1%] replaying ETH-USDT @ 1787115120
[replaying   1%] replaying BTC-USDT @ 1787115180
[replaying   1%] replaying ETH-USDT @ 1787115180
[replaying   1%] replaying BTC-USDT @ 1787115240
[replaying   1%] replaying ETH-USDT @ 1787115240
[replaying   1%] replaying BTC-USDT @ 1787115300
[replaying   1%] replaying ETH-USDT @ 1787115300
[replaying   1%] replaying BTC-USDT @ 1787115360
[replaying   1%] replaying ETH-USDT @ 1787115360
[replaying   1%] replaying BTC-USDT @ 1787115420
[replaying   1%] replaying ETH-USDT @ 1787115420
[replaying   1%] replaying BTC-USDT @ 1787115480
[replaying   1%] replaying ETH-USDT @ 1787115480
[replaying   1%] replaying BTC-USDT @ 1787115540
[replaying   1%] replaying ETH-USDT @ 1787115540
[replaying   1%] replaying BTC-USDT @ 1787115600
[replaying   1%] replaying ETH-USDT @ 1787115600
[replaying   1%] replaying BTC-USDT @ 1787115660
[replaying   1%] replaying ETH-USDT @ 1787115660
[replaying   1%] replaying BTC-USDT @ 1787115720
[replaying   1%] replaying ETH-USDT @ 1787115720
[replaying   1%] replaying BTC-USDT @ 1787115780
[replaying   1%] replaying ETH-USDT @ 1787115780
[replaying   1%] replaying BTC-USDT @ 1787115840
[replaying   1%] replaying ETH-USDT @ 1787115840
[replaying   1%] replaying BTC-USDT @ 1787115900
[replaying   1%] replaying ETH-USDT @ 1787115900
[replaying   1%] replaying BTC-USDT @ 1787115960
[replaying   1%] replaying ETH-USDT @ 1787115960
[replaying   1%] replaying BTC-USDT @ 1787116020
[replaying   1%] replaying ETH-USDT @ 1787116020
[replaying   1%] replaying BTC-USDT @ 1787116080
[replaying   1%] replaying ETH-USDT @ 1787116080
[replaying   1%] replaying BTC-USDT @ 1787116140
[replaying   1%] replaying ETH-USDT @ 1787116140
[replaying   1%] replaying BTC-USDT @ 1787116200
[replaying   1%] replaying ETH-USDT @ 1787116200
[replaying   1%] replaying BTC-USDT @ 1787116260
[replaying   1%] replaying ETH-USDT @ 1787116260
[replaying   1%] replaying BTC-USDT @ 1787116320
[replaying   1%] replaying ETH-USDT @ 1787116320
[replaying   1%] replaying BTC-USDT @ 1787116380
[replaying   1%] replaying ETH-USDT @ 1787116380
[replaying   1%] replaying BTC-USDT @ 1787116440
[replaying   1%] replaying ETH-USDT @ 1787116440
[replaying   1%] replaying BTC-USDT @ 1787116500
[replaying   1%] replaying ETH-USDT @ 1787116500
[replaying   1%] replaying BTC-USDT @ 1787116560
[replaying   1%] replaying ETH-USDT @ 1787116560
[replaying   1%] replaying BTC-USDT @ 1787116620
[replaying   1%] replaying ETH-USDT @ 1787116620
[replaying   1%] replaying BTC-USDT @ 1787116680
[replaying   1%] replaying ETH-USDT @ 1787116680
[replaying   1%] replaying BTC-USDT @ 1787116740
[replaying   1%] replaying ETH-USDT @ 1787116740
[replaying   1%] replaying BTC-USDT @ 1787116800
[replaying   1%] replaying ETH-USDT @ 1787116800
[replaying   1%] replaying BTC-USDT @ 1787116860
[replaying   1%] replaying ETH-USDT @ 1787116860
[replaying   1%] replaying BTC-USDT @ 1787116920
[replaying   1%] replaying ETH-USDT @ 1787116920
[replaying   1%] replaying BTC-USDT @ 1787116980
[replaying   1%] replaying ETH-USDT @ 1787116980
[replaying   1%] replaying BTC-USDT @ 1787117040
[replaying   1%] replaying ETH-USDT @ 1787117040
[replaying   1%] replaying BTC-USDT @ 1787117100
[replaying   1%] replaying ETH-USDT @ 1787117100
[replaying   1%] replaying BTC-USDT @ 1787117160
[replaying   1%] replaying ETH-USDT @ 1787117160
[replaying   1%] replaying BTC-USDT @ 1787117220
[replaying   1%] replaying ETH-USDT @ 1787117220
[replaying   1%] replaying BTC-USDT @ 1787117280
[replaying   1%] replaying ETH-USDT @ 1787117280
[replaying   1%] replaying BTC-USDT @ 1787117340
[replaying   1%] replaying ETH-USDT @ 1787117340
[replaying   1%] replaying BTC-USDT @ 1787117400
[replaying   1%] replaying ETH-USDT @ 1787117400
[replaying   1%] replaying BTC-USDT @ 1787117460
[replaying   1%] replaying ETH-USDT @ 1787117460
[replaying   1%] replaying BTC-USDT @ 1787117520
[replaying   2%] replaying ETH-USDT @ 1787117520
[replaying   2%] replaying BTC-USDT @ 1787117580
[replaying   2%] replaying ETH-USDT @ 1787117580
[replaying   2%] replaying BTC-USDT @ 1787117640
[replaying   2%] replaying ETH-USDT @ 1787117640
[replaying   2%] replaying BTC-USDT @ 1787117700
[replaying   2%] replaying ETH-USDT @ 1787117700
[replaying   2%] replaying BTC-USDT @ 1787117760
[replaying   2%] replaying ETH-USDT @ 1787117760
[replaying   2%] replaying BTC-USDT @ 1787117820
[replaying   2%] replaying ETH-USDT @ 1787117820
[replaying   2%] replaying BTC-USDT @ 1787117880
[replaying   2%] replaying ETH-USDT @ 1787117880
[replaying   2%] replaying BTC-USDT @ 1787117940
[replaying   2%] replaying ETH-USDT @ 1787117940
[replaying   2%] replaying BTC-USDT @ 1787118000
[replaying   2%] replaying ETH-USDT @ 1787118000
[replaying   2%] replaying BTC-USDT @ 1787118060
[replaying   2%] replaying ETH-USDT @ 1787118060
[replaying   2%] replaying BTC-USDT @ 1787118120
[replaying   2%] replaying ETH-USDT @ 1787118120
[replaying   2%] replaying BTC-USDT @ 1787118180
[replaying   2%] replaying ETH-USDT @ 1787118180
[replaying   2%] replaying BTC-USDT @ 1787118240
[replaying   2%] replaying ETH-USDT @ 1787118240
[replaying   2%] replaying BTC-USDT @ 1787118300
[replaying   2%] replaying ETH-USDT @ 1787118300
[replaying   2%] replaying BTC-USDT @ 1787118360
[replaying   2%] replaying ETH-USDT @ 1787118360
[replaying   2%] replaying BTC-USDT @ 1787118420
[replaying   2%] replaying ETH-USDT @ 1787118420
[replaying   2%] replaying BTC-USDT @ 1787118480
[replaying   2%] replaying ETH-USDT @ 1787118480
[replaying   2%] replaying BTC-USDT @ 1787118540
[replaying   2%] replaying ETH-USDT @ 1787118540
[replaying   2%] replaying BTC-USDT @ 1787118600
[replaying   2%] replaying ETH-USDT @ 1787118600
[replaying   2%] replaying BTC-USDT @ 1787118660
[replaying   2%] replaying ETH-USDT @ 1787118660
[replaying   2%] replaying BTC-USDT @ 1787118720
[replaying   2%] replaying ETH-USDT @ 1787118720
[replaying   2%] replaying BTC-USDT @ 1787118780
[replaying   2%] replaying ETH-USDT @ 1787118780
[replaying   2%] replaying BTC-USDT @ 1787118840
[replaying   2%] replaying ETH-USDT @ 1787118840
[replaying   2%] replaying BTC-USDT @ 1787118900
[replaying   2%] replaying ETH-USDT @ 1787118900
[replaying   2%] replaying BTC-USDT @ 1787118960
[replaying   2%] replaying ETH-USDT @ 1787118960
[replaying   2%] replaying BTC-USDT @ 1787119020
[replaying   2%] replaying ETH-USDT @ 1787119020
[replaying   2%] replaying BTC-USDT @ 1787119080
[replaying   2%] replaying ETH-USDT @ 1787119080
[replaying   2%] replaying BTC-USDT @ 1787119140
[replaying   2%] replaying ETH-USDT @ 1787119140
[replaying   2%] replaying BTC-USDT @ 1787119200
[replaying   2%] replaying ETH-USDT @ 1787119200
[replaying   2%] replaying BTC-USDT @ 1787119260
[replaying   2%] replaying ETH-USDT @ 1787119260
[replaying   2%] replaying BTC-USDT @ 1787119320
[replaying   2%] replaying ETH-USDT @ 1787119320
[replaying   2%] replaying BTC-USDT @ 1787119380
[replaying   2%] replaying ETH-USDT @ 1787119380
[replaying   2%] replaying BTC-USDT @ 1787119440
[replaying   2%] replaying ETH-USDT @ 1787119440
[replaying   2%] replaying BTC-USDT @ 1787119500
[replaying   2%] replaying ETH-USDT @ 1787119500
[replaying   2%] replaying BTC-USDT @ 1787119560
[replaying   2%] replaying ETH-USDT @ 1787119560
[replaying   2%] replaying BTC-USDT @ 1787119620
[replaying   2%] replaying ETH-USDT @ 1787119620
[replaying   2%] replaying BTC-USDT @ 1787119680
[replaying   2%] replaying ETH-USDT @ 1787119680
[replaying   2%] replaying BTC-USDT @ 1787119740
[replaying   2%] replaying ETH-USDT @ 1787119740
[replaying   2%] replaying BTC-USDT @ 1787119800
[replaying   2%] replaying ETH-USDT @ 1787119800
[replaying   2%] replaying BTC-USDT @ 1787119860
[replaying   2%] replaying ETH-USDT @ 1787119860
[replaying   2%] replaying BTC-USDT @ 1787119920
[replaying   2%] replaying ETH-USDT @ 1787119920
[replaying   2%] replaying BTC-USDT @ 1787119980
[replaying   2%] replaying ETH-USDT @ 1787119980
[replaying   2%] replaying BTC-USDT @ 1787120040
[replaying   2%] replaying ETH-USDT @ 1787120040
[replaying   2%] replaying BTC-USDT @ 1787120100
[replaying   2%] replaying ETH-USDT @ 1787120100
[replaying   2%] replaying BTC-USDT @ 1787120160
[replaying   2%] replaying ETH-USDT @ 1787120160
[replaying   2%] replaying BTC-USDT @ 1787120220
[replaying   2%] replaying ETH-USDT @ 1787120220
[replaying   2%] replaying BTC-USDT @ 1787120280
[replaying   2%] replaying ETH-USDT @ 1787120280
[replaying   2%] replaying BTC-USDT @ 1787120340
[replaying   2%] replaying ETH-USDT @ 1787120340
[replaying   2%] replaying BTC-USDT @ 1787120400
[replaying   2%] replaying ETH-USDT @ 1787120400
[replaying   2%] replaying BTC-USDT @ 1787120460
[replaying   2%] replaying ETH-USDT @ 1787120460
[replaying   2%] replaying BTC-USDT @ 1787120520
[replaying   2%] replaying ETH-USDT @ 1787120520
[replaying   2%] replaying BTC-USDT @ 1787120580
[replaying   2%] replaying ETH-USDT @ 1787120580
[replaying   2%] replaying BTC-USDT @ 1787120640
[replaying   2%] replaying ETH-USDT @ 1787120640
[replaying   2%] replaying BTC-USDT @ 1787120700
[replaying   2%] replaying ETH-USDT @ 1787120700
[replaying   2%] replaying BTC-USDT @ 1787120760
[replaying   2%] replaying ETH-USDT @ 1787120760
[replaying   2%] replaying BTC-USDT @ 1787120820
[replaying   2%] replaying ETH-USDT @ 1787120820
[replaying   3%] replaying BTC-USDT @ 1787120880
[replaying   3%] replaying ETH-USDT @ 1787120880
[replaying   3%] replaying BTC-USDT @ 1787120940
[replaying   3%] replaying ETH-USDT @ 1787120940
[replaying   3%] replaying BTC-USDT @ 1787121000
[replaying   3%] replaying ETH-USDT @ 1787121000
[replaying   3%] replaying BTC-USDT @ 1787121060
[replaying   3%] replaying ETH-USDT @ 1787121060
[replaying   3%] replaying BTC-USDT @ 1787121120
[replaying   3%] replaying ETH-USDT @ 1787121120
[replaying   3%] replaying BTC-USDT @ 1787121180
[replaying   3%] replaying ETH-USDT @ 1787121180
[replaying   3%] replaying BTC-USDT @ 1787121240
[replaying   3%] replaying ETH-USDT @ 1787121240
[replaying   3%] replaying BTC-USDT @ 1787121300
[replaying   3%] replaying ETH-USDT @ 1787121300
[replaying   3%] replaying BTC-USDT @ 1787121360
[replaying   3%] replaying ETH-USDT @ 1787121360
[replaying   3%] replaying BTC-USDT @ 1787121420
[replaying   3%] replaying ETH-USDT @ 1787121420
[replaying   3%] replaying BTC-USDT @ 1787121480
[replaying   3%] replaying ETH-USDT @ 1787121480
[replaying   3%] replaying BTC-USDT @ 1787121540
[replaying   3%] replaying ETH-USDT @ 1787121540
[replaying   3%] replaying BTC-USDT @ 1787121600
[replaying   3%] replaying ETH-USDT @ 1787121600
[replaying   3%] replaying BTC-USDT @ 1787121660
[replaying   3%] replaying ETH-USDT @ 1787121660
[replaying   3%] replaying BTC-USDT @ 1787121720
[replaying   3%] replaying ETH-USDT @ 1787121720
[replaying   3%] replaying BTC-USDT @ 1787121780
[replaying   3%] replaying ETH-USDT @ 1787121780
[replaying   3%] replaying BTC-USDT @ 1787121840
[replaying   3%] replaying ETH-USDT @ 1787121840
[replaying   3%] replaying BTC-USDT @ 1787121900
[replaying   3%] replaying ETH-USDT @ 1787121900
[replaying   3%] replaying BTC-USDT @ 1787121960
[replaying   3%] replaying ETH-USDT @ 1787121960
[replaying   3%] replaying BTC-USDT @ 1787122020
[replaying   3%] replaying ETH-USDT @ 1787122020
[replaying   3%] replaying BTC-USDT @ 1787122080
[replaying   3%] replaying ETH-USDT @ 1787122080
[replaying   3%] replaying BTC-USDT @ 1787122140
[replaying   3%] replaying ETH-USDT @ 1787122140
[replaying   3%] replaying BTC-USDT @ 1787122200
[replaying   3%] replaying ETH-USDT @ 1787122200
[replaying   3%] replaying BTC-USDT @ 1787122260
[replaying   3%] replaying ETH-USDT @ 1787122260
[replaying   3%] replaying BTC-USDT @ 1787122320
[replaying   3%] replaying ETH-USDT @ 1787122320
[replaying   3%] replaying BTC-USDT @ 1787122380
[replaying   3%] replaying ETH-USDT @ 1787122380
[replaying   3%] replaying BTC-USDT @ 1787122440
[replaying   3%] replaying ETH-USDT @ 1787122440
[replaying   3%] replaying BTC-USDT @ 1787122500
[replaying   3%] replaying ETH-USDT @ 1787122500
[replaying   3%] replaying BTC-USDT @ 1787122560
[replaying   3%] replaying ETH-USDT @ 1787122560
[replaying   3%] replaying BTC-USDT @ 1787122620
[replaying   3%] replaying ETH-USDT @ 1787122620
[replaying   3%] replaying BTC-USDT @ 1787122680
[replaying   3%] replaying ETH-USDT @ 1787122680
[replaying   3%] replaying BTC-USDT @ 1787122740
[replaying   3%] replaying ETH-USDT @ 1787122740
[replaying   3%] replaying BTC-USDT @ 1787122800
[replaying   3%] replaying ETH-USDT @ 1787122800
[replaying   3%] replaying BTC-USDT @ 1787122860
[replaying   3%] replaying ETH-USDT @ 1787122860
[replaying   3%] replaying BTC-USDT @ 1787122920
[replaying   3%] replaying ETH-USDT @ 1787122920
[replaying   3%] replaying BTC-USDT @ 1787122980
[replaying   3%] replaying ETH-USDT @ 1787122980
[replaying   3%] replaying BTC-USDT @ 1787123040
[replaying   3%] replaying ETH-USDT @ 1787123040
[replaying   3%] replaying BTC-USDT @ 1787123100
[replaying   3%] replaying ETH-USDT @ 1787123100
[replaying   3%] replaying BTC-USDT @ 1787123160
[replaying   3%] replaying ETH-USDT @ 1787123160
[replaying   3%] replaying BTC-USDT @ 1787123220
[replaying   3%] replaying ETH-USDT @ 1787123220
[replaying   3%] replaying BTC-USDT @ 1787123280
[replaying   3%] replaying ETH-USDT @ 1787123280
[replaying   3%] replaying BTC-USDT @ 1787123340
[replaying   3%] replaying ETH-USDT @ 1787123340
[replaying   3%] replaying BTC-USDT @ 1787123400
[replaying   3%] replaying ETH-USDT @ 1787123400
[replaying   3%] replaying BTC-USDT @ 1787123460
[replaying   3%] replaying ETH-USDT @ 1787123460
[replaying   3%] replaying BTC-USDT @ 1787123520
[replaying   3%] replaying ETH-USDT @ 1787123520
[replaying   3%] replaying BTC-USDT @ 1787123580
[replaying   3%] replaying ETH-USDT @ 1787123580
[replaying   3%] replaying BTC-USDT @ 1787123640
[replaying   3%] replaying ETH-USDT @ 1787123640
[replaying   3%] replaying BTC-USDT @ 1787123700
[replaying   3%] replaying ETH-USDT @ 1787123700
[replaying   3%] replaying BTC-USDT @ 1787123760
[replaying   3%] replaying ETH-USDT @ 1787123760
[replaying   3%] replaying BTC-USDT @ 1787123820
[replaying   3%] replaying ETH-USDT @ 1787123820
[replaying   3%] replaying BTC-USDT @ 1787123880
[replaying   3%] replaying ETH-USDT @ 1787123880
[replaying   3%] replaying BTC-USDT @ 1787123940
[replaying   3%] replaying ETH-USDT @ 1787123940
[replaying   3%] replaying BTC-USDT @ 1787124000
[replaying   3%] replaying ETH-USDT @ 1787124000
[replaying   3%] replaying BTC-USDT @ 1787124060
[replaying   3%] replaying ETH-USDT @ 1787124060
[replaying   3%] replaying BTC-USDT @ 1787124120
[replaying   3%] replaying ETH-USDT @ 1787124120
[replaying   3%] replaying BTC-USDT @ 1787124180
[replaying   4%] replaying ETH-USDT @ 1787124180
[replaying   4%] replaying BTC-USDT @ 1787124240
[replaying   4%] replaying ETH-USDT @ 1787124240
[replaying   4%] replaying BTC-USDT @ 1787124300
[replaying   4%] replaying ETH-USDT @ 1787124300
[replaying   4%] replaying BTC-USDT @ 1787124360
[replaying   4%] replaying ETH-USDT @ 1787124360
[replaying   4%] replaying BTC-USDT @ 1787124420
[replaying   4%] replaying ETH-USDT @ 1787124420
[replaying   4%] replaying BTC-USDT @ 1787124480
[replaying   4%] replaying ETH-USDT @ 1787124480
[replaying   4%] replaying BTC-USDT @ 1787124540
[replaying   4%] replaying ETH-USDT @ 1787124540
[replaying   4%] replaying BTC-USDT @ 1787124600
[replaying   4%] replaying ETH-USDT @ 1787124600
[replaying   4%] replaying BTC-USDT @ 1787124660
[replaying   4%] replaying ETH-USDT @ 1787124660
[replaying   4%] replaying BTC-USDT @ 1787124720
[replaying   4%] replaying ETH-USDT @ 1787124720
[replaying   4%] replaying BTC-USDT @ 1787124780
[replaying   4%] replaying ETH-USDT @ 1787124780
[replaying   4%] replaying BTC-USDT @ 1787124840
[replaying   4%] replaying ETH-USDT @ 1787124840
[replaying   4%] replaying BTC-USDT @ 1787124900
[replaying   4%] replaying ETH-USDT @ 1787124900
[replaying   4%] replaying BTC-USDT @ 1787124960
[replaying   4%] replaying ETH-USDT @ 1787124960
[replaying   4%] replaying BTC-USDT @ 1787125020
[replaying   4%] replaying ETH-USDT @ 1787125020
[replaying   4%] replaying BTC-USDT @ 1787125080
[replaying   4%] replaying ETH-USDT @ 1787125080
[replaying   4%] replaying BTC-USDT @ 1787125140
[replaying   4%] replaying ETH-USDT @ 1787125140
[replaying   4%] replaying BTC-USDT @ 1787125200
[replaying   4%] replaying ETH-USDT @ 1787125200
[replaying   4%] replaying BTC-USDT @ 1787125260
[replaying   4%] replaying ETH-USDT @ 1787125260
[replaying   4%] replaying BTC-USDT @ 1787125320
[replaying   4%] replaying ETH-USDT @ 1787125320
[replaying   4%] replaying BTC-USDT @ 1787125380
[replaying   4%] replaying ETH-USDT @ 1787125380
[replaying   4%] replaying BTC-USDT @ 1787125440
[replaying   4%] replaying ETH-USDT @ 1787125440
[replaying   4%] replaying BTC-USDT @ 1787125500
[replaying   4%] replaying ETH-USDT @ 1787125500
[replaying   4%] replaying BTC-USDT @ 1787125560
[replaying   4%] replaying ETH-USDT @ 1787125560
[replaying   4%] replaying BTC-USDT @ 1787125620
[replaying   4%] replaying ETH-USDT @ 1787125620
[replaying   4%] replaying BTC-USDT @ 1787125680
[replaying   4%] replaying ETH-USDT @ 1787125680
[replaying   4%] replaying BTC-USDT @ 1787125740
[replaying   4%] replaying ETH-USDT @ 1787125740
[replaying   4%] replaying BTC-USDT @ 1787125800
[replaying   4%] replaying ETH-USDT @ 1787125800
[replaying   4%] replaying BTC-USDT @ 1787125860
[replaying   4%] replaying ETH-USDT @ 1787125860
[replaying   4%] replaying BTC-USDT @ 1787125920
[replaying   4%] replaying ETH-USDT @ 1787125920
[replaying   4%] replaying BTC-USDT @ 1787125980
[replaying   4%] replaying ETH-USDT @ 1787125980
[replaying   4%] replaying BTC-USDT @ 1787126040
[replaying   4%] replaying ETH-USDT @ 1787126040
[replaying   4%] replaying BTC-USDT @ 1787126100
[replaying   4%] replaying ETH-USDT @ 1787126100
[replaying   4%] replaying BTC-USDT @ 1787126160
[replaying   4%] replaying ETH-USDT @ 1787126160
[replaying   4%] replaying BTC-USDT @ 1787126220
[replaying   4%] replaying ETH-USDT @ 1787126220
[replaying   4%] replaying BTC-USDT @ 1787126280
[replaying   4%] replaying ETH-USDT @ 1787126280
[replaying   4%] replaying BTC-USDT @ 1787126340
[replaying   4%] replaying ETH-USDT @ 1787126340
[replaying   4%] replaying BTC-USDT @ 1787126400
💰 FUNDING: Settlement applied — -0.0099985785777517619075909449 (rate=0.0100%)
[replaying   4%] replaying ETH-USDT @ 1787126400
[replaying   4%] replaying BTC-USDT @ 1787126460
[replaying   4%] replaying ETH-USDT @ 1787126460
[replaying   4%] replaying BTC-USDT @ 1787126520
[replaying   4%] replaying ETH-USDT @ 1787126520
[replaying   4%] replaying BTC-USDT @ 1787126580
[replaying   4%] replaying ETH-USDT @ 1787126580
[replaying   4%] replaying BTC-USDT @ 1787126640
[replaying   4%] replaying ETH-USDT @ 1787126640
[replaying   4%] replaying BTC-USDT @ 1787126700
[replaying   4%] replaying ETH-USDT @ 1787126700
[replaying   4%] replaying BTC-USDT @ 1787126760
[replaying   4%] replaying ETH-USDT @ 1787126760
[replaying   4%] replaying BTC-USDT @ 1787126820
[replaying   4%] replaying ETH-USDT @ 1787126820
[replaying   4%] replaying BTC-USDT @ 1787126880
[replaying   4%] replaying ETH-USDT @ 1787126880
[replaying   4%] replaying BTC-USDT @ 1787126940
[replaying   4%] replaying ETH-USDT @ 1787126940
[replaying   4%] replaying BTC-USDT @ 1787127000
[replaying   4%] replaying ETH-USDT @ 1787127000
[replaying   4%] replaying BTC-USDT @ 1787127060
[replaying   4%] replaying ETH-USDT @ 1787127060
[replaying   4%] replaying BTC-USDT @ 1787127120
[replaying   4%] replaying ETH-USDT @ 1787127120
[replaying   4%] replaying BTC-USDT @ 1787127180
[replaying   4%] replaying ETH-USDT @ 1787127180
[replaying   4%] replaying BTC-USDT @ 1787127240
[replaying   4%] replaying ETH-USDT @ 1787127240
[replaying   4%] replaying BTC-USDT @ 1787127300
[replaying   4%] replaying ETH-USDT @ 1787127300
[replaying   4%] replaying BTC-USDT @ 1787127360
[replaying   4%] replaying ETH-USDT @ 1787127360
[replaying   4%] replaying BTC-USDT @ 1787127420
[replaying   4%] replaying ETH-USDT @ 1787127420
[replaying   4%] replaying BTC-USDT @ 1787127480
[replaying   4%] replaying ETH-USDT @ 1787127480
[replaying   4%] replaying BTC-USDT @ 1787127540
[replaying   5%] replaying ETH-USDT @ 1787127540
[replaying   5%] replaying BTC-USDT @ 1787127600
[replaying   5%] replaying ETH-USDT @ 1787127600
[replaying   5%] replaying BTC-USDT @ 1787127660
[replaying   5%] replaying ETH-USDT @ 1787127660
[replaying   5%] replaying BTC-USDT @ 1787127720
[replaying   5%] replaying ETH-USDT @ 1787127720
[replaying   5%] replaying BTC-USDT @ 1787127780
[replaying   5%] replaying ETH-USDT @ 1787127780
[replaying   5%] replaying BTC-USDT @ 1787127840
[replaying   5%] replaying ETH-USDT @ 1787127840
[replaying   5%] replaying BTC-USDT @ 1787127900
[replaying   5%] replaying ETH-USDT @ 1787127900
[replaying   5%] replaying BTC-USDT @ 1787127960
[replaying   5%] replaying ETH-USDT @ 1787127960
[replaying   5%] replaying BTC-USDT @ 1787128020
[replaying   5%] replaying ETH-USDT @ 1787128020
[replaying   5%] replaying BTC-USDT @ 1787128080
[replaying   5%] replaying ETH-USDT @ 1787128080
[replaying   5%] replaying BTC-USDT @ 1787128140
[replaying   5%] replaying ETH-USDT @ 1787128140
[replaying   5%] replaying BTC-USDT @ 1787128200
[replaying   5%] replaying ETH-USDT @ 1787128200
[replaying   5%] replaying BTC-USDT @ 1787128260
[replaying   5%] replaying ETH-USDT @ 1787128260
[replaying   5%] replaying BTC-USDT @ 1787128320
[replaying   5%] replaying ETH-USDT @ 1787128320
[replaying   5%] replaying BTC-USDT @ 1787128380
[replaying   5%] replaying ETH-USDT @ 1787128380
[replaying   5%] replaying BTC-USDT @ 1787128440
[replaying   5%] replaying ETH-USDT @ 1787128440
[replaying   5%] replaying BTC-USDT @ 1787128500
[replaying   5%] replaying ETH-USDT @ 1787128500
[replaying   5%] replaying BTC-USDT @ 1787128560
[replaying   5%] replaying ETH-USDT @ 1787128560
[replaying   5%] replaying BTC-USDT @ 1787128620
[replaying   5%] replaying ETH-USDT @ 1787128620
[replaying   5%] replaying BTC-USDT @ 1787128680
[replaying   5%] replaying ETH-USDT @ 1787128680
[replaying   5%] replaying BTC-USDT @ 1787128740
[replaying   5%] replaying ETH-USDT @ 1787128740
[replaying   5%] replaying BTC-USDT @ 1787128800
[replaying   5%] replaying ETH-USDT @ 1787128800
[replaying   5%] replaying BTC-USDT @ 1787128860
[replaying   5%] replaying ETH-USDT @ 1787128860
[replaying   5%] replaying BTC-USDT @ 1787128920
[replaying   5%] replaying ETH-USDT @ 1787128920
[replaying   5%] replaying BTC-USDT @ 1787128980
[replaying   5%] replaying ETH-USDT @ 1787128980
[replaying   5%] replaying BTC-USDT @ 1787129040
[replaying   5%] replaying ETH-USDT @ 1787129040
[replaying   5%] replaying BTC-USDT @ 1787129100
[replaying   5%] replaying ETH-USDT @ 1787129100
[replaying   5%] replaying BTC-USDT @ 1787129160
[replaying   5%] replaying ETH-USDT @ 1787129160
[replaying   5%] replaying BTC-USDT @ 1787129220
[replaying   5%] replaying ETH-USDT @ 1787129220
[replaying   5%] replaying BTC-USDT @ 1787129280
[replaying   5%] replaying ETH-USDT @ 1787129280
[replaying   5%] replaying BTC-USDT @ 1787129340
[replaying   5%] replaying ETH-USDT @ 1787129340
[replaying   5%] replaying BTC-USDT @ 1787129400
[replaying   5%] replaying ETH-USDT @ 1787129400
[replaying   5%] replaying BTC-USDT @ 1787129460
[replaying   5%] replaying ETH-USDT @ 1787129460
[replaying   5%] replaying BTC-USDT @ 1787129520
[replaying   5%] replaying ETH-USDT @ 1787129520
[replaying   5%] replaying BTC-USDT @ 1787129580
[replaying   5%] replaying ETH-USDT @ 1787129580
[replaying   5%] replaying BTC-USDT @ 1787129640
[replaying   5%] replaying ETH-USDT @ 1787129640
[replaying   5%] replaying BTC-USDT @ 1787129700
[replaying   5%] replaying ETH-USDT @ 1787129700
[replaying   5%] replaying BTC-USDT @ 1787129760
[replaying   5%] replaying ETH-USDT @ 1787129760
[replaying   5%] replaying BTC-USDT @ 1787129820
[replaying   5%] replaying ETH-USDT @ 1787129820
[replaying   5%] replaying BTC-USDT @ 1787129880
[replaying   5%] replaying ETH-USDT @ 1787129880
[replaying   5%] replaying BTC-USDT @ 1787129940
[replaying   5%] replaying ETH-USDT @ 1787129940
[replaying   5%] replaying BTC-USDT @ 1787130000
[replaying   5%] replaying ETH-USDT @ 1787130000
[replaying   5%] replaying BTC-USDT @ 1787130060
[replaying   5%] replaying ETH-USDT @ 1787130060
[replaying   5%] replaying BTC-USDT @ 1787130120
[replaying   5%] replaying ETH-USDT @ 1787130120
[replaying   5%] replaying BTC-USDT @ 1787130180
[replaying   5%] replaying ETH-USDT @ 1787130180
[replaying   5%] replaying BTC-USDT @ 1787130240
[replaying   5%] replaying ETH-USDT @ 1787130240
[replaying   5%] replaying BTC-USDT @ 1787130300
[replaying   5%] replaying ETH-USDT @ 1787130300
[replaying   5%] replaying BTC-USDT @ 1787130360
[replaying   5%] replaying ETH-USDT @ 1787130360
[replaying   5%] replaying BTC-USDT @ 1787130420
[replaying   5%] replaying ETH-USDT @ 1787130420
[replaying   5%] replaying BTC-USDT @ 1787130480
[replaying   5%] replaying ETH-USDT @ 1787130480
[replaying   5%] replaying BTC-USDT @ 1787130540
[replaying   5%] replaying ETH-USDT @ 1787130540
[replaying   5%] replaying BTC-USDT @ 1787130600
[replaying   5%] replaying ETH-USDT @ 1787130600
[replaying   5%] replaying BTC-USDT @ 1787130660
[replaying   5%] replaying ETH-USDT @ 1787130660
[replaying   5%] replaying BTC-USDT @ 1787130720
[replaying   5%] replaying ETH-USDT @ 1787130720
[replaying   5%] replaying BTC-USDT @ 1787130780
[replaying   5%] replaying ETH-USDT @ 1787130780
[replaying   5%] replaying BTC-USDT @ 1787130840
[replaying   5%] replaying ETH-USDT @ 1787130840
[replaying   6%] replaying BTC-USDT @ 1787130900
[replaying   6%] replaying ETH-USDT @ 1787130900
[replaying   6%] replaying BTC-USDT @ 1787130960
[replaying   6%] replaying ETH-USDT @ 1787130960
[replaying   6%] replaying BTC-USDT @ 1787131020
[replaying   6%] replaying ETH-USDT @ 1787131020
[replaying   6%] replaying BTC-USDT @ 1787131080
[replaying   6%] replaying ETH-USDT @ 1787131080
[replaying   6%] replaying BTC-USDT @ 1787131140
[replaying   6%] replaying ETH-USDT @ 1787131140
[replaying   6%] replaying BTC-USDT @ 1787131200
[replaying   6%] replaying ETH-USDT @ 1787131200
[replaying   6%] replaying BTC-USDT @ 1787131260
[replaying   6%] replaying ETH-USDT @ 1787131260
[replaying   6%] replaying BTC-USDT @ 1787131320
[replaying   6%] replaying ETH-USDT @ 1787131320
[replaying   6%] replaying BTC-USDT @ 1787131380
[replaying   6%] replaying ETH-USDT @ 1787131380
[replaying   6%] replaying BTC-USDT @ 1787131440
[replaying   6%] replaying ETH-USDT @ 1787131440
[replaying   6%] replaying BTC-USDT @ 1787131500
[replaying   6%] replaying ETH-USDT @ 1787131500
[replaying   6%] replaying BTC-USDT @ 1787131560
[replaying   6%] replaying ETH-USDT @ 1787131560
[replaying   6%] replaying BTC-USDT @ 1787131620
[replaying   6%] replaying ETH-USDT @ 1787131620
[replaying   6%] replaying BTC-USDT @ 1787131680
[replaying   6%] replaying ETH-USDT @ 1787131680
[replaying   6%] replaying BTC-USDT @ 1787131740
[replaying   6%] replaying ETH-USDT @ 1787131740
[replaying   6%] replaying BTC-USDT @ 1787131800
[replaying   6%] replaying ETH-USDT @ 1787131800
[replaying   6%] replaying BTC-USDT @ 1787131860
[replaying   6%] replaying ETH-USDT @ 1787131860
[replaying   6%] replaying BTC-USDT @ 1787131920
[replaying   6%] replaying ETH-USDT @ 1787131920
[replaying   6%] replaying BTC-USDT @ 1787131980
[replaying   6%] replaying ETH-USDT @ 1787131980
[replaying   6%] replaying BTC-USDT @ 1787132040
[replaying   6%] replaying ETH-USDT @ 1787132040
[replaying   6%] replaying BTC-USDT @ 1787132100
[replaying   6%] replaying ETH-USDT @ 1787132100
[replaying   6%] replaying BTC-USDT @ 1787132160
[replaying   6%] replaying ETH-USDT @ 1787132160
[replaying   6%] replaying BTC-USDT @ 1787132220
[replaying   6%] replaying ETH-USDT @ 1787132220
[replaying   6%] replaying BTC-USDT @ 1787132280
[replaying   6%] replaying ETH-USDT @ 1787132280
[replaying   6%] replaying BTC-USDT @ 1787132340
[replaying   6%] replaying ETH-USDT @ 1787132340
[replaying   6%] replaying BTC-USDT @ 1787132400
[replaying   6%] replaying ETH-USDT @ 1787132400
[replaying   6%] replaying BTC-USDT @ 1787132460
[replaying   6%] replaying ETH-USDT @ 1787132460
[replaying   6%] replaying BTC-USDT @ 1787132520
[replaying   6%] replaying ETH-USDT @ 1787132520
[replaying   6%] replaying BTC-USDT @ 1787132580
[replaying   6%] replaying ETH-USDT @ 1787132580
[replaying   6%] replaying BTC-USDT @ 1787132640
[replaying   6%] replaying ETH-USDT @ 1787132640
[replaying   6%] replaying BTC-USDT @ 1787132700
[replaying   6%] replaying ETH-USDT @ 1787132700
[replaying   6%] replaying BTC-USDT @ 1787132760
[replaying   6%] replaying ETH-USDT @ 1787132760
[replaying   6%] replaying BTC-USDT @ 1787132820
[replaying   6%] replaying ETH-USDT @ 1787132820
[replaying   6%] replaying BTC-USDT @ 1787132880
[replaying   6%] replaying ETH-USDT @ 1787132880
[replaying   6%] replaying BTC-USDT @ 1787132940
[replaying   6%] replaying ETH-USDT @ 1787132940
[replaying   6%] replaying BTC-USDT @ 1787133000
[replaying   6%] replaying ETH-USDT @ 1787133000
[replaying   6%] replaying BTC-USDT @ 1787133060
[replaying   6%] replaying ETH-USDT @ 1787133060
[replaying   6%] replaying BTC-USDT @ 1787133120
[replaying   6%] replaying ETH-USDT @ 1787133120
[replaying   6%] replaying BTC-USDT @ 1787133180
[replaying   6%] replaying ETH-USDT @ 1787133180
[replaying   6%] replaying BTC-USDT @ 1787133240
[replaying   6%] replaying ETH-USDT @ 1787133240
[replaying   6%] replaying BTC-USDT @ 1787133300
[replaying   6%] replaying ETH-USDT @ 1787133300
[replaying   6%] replaying BTC-USDT @ 1787133360
[replaying   6%] replaying ETH-USDT @ 1787133360
[replaying   6%] replaying BTC-USDT @ 1787133420
[replaying   6%] replaying ETH-USDT @ 1787133420
[replaying   6%] replaying BTC-USDT @ 1787133480
[replaying   6%] replaying ETH-USDT @ 1787133480
[replaying   6%] replaying BTC-USDT @ 1787133540
[replaying   6%] replaying ETH-USDT @ 1787133540
[replaying   6%] replaying BTC-USDT @ 1787133600
[replaying   6%] replaying ETH-USDT @ 1787133600
[replaying   6%] replaying BTC-USDT @ 1787133660
[replaying   6%] replaying ETH-USDT @ 1787133660
[replaying   6%] replaying BTC-USDT @ 1787133720
[replaying   6%] replaying ETH-USDT @ 1787133720
[replaying   6%] replaying BTC-USDT @ 1787133780
[replaying   6%] replaying ETH-USDT @ 1787133780
[replaying   6%] replaying BTC-USDT @ 1787133840
[replaying   6%] replaying ETH-USDT @ 1787133840
[replaying   6%] replaying BTC-USDT @ 1787133900
[replaying   6%] replaying ETH-USDT @ 1787133900
[replaying   6%] replaying BTC-USDT @ 1787133960
[replaying   6%] replaying ETH-USDT @ 1787133960
[replaying   6%] replaying BTC-USDT @ 1787134020
[replaying   6%] replaying ETH-USDT @ 1787134020
[replaying   6%] replaying BTC-USDT @ 1787134080
[replaying   6%] replaying ETH-USDT @ 1787134080
[replaying   6%] replaying BTC-USDT @ 1787134140
[replaying   6%] replaying ETH-USDT @ 1787134140
[replaying   6%] replaying BTC-USDT @ 1787134200
[replaying   7%] replaying ETH-USDT @ 1787134200
[replaying   7%] replaying BTC-USDT @ 1787134260
[replaying   7%] replaying ETH-USDT @ 1787134260
[replaying   7%] replaying BTC-USDT @ 1787134320
[replaying   7%] replaying ETH-USDT @ 1787134320
[replaying   7%] replaying BTC-USDT @ 1787134380
[replaying   7%] replaying ETH-USDT @ 1787134380
[replaying   7%] replaying BTC-USDT @ 1787134440
[replaying   7%] replaying ETH-USDT @ 1787134440
[replaying   7%] replaying BTC-USDT @ 1787134500
[replaying   7%] replaying ETH-USDT @ 1787134500
[replaying   7%] replaying BTC-USDT @ 1787134560
[replaying   7%] replaying ETH-USDT @ 1787134560
[replaying   7%] replaying BTC-USDT @ 1787134620
[replaying   7%] replaying ETH-USDT @ 1787134620
[replaying   7%] replaying BTC-USDT @ 1787134680
[replaying   7%] replaying ETH-USDT @ 1787134680
[replaying   7%] replaying BTC-USDT @ 1787134740
[replaying   7%] replaying ETH-USDT @ 1787134740
[replaying   7%] replaying BTC-USDT @ 1787134800
[replaying   7%] replaying ETH-USDT @ 1787134800
[replaying   7%] replaying BTC-USDT @ 1787134860
[replaying   7%] replaying ETH-USDT @ 1787134860
[replaying   7%] replaying BTC-USDT @ 1787134920
[replaying   7%] replaying ETH-USDT @ 1787134920
[replaying   7%] replaying BTC-USDT @ 1787134980
[replaying   7%] replaying ETH-USDT @ 1787134980
[replaying   7%] replaying BTC-USDT @ 1787135040
[replaying   7%] replaying ETH-USDT @ 1787135040
[replaying   7%] replaying BTC-USDT @ 1787135100
[replaying   7%] replaying ETH-USDT @ 1787135100
[replaying   7%] replaying BTC-USDT @ 1787135160
[replaying   7%] replaying ETH-USDT @ 1787135160
[replaying   7%] replaying BTC-USDT @ 1787135220
[replaying   7%] replaying ETH-USDT @ 1787135220
[replaying   7%] replaying BTC-USDT @ 1787135280
[replaying   7%] replaying ETH-USDT @ 1787135280
[replaying   7%] replaying BTC-USDT @ 1787135340
[replaying   7%] replaying ETH-USDT @ 1787135340
[replaying   7%] replaying BTC-USDT @ 1787135400
[replaying   7%] replaying ETH-USDT @ 1787135400
[replaying   7%] replaying BTC-USDT @ 1787135460
[replaying   7%] replaying ETH-USDT @ 1787135460
[replaying   7%] replaying BTC-USDT @ 1787135520
[replaying   7%] replaying ETH-USDT @ 1787135520
[replaying   7%] replaying BTC-USDT @ 1787135580
[replaying   7%] replaying ETH-USDT @ 1787135580
[replaying   7%] replaying BTC-USDT @ 1787135640
[replaying   7%] replaying ETH-USDT @ 1787135640
[replaying   7%] replaying BTC-USDT @ 1787135700
[replaying   7%] replaying ETH-USDT @ 1787135700
[replaying   7%] replaying BTC-USDT @ 1787135760
[replaying   7%] replaying ETH-USDT @ 1787135760
[replaying   7%] replaying BTC-USDT @ 1787135820
[replaying   7%] replaying ETH-USDT @ 1787135820
[replaying   7%] replaying BTC-USDT @ 1787135880
[replaying   7%] replaying ETH-USDT @ 1787135880
[replaying   7%] replaying BTC-USDT @ 1787135940
[replaying   7%] replaying ETH-USDT @ 1787135940
[replaying   7%] replaying BTC-USDT @ 1787136000
[replaying   7%] replaying ETH-USDT @ 1787136000
[replaying   7%] replaying BTC-USDT @ 1787136060
[replaying   7%] replaying ETH-USDT @ 1787136060
[replaying   7%] replaying BTC-USDT @ 1787136120
[replaying   7%] replaying ETH-USDT @ 1787136120
[replaying   7%] replaying BTC-USDT @ 1787136180
[replaying   7%] replaying ETH-USDT @ 1787136180
[replaying   7%] replaying BTC-USDT @ 1787136240
[replaying   7%] replaying ETH-USDT @ 1787136240
[replaying   7%] replaying BTC-USDT @ 1787136300
[replaying   7%] replaying ETH-USDT @ 1787136300
[replaying   7%] replaying BTC-USDT @ 1787136360
[replaying   7%] replaying ETH-USDT @ 1787136360
[replaying   7%] replaying BTC-USDT @ 1787136420
[replaying   7%] replaying ETH-USDT @ 1787136420
[replaying   7%] replaying BTC-USDT @ 1787136480
[replaying   7%] replaying ETH-USDT @ 1787136480
[replaying   7%] replaying BTC-USDT @ 1787136540
[replaying   7%] replaying ETH-USDT @ 1787136540
[replaying   7%] replaying BTC-USDT @ 1787136600
[replaying   7%] replaying ETH-USDT @ 1787136600
[replaying   7%] replaying BTC-USDT @ 1787136660
[replaying   7%] replaying ETH-USDT @ 1787136660
[replaying   7%] replaying BTC-USDT @ 1787136720
[replaying   7%] replaying ETH-USDT @ 1787136720
[replaying   7%] replaying BTC-USDT @ 1787136780
[replaying   7%] replaying ETH-USDT @ 1787136780
[replaying   7%] replaying BTC-USDT @ 1787136840
[replaying   7%] replaying ETH-USDT @ 1787136840
[replaying   7%] replaying BTC-USDT @ 1787136900
[replaying   7%] replaying ETH-USDT @ 1787136900
[replaying   7%] replaying BTC-USDT @ 1787136960
[replaying   7%] replaying ETH-USDT @ 1787136960
[replaying   7%] replaying BTC-USDT @ 1787137020
[replaying   7%] replaying ETH-USDT @ 1787137020
[replaying   7%] replaying BTC-USDT @ 1787137080
[replaying   7%] replaying ETH-USDT @ 1787137080
[replaying   7%] replaying BTC-USDT @ 1787137140
[replaying   7%] replaying ETH-USDT @ 1787137140
[replaying   7%] replaying BTC-USDT @ 1787137200
[replaying   7%] replaying ETH-USDT @ 1787137200
[replaying   7%] replaying BTC-USDT @ 1787137260
[replaying   7%] replaying ETH-USDT @ 1787137260
[replaying   7%] replaying BTC-USDT @ 1787137320
[replaying   7%] replaying ETH-USDT @ 1787137320
[replaying   7%] replaying BTC-USDT @ 1787137380
[replaying   7%] replaying ETH-USDT @ 1787137380
[replaying   7%] replaying BTC-USDT @ 1787137440
[replaying   7%] replaying ETH-USDT @ 1787137440
[replaying   7%] replaying BTC-USDT @ 1787137500
[replaying   7%] replaying ETH-USDT @ 1787137500
[replaying   7%] replaying BTC-USDT @ 1787137560
[replaying   8%] replaying ETH-USDT @ 1787137560
[replaying   8%] replaying BTC-USDT @ 1787137620
[replaying   8%] replaying ETH-USDT @ 1787137620
[replaying   8%] replaying BTC-USDT @ 1787137680
[replaying   8%] replaying ETH-USDT @ 1787137680
[replaying   8%] replaying BTC-USDT @ 1787137740
[replaying   8%] replaying ETH-USDT @ 1787137740
[replaying   8%] replaying BTC-USDT @ 1787137800
[replaying   8%] replaying ETH-USDT @ 1787137800
[replaying   8%] replaying BTC-USDT @ 1787137860
[replaying   8%] replaying ETH-USDT @ 1787137860
[replaying   8%] replaying BTC-USDT @ 1787137920
[replaying   8%] replaying ETH-USDT @ 1787137920
[replaying   8%] replaying BTC-USDT @ 1787137980
[replaying   8%] replaying ETH-USDT @ 1787137980
[replaying   8%] replaying BTC-USDT @ 1787138040
[replaying   8%] replaying ETH-USDT @ 1787138040
[replaying   8%] replaying BTC-USDT @ 1787138100
[replaying   8%] replaying ETH-USDT @ 1787138100
[replaying   8%] replaying BTC-USDT @ 1787138160
[replaying   8%] replaying ETH-USDT @ 1787138160
[replaying   8%] replaying BTC-USDT @ 1787138220
[replaying   8%] replaying ETH-USDT @ 1787138220
[replaying   8%] replaying BTC-USDT @ 1787138280
[replaying   8%] replaying ETH-USDT @ 1787138280
[replaying   8%] replaying BTC-USDT @ 1787138340
[replaying   8%] replaying ETH-USDT @ 1787138340
[replaying   8%] replaying BTC-USDT @ 1787138400
[replaying   8%] replaying ETH-USDT @ 1787138400
[replaying   8%] replaying BTC-USDT @ 1787138460
[replaying   8%] replaying ETH-USDT @ 1787138460
[replaying   8%] replaying BTC-USDT @ 1787138520
[replaying   8%] replaying ETH-USDT @ 1787138520
[replaying   8%] replaying BTC-USDT @ 1787138580
[replaying   8%] replaying ETH-USDT @ 1787138580
[replaying   8%] replaying BTC-USDT @ 1787138640
[replaying   8%] replaying ETH-USDT @ 1787138640
[replaying   8%] replaying BTC-USDT @ 1787138700
[replaying   8%] replaying ETH-USDT @ 1787138700
[replaying   8%] replaying BTC-USDT @ 1787138760
[replaying   8%] replaying ETH-USDT @ 1787138760
[replaying   8%] replaying BTC-USDT @ 1787138820
[replaying   8%] replaying ETH-USDT @ 1787138820
[replaying   8%] replaying BTC-USDT @ 1787138880
[replaying   8%] replaying ETH-USDT @ 1787138880
[replaying   8%] replaying BTC-USDT @ 1787138940
[replaying   8%] replaying ETH-USDT @ 1787138940
[replaying   8%] replaying BTC-USDT @ 1787139000
[replaying   8%] replaying ETH-USDT @ 1787139000
[replaying   8%] replaying BTC-USDT @ 1787139060
[replaying   8%] replaying ETH-USDT @ 1787139060
[replaying   8%] replaying BTC-USDT @ 1787139120
[replaying   8%] replaying ETH-USDT @ 1787139120
[replaying   8%] replaying BTC-USDT @ 1787139180
[replaying   8%] replaying ETH-USDT @ 1787139180
[replaying   8%] replaying BTC-USDT @ 1787139240
[replaying   8%] replaying ETH-USDT @ 1787139240
[replaying   8%] replaying BTC-USDT @ 1787139300
[replaying   8%] replaying ETH-USDT @ 1787139300
[replaying   8%] replaying BTC-USDT @ 1787139360
[replaying   8%] replaying ETH-USDT @ 1787139360
[replaying   8%] replaying BTC-USDT @ 1787139420
[replaying   8%] replaying ETH-USDT @ 1787139420
[replaying   8%] replaying BTC-USDT @ 1787139480
[replaying   8%] replaying ETH-USDT @ 1787139480
[replaying   8%] replaying BTC-USDT @ 1787139540
[replaying   8%] replaying ETH-USDT @ 1787139540
[replaying   8%] replaying BTC-USDT @ 1787139600
[replaying   8%] replaying ETH-USDT @ 1787139600
[replaying   8%] replaying BTC-USDT @ 1787139660
[replaying   8%] replaying ETH-USDT @ 1787139660
[replaying   8%] replaying BTC-USDT @ 1787139720
[replaying   8%] replaying ETH-USDT @ 1787139720
[replaying   8%] replaying BTC-USDT @ 1787139780
[replaying   8%] replaying ETH-USDT @ 1787139780
[replaying   8%] replaying BTC-USDT @ 1787139840
[replaying   8%] replaying ETH-USDT @ 1787139840
[replaying   8%] replaying BTC-USDT @ 1787139900
[replaying   8%] replaying ETH-USDT @ 1787139900
[replaying   8%] replaying BTC-USDT @ 1787139960
[replaying   8%] replaying ETH-USDT @ 1787139960
[replaying   8%] replaying BTC-USDT @ 1787140020
[replaying   8%] replaying ETH-USDT @ 1787140020
[replaying   8%] replaying BTC-USDT @ 1787140080
[replaying   8%] replaying ETH-USDT @ 1787140080
[replaying   8%] replaying BTC-USDT @ 1787140140
[replaying   8%] replaying ETH-USDT @ 1787140140
[replaying   8%] replaying BTC-USDT @ 1787140200
[replaying   8%] replaying ETH-USDT @ 1787140200
[replaying   8%] replaying BTC-USDT @ 1787140260
[replaying   8%] replaying ETH-USDT @ 1787140260
[replaying   8%] replaying BTC-USDT @ 1787140320
[replaying   8%] replaying ETH-USDT @ 1787140320
[replaying   8%] replaying BTC-USDT @ 1787140380
[replaying   8%] replaying ETH-USDT @ 1787140380
[replaying   8%] replaying BTC-USDT @ 1787140440
[replaying   8%] replaying ETH-USDT @ 1787140440
[replaying   8%] replaying BTC-USDT @ 1787140500
[replaying   8%] replaying ETH-USDT @ 1787140500
[replaying   8%] replaying BTC-USDT @ 1787140560
[replaying   8%] replaying ETH-USDT @ 1787140560
[replaying   8%] replaying BTC-USDT @ 1787140620
[replaying   8%] replaying ETH-USDT @ 1787140620
[replaying   8%] replaying BTC-USDT @ 1787140680
[replaying   8%] replaying ETH-USDT @ 1787140680
[replaying   8%] replaying BTC-USDT @ 1787140740
[replaying   8%] replaying ETH-USDT @ 1787140740
[replaying   8%] replaying BTC-USDT @ 1787140800
[replaying   8%] replaying ETH-USDT @ 1787140800
[replaying   8%] replaying BTC-USDT @ 1787140860
[replaying   8%] replaying ETH-USDT @ 1787140860
[replaying   9%] replaying BTC-USDT @ 1787140920
[replaying   9%] replaying ETH-USDT @ 1787140920
[replaying   9%] replaying BTC-USDT @ 1787140980
[replaying   9%] replaying ETH-USDT @ 1787140980
[replaying   9%] replaying BTC-USDT @ 1787141040
[replaying   9%] replaying ETH-USDT @ 1787141040
[replaying   9%] replaying BTC-USDT @ 1787141100
[replaying   9%] replaying ETH-USDT @ 1787141100
[replaying   9%] replaying BTC-USDT @ 1787141160
[replaying   9%] replaying ETH-USDT @ 1787141160
[replaying   9%] replaying BTC-USDT @ 1787141220
[replaying   9%] replaying ETH-USDT @ 1787141220
[replaying   9%] replaying BTC-USDT @ 1787141280
[replaying   9%] replaying ETH-USDT @ 1787141280
[replaying   9%] replaying BTC-USDT @ 1787141340
[replaying   9%] replaying ETH-USDT @ 1787141340
[replaying   9%] replaying BTC-USDT @ 1787141400
[replaying   9%] replaying ETH-USDT @ 1787141400
[replaying   9%] replaying BTC-USDT @ 1787141460
[replaying   9%] replaying ETH-USDT @ 1787141460
[replaying   9%] replaying BTC-USDT @ 1787141520
[replaying   9%] replaying ETH-USDT @ 1787141520
[replaying   9%] replaying BTC-USDT @ 1787141580
[replaying   9%] replaying ETH-USDT @ 1787141580
[replaying   9%] replaying BTC-USDT @ 1787141640
[replaying   9%] replaying ETH-USDT @ 1787141640
[replaying   9%] replaying BTC-USDT @ 1787141700
[replaying   9%] replaying ETH-USDT @ 1787141700
[replaying   9%] replaying BTC-USDT @ 1787141760
[replaying   9%] replaying ETH-USDT @ 1787141760
[replaying   9%] replaying BTC-USDT @ 1787141820
[replaying   9%] replaying ETH-USDT @ 1787141820
[replaying   9%] replaying BTC-USDT @ 1787141880
[replaying   9%] replaying ETH-USDT @ 1787141880
[replaying   9%] replaying BTC-USDT @ 1787141940
[replaying   9%] replaying ETH-USDT @ 1787141940
[replaying   9%] replaying BTC-USDT @ 1787142000
[replaying   9%] replaying ETH-USDT @ 1787142000
[replaying   9%] replaying BTC-USDT @ 1787142060
[replaying   9%] replaying ETH-USDT @ 1787142060
[replaying   9%] replaying BTC-USDT @ 1787142120
[replaying   9%] replaying ETH-USDT @ 1787142120
[replaying   9%] replaying BTC-USDT @ 1787142180
[replaying   9%] replaying ETH-USDT @ 1787142180
[replaying   9%] replaying BTC-USDT @ 1787142240
[replaying   9%] replaying ETH-USDT @ 1787142240
[replaying   9%] replaying BTC-USDT @ 1787142300
[replaying   9%] replaying ETH-USDT @ 1787142300
[replaying   9%] replaying BTC-USDT @ 1787142360
[replaying   9%] replaying ETH-USDT @ 1787142360
[replaying   9%] replaying BTC-USDT @ 1787142420
[replaying   9%] replaying ETH-USDT @ 1787142420
[replaying   9%] replaying BTC-USDT @ 1787142480
[replaying   9%] replaying ETH-USDT @ 1787142480
[replaying   9%] replaying BTC-USDT @ 1787142540
[replaying   9%] replaying ETH-USDT @ 1787142540
[replaying   9%] replaying BTC-USDT @ 1787142600
[replaying   9%] replaying ETH-USDT @ 1787142600
[replaying   9%] replaying BTC-USDT @ 1787142660
[replaying   9%] replaying ETH-USDT @ 1787142660
[replaying   9%] replaying BTC-USDT @ 1787142720
[replaying   9%] replaying ETH-USDT @ 1787142720
[replaying   9%] replaying BTC-USDT @ 1787142780
[replaying   9%] replaying ETH-USDT @ 1787142780
[replaying   9%] replaying BTC-USDT @ 1787142840
[replaying   9%] replaying ETH-USDT @ 1787142840
[replaying   9%] replaying BTC-USDT @ 1787142900
[replaying   9%] replaying ETH-USDT @ 1787142900
[replaying   9%] replaying BTC-USDT @ 1787142960
[replaying   9%] replaying ETH-USDT @ 1787142960
[replaying   9%] replaying BTC-USDT @ 1787143020
[replaying   9%] replaying ETH-USDT @ 1787143020
[replaying   9%] replaying BTC-USDT @ 1787143080
[replaying   9%] replaying ETH-USDT @ 1787143080
[replaying   9%] replaying BTC-USDT @ 1787143140
[replaying   9%] replaying ETH-USDT @ 1787143140
[replaying   9%] replaying BTC-USDT @ 1787143200
[replaying   9%] replaying ETH-USDT @ 1787143200
[replaying   9%] replaying BTC-USDT @ 1787143260
[replaying   9%] replaying ETH-USDT @ 1787143260
[replaying   9%] replaying BTC-USDT @ 1787143320
[replaying   9%] replaying ETH-USDT @ 1787143320
[replaying   9%] replaying BTC-USDT @ 1787143380
[replaying   9%] replaying ETH-USDT @ 1787143380
[replaying   9%] replaying BTC-USDT @ 1787143440
[replaying   9%] replaying ETH-USDT @ 1787143440
[replaying   9%] replaying BTC-USDT @ 1787143500
[replaying   9%] replaying ETH-USDT @ 1787143500
[replaying   9%] replaying BTC-USDT @ 1787143560
[replaying   9%] replaying ETH-USDT @ 1787143560
[replaying   9%] replaying BTC-USDT @ 1787143620
[replaying   9%] replaying ETH-USDT @ 1787143620
[replaying   9%] replaying BTC-USDT @ 1787143680
[replaying   9%] replaying ETH-USDT @ 1787143680
[replaying   9%] replaying BTC-USDT @ 1787143740
[replaying   9%] replaying ETH-USDT @ 1787143740
[replaying   9%] replaying BTC-USDT @ 1787143800
[replaying   9%] replaying ETH-USDT @ 1787143800
[replaying   9%] replaying BTC-USDT @ 1787143860
[replaying   9%] replaying ETH-USDT @ 1787143860
[replaying   9%] replaying BTC-USDT @ 1787143920
[replaying   9%] replaying ETH-USDT @ 1787143920
[replaying   9%] replaying BTC-USDT @ 1787143980
[replaying   9%] replaying ETH-USDT @ 1787143980
[replaying   9%] replaying BTC-USDT @ 1787144040
[replaying   9%] replaying ETH-USDT @ 1787144040
[replaying   9%] replaying BTC-USDT @ 1787144100
[replaying   9%] replaying ETH-USDT @ 1787144100
[replaying   9%] replaying BTC-USDT @ 1787144160
[replaying   9%] replaying ETH-USDT @ 1787144160
[replaying   9%] replaying BTC-USDT @ 1787144220
[replaying  10%] replaying ETH-USDT @ 1787144220
[replaying  10%] replaying BTC-USDT @ 1787144280
[replaying  10%] replaying ETH-USDT @ 1787144280
[replaying  10%] replaying BTC-USDT @ 1787144340
[replaying  10%] replaying ETH-USDT @ 1787144340
[replaying  10%] replaying BTC-USDT @ 1787144400
[replaying  10%] replaying ETH-USDT @ 1787144400
[replaying  10%] replaying BTC-USDT @ 1787144460
[replaying  10%] replaying ETH-USDT @ 1787144460
[replaying  10%] replaying BTC-USDT @ 1787144520
[replaying  10%] replaying ETH-USDT @ 1787144520
[replaying  10%] replaying BTC-USDT @ 1787144580
[replaying  10%] replaying ETH-USDT @ 1787144580
[replaying  10%] replaying BTC-USDT @ 1787144640
[replaying  10%] replaying ETH-USDT @ 1787144640
[replaying  10%] replaying BTC-USDT @ 1787144700
[replaying  10%] replaying ETH-USDT @ 1787144700
[replaying  10%] replaying BTC-USDT @ 1787144760
[replaying  10%] replaying ETH-USDT @ 1787144760
[replaying  10%] replaying BTC-USDT @ 1787144820
[replaying  10%] replaying ETH-USDT @ 1787144820
[replaying  10%] replaying BTC-USDT @ 1787144880
[replaying  10%] replaying ETH-USDT @ 1787144880
[replaying  10%] replaying BTC-USDT @ 1787144940
[replaying  10%] replaying ETH-USDT @ 1787144940
[replaying  10%] replaying BTC-USDT @ 1787145000
[replaying  10%] replaying ETH-USDT @ 1787145000
[replaying  10%] replaying BTC-USDT @ 1787145060
[replaying  10%] replaying ETH-USDT @ 1787145060
[replaying  10%] replaying BTC-USDT @ 1787145120
[replaying  10%] replaying ETH-USDT @ 1787145120
[replaying  10%] replaying BTC-USDT @ 1787145180
[replaying  10%] replaying ETH-USDT @ 1787145180
[replaying  10%] replaying BTC-USDT @ 1787145240
[replaying  10%] replaying ETH-USDT @ 1787145240
[replaying  10%] replaying BTC-USDT @ 1787145300
[replaying  10%] replaying ETH-USDT @ 1787145300
[replaying  10%] replaying BTC-USDT @ 1787145360
[replaying  10%] replaying ETH-USDT @ 1787145360
[replaying  10%] replaying BTC-USDT @ 1787145420
[replaying  10%] replaying ETH-USDT @ 1787145420
[replaying  10%] replaying BTC-USDT @ 1787145480
[replaying  10%] replaying ETH-USDT @ 1787145480
[replaying  10%] replaying BTC-USDT @ 1787145540
[replaying  10%] replaying ETH-USDT @ 1787145540
[replaying  10%] replaying BTC-USDT @ 1787145600
[replaying  10%] replaying ETH-USDT @ 1787145600
[replaying  10%] replaying BTC-USDT @ 1787145660
[replaying  10%] replaying ETH-USDT @ 1787145660
[replaying  10%] replaying BTC-USDT @ 1787145720
[replaying  10%] replaying ETH-USDT @ 1787145720
[replaying  10%] replaying BTC-USDT @ 1787145780
[replaying  10%] replaying ETH-USDT @ 1787145780
[replaying  10%] replaying BTC-USDT @ 1787145840
[replaying  10%] replaying ETH-USDT @ 1787145840
[replaying  10%] replaying BTC-USDT @ 1787145900
[replaying  10%] replaying ETH-USDT @ 1787145900
[replaying  10%] replaying BTC-USDT @ 1787145960
[replaying  10%] replaying ETH-USDT @ 1787145960
[replaying  10%] replaying BTC-USDT @ 1787146020
[replaying  10%] replaying ETH-USDT @ 1787146020
[replaying  10%] replaying BTC-USDT @ 1787146080
[replaying  10%] replaying ETH-USDT @ 1787146080
[replaying  10%] replaying BTC-USDT @ 1787146140
[replaying  10%] replaying ETH-USDT @ 1787146140
[replaying  10%] replaying BTC-USDT @ 1787146200
[replaying  10%] replaying ETH-USDT @ 1787146200
[replaying  10%] replaying BTC-USDT @ 1787146260
[replaying  10%] replaying ETH-USDT @ 1787146260
[replaying  10%] replaying BTC-USDT @ 1787146320
[replaying  10%] replaying ETH-USDT @ 1787146320
[replaying  10%] replaying BTC-USDT @ 1787146380
[replaying  10%] replaying ETH-USDT @ 1787146380
[replaying  10%] replaying BTC-USDT @ 1787146440
[replaying  10%] replaying ETH-USDT @ 1787146440
[replaying  10%] replaying BTC-USDT @ 1787146500
[replaying  10%] replaying ETH-USDT @ 1787146500
[replaying  10%] replaying BTC-USDT @ 1787146560
[replaying  10%] replaying ETH-USDT @ 1787146560
[replaying  10%] replaying BTC-USDT @ 1787146620
[replaying  10%] replaying ETH-USDT @ 1787146620
[replaying  10%] replaying BTC-USDT @ 1787146680
[replaying  10%] replaying ETH-USDT @ 1787146680
[replaying  10%] replaying BTC-USDT @ 1787146740
[replaying  10%] replaying ETH-USDT @ 1787146740
[replaying  10%] replaying BTC-USDT @ 1787146800
[replaying  10%] replaying ETH-USDT @ 1787146800
[replaying  10%] replaying BTC-USDT @ 1787146860
[replaying  10%] replaying ETH-USDT @ 1787146860
[replaying  10%] replaying BTC-USDT @ 1787146920
[replaying  10%] replaying ETH-USDT @ 1787146920
[replaying  10%] replaying BTC-USDT @ 1787146980
[replaying  10%] replaying ETH-USDT @ 1787146980
[replaying  10%] replaying BTC-USDT @ 1787147040
[replaying  10%] replaying ETH-USDT @ 1787147040
[replaying  10%] replaying BTC-USDT @ 1787147100
[replaying  10%] replaying ETH-USDT @ 1787147100
[replaying  10%] replaying BTC-USDT @ 1787147160
[replaying  10%] replaying ETH-USDT @ 1787147160
[replaying  10%] replaying BTC-USDT @ 1787147220
[replaying  10%] replaying ETH-USDT @ 1787147220
[replaying  10%] replaying BTC-USDT @ 1787147280
[replaying  10%] replaying ETH-USDT @ 1787147280
[replaying  10%] replaying BTC-USDT @ 1787147340
[replaying  10%] replaying ETH-USDT @ 1787147340
[replaying  10%] replaying BTC-USDT @ 1787147400
[replaying  10%] replaying ETH-USDT @ 1787147400
[replaying  10%] replaying BTC-USDT @ 1787147460
[replaying  10%] replaying ETH-USDT @ 1787147460
[replaying  10%] replaying BTC-USDT @ 1787147520
[replaying  10%] replaying ETH-USDT @ 1787147520
[replaying  10%] replaying BTC-USDT @ 1787147580
[replaying  11%] replaying ETH-USDT @ 1787147580
[replaying  11%] replaying BTC-USDT @ 1787147640
[replaying  11%] replaying ETH-USDT @ 1787147640
[replaying  11%] replaying BTC-USDT @ 1787147700
[replaying  11%] replaying ETH-USDT @ 1787147700
[replaying  11%] replaying BTC-USDT @ 1787147760
[replaying  11%] replaying ETH-USDT @ 1787147760
[replaying  11%] replaying BTC-USDT @ 1787147820
[replaying  11%] replaying ETH-USDT @ 1787147820
[replaying  11%] replaying BTC-USDT @ 1787147880
[replaying  11%] replaying ETH-USDT @ 1787147880
[replaying  11%] replaying BTC-USDT @ 1787147940
[replaying  11%] replaying ETH-USDT @ 1787147940
[replaying  11%] replaying BTC-USDT @ 1787148000
[replaying  11%] replaying ETH-USDT @ 1787148000
[replaying  11%] replaying BTC-USDT @ 1787148060
[replaying  11%] replaying ETH-USDT @ 1787148060
[replaying  11%] replaying BTC-USDT @ 1787148120
[replaying  11%] replaying ETH-USDT @ 1787148120
[replaying  11%] replaying BTC-USDT @ 1787148180
[replaying  11%] replaying ETH-USDT @ 1787148180
[replaying  11%] replaying BTC-USDT @ 1787148240
[replaying  11%] replaying ETH-USDT @ 1787148240
[replaying  11%] replaying BTC-USDT @ 1787148300
[replaying  11%] replaying ETH-USDT @ 1787148300
[replaying  11%] replaying BTC-USDT @ 1787148360
[replaying  11%] replaying ETH-USDT @ 1787148360
[replaying  11%] replaying BTC-USDT @ 1787148420
[replaying  11%] replaying ETH-USDT @ 1787148420
[replaying  11%] replaying BTC-USDT @ 1787148480
[replaying  11%] replaying ETH-USDT @ 1787148480
[replaying  11%] replaying BTC-USDT @ 1787148540
[replaying  11%] replaying ETH-USDT @ 1787148540
[replaying  11%] replaying BTC-USDT @ 1787148600
[replaying  11%] replaying ETH-USDT @ 1787148600
[replaying  11%] replaying BTC-USDT @ 1787148660
[replaying  11%] replaying ETH-USDT @ 1787148660
[replaying  11%] replaying BTC-USDT @ 1787148720
[replaying  11%] replaying ETH-USDT @ 1787148720
[replaying  11%] replaying BTC-USDT @ 1787148780
[replaying  11%] replaying ETH-USDT @ 1787148780
[replaying  11%] replaying BTC-USDT @ 1787148840
[replaying  11%] replaying ETH-USDT @ 1787148840
[replaying  11%] replaying BTC-USDT @ 1787148900
[replaying  11%] replaying ETH-USDT @ 1787148900
[replaying  11%] replaying BTC-USDT @ 1787148960
[replaying  11%] replaying ETH-USDT @ 1787148960
[replaying  11%] replaying BTC-USDT @ 1787149020
[replaying  11%] replaying ETH-USDT @ 1787149020
[replaying  11%] replaying BTC-USDT @ 1787149080
[replaying  11%] replaying ETH-USDT @ 1787149080
[replaying  11%] replaying BTC-USDT @ 1787149140
[replaying  11%] replaying ETH-USDT @ 1787149140
[replaying  11%] replaying BTC-USDT @ 1787149200
[replaying  11%] replaying ETH-USDT @ 1787149200
[replaying  11%] replaying BTC-USDT @ 1787149260
[replaying  11%] replaying ETH-USDT @ 1787149260
[replaying  11%] replaying BTC-USDT @ 1787149320
[replaying  11%] replaying ETH-USDT @ 1787149320
[replaying  11%] replaying BTC-USDT @ 1787149380
[replaying  11%] replaying ETH-USDT @ 1787149380
[replaying  11%] replaying BTC-USDT @ 1787149440
[replaying  11%] replaying ETH-USDT @ 1787149440
[replaying  11%] replaying BTC-USDT @ 1787149500
[replaying  11%] replaying ETH-USDT @ 1787149500
[replaying  11%] replaying BTC-USDT @ 1787149560
[replaying  11%] replaying ETH-USDT @ 1787149560
[replaying  11%] replaying BTC-USDT @ 1787149620
[replaying  11%] replaying ETH-USDT @ 1787149620
[replaying  11%] replaying BTC-USDT @ 1787149680
[replaying  11%] replaying ETH-USDT @ 1787149680
[replaying  11%] replaying BTC-USDT @ 1787149740
[replaying  11%] replaying ETH-USDT @ 1787149740
[replaying  11%] replaying BTC-USDT @ 1787149800
[replaying  11%] replaying ETH-USDT @ 1787149800
[replaying  11%] replaying BTC-USDT @ 1787149860
[replaying  11%] replaying ETH-USDT @ 1787149860
[replaying  11%] replaying BTC-USDT @ 1787149920
[replaying  11%] replaying ETH-USDT @ 1787149920
[replaying  11%] replaying BTC-USDT @ 1787149980
[replaying  11%] replaying ETH-USDT @ 1787149980
[replaying  11%] replaying BTC-USDT @ 1787150040
[replaying  11%] replaying ETH-USDT @ 1787150040
[replaying  11%] replaying BTC-USDT @ 1787150100
[replaying  11%] replaying ETH-USDT @ 1787150100
[replaying  11%] replaying BTC-USDT @ 1787150160
[replaying  11%] replaying ETH-USDT @ 1787150160
[replaying  11%] replaying BTC-USDT @ 1787150220
[replaying  11%] replaying ETH-USDT @ 1787150220
[replaying  11%] replaying BTC-USDT @ 1787150280
[replaying  11%] replaying ETH-USDT @ 1787150280
[replaying  11%] replaying BTC-USDT @ 1787150340
[replaying  11%] replaying ETH-USDT @ 1787150340
[replaying  11%] replaying BTC-USDT @ 1787150400
[replaying  11%] replaying ETH-USDT @ 1787150400
[replaying  11%] replaying BTC-USDT @ 1787150460
[replaying  11%] replaying ETH-USDT @ 1787150460
[replaying  11%] replaying BTC-USDT @ 1787150520
[replaying  11%] replaying ETH-USDT @ 1787150520
[replaying  11%] replaying BTC-USDT @ 1787150580
[replaying  11%] replaying ETH-USDT @ 1787150580
[replaying  11%] replaying BTC-USDT @ 1787150640
[replaying  11%] replaying ETH-USDT @ 1787150640
[replaying  11%] replaying BTC-USDT @ 1787150700
[replaying  11%] replaying ETH-USDT @ 1787150700
[replaying  11%] replaying BTC-USDT @ 1787150760
[replaying  11%] replaying ETH-USDT @ 1787150760
[replaying  11%] replaying BTC-USDT @ 1787150820
[replaying  11%] replaying ETH-USDT @ 1787150820
[replaying  11%] replaying BTC-USDT @ 1787150880
[replaying  11%] replaying ETH-USDT @ 1787150880
[replaying  12%] replaying BTC-USDT @ 1787150940
[replaying  12%] replaying ETH-USDT @ 1787150940
[replaying  12%] replaying BTC-USDT @ 1787151000
[replaying  12%] replaying ETH-USDT @ 1787151000
[replaying  12%] replaying BTC-USDT @ 1787151060
[replaying  12%] replaying ETH-USDT @ 1787151060
[replaying  12%] replaying BTC-USDT @ 1787151120
[replaying  12%] replaying ETH-USDT @ 1787151120
[replaying  12%] replaying BTC-USDT @ 1787151180
[replaying  12%] replaying ETH-USDT @ 1787151180
[replaying  12%] replaying BTC-USDT @ 1787151240
[replaying  12%] replaying ETH-USDT @ 1787151240
[replaying  12%] replaying BTC-USDT @ 1787151300
[replaying  12%] replaying ETH-USDT @ 1787151300
[replaying  12%] replaying BTC-USDT @ 1787151360
[replaying  12%] replaying ETH-USDT @ 1787151360
[replaying  12%] replaying BTC-USDT @ 1787151420
[replaying  12%] replaying ETH-USDT @ 1787151420
[replaying  12%] replaying BTC-USDT @ 1787151480
[replaying  12%] replaying ETH-USDT @ 1787151480
[replaying  12%] replaying BTC-USDT @ 1787151540
[replaying  12%] replaying ETH-USDT @ 1787151540
[replaying  12%] replaying BTC-USDT @ 1787151600
[replaying  12%] replaying ETH-USDT @ 1787151600
[replaying  12%] replaying BTC-USDT @ 1787151660
[replaying  12%] replaying ETH-USDT @ 1787151660
[replaying  12%] replaying BTC-USDT @ 1787151720
[replaying  12%] replaying ETH-USDT @ 1787151720
[replaying  12%] replaying BTC-USDT @ 1787151780
[replaying  12%] replaying ETH-USDT @ 1787151780
[replaying  12%] replaying BTC-USDT @ 1787151840
[replaying  12%] replaying ETH-USDT @ 1787151840
[replaying  12%] replaying BTC-USDT @ 1787151900
[replaying  12%] replaying ETH-USDT @ 1787151900
[replaying  12%] replaying BTC-USDT @ 1787151960
[replaying  12%] replaying ETH-USDT @ 1787151960
[replaying  12%] replaying BTC-USDT @ 1787152020
[replaying  12%] replaying ETH-USDT @ 1787152020
[replaying  12%] replaying BTC-USDT @ 1787152080
[replaying  12%] replaying ETH-USDT @ 1787152080
[replaying  12%] replaying BTC-USDT @ 1787152140
[replaying  12%] replaying ETH-USDT @ 1787152140
[replaying  12%] replaying BTC-USDT @ 1787152200
[replaying  12%] replaying ETH-USDT @ 1787152200
[replaying  12%] replaying BTC-USDT @ 1787152260
[replaying  12%] replaying ETH-USDT @ 1787152260
[replaying  12%] replaying BTC-USDT @ 1787152320
[replaying  12%] replaying ETH-USDT @ 1787152320
[replaying  12%] replaying BTC-USDT @ 1787152380
[replaying  12%] replaying ETH-USDT @ 1787152380
[replaying  12%] replaying BTC-USDT @ 1787152440
[replaying  12%] replaying ETH-USDT @ 1787152440
[replaying  12%] replaying BTC-USDT @ 1787152500
[replaying  12%] replaying ETH-USDT @ 1787152500
[replaying  12%] replaying BTC-USDT @ 1787152560
[replaying  12%] replaying ETH-USDT @ 1787152560
[replaying  12%] replaying BTC-USDT @ 1787152620
[replaying  12%] replaying ETH-USDT @ 1787152620
[replaying  12%] replaying BTC-USDT @ 1787152680
[replaying  12%] replaying ETH-USDT @ 1787152680
[replaying  12%] replaying BTC-USDT @ 1787152740
[replaying  12%] replaying ETH-USDT @ 1787152740
[replaying  12%] replaying BTC-USDT @ 1787152800
[replaying  12%] replaying ETH-USDT @ 1787152800
[replaying  12%] replaying BTC-USDT @ 1787152860
[replaying  12%] replaying ETH-USDT @ 1787152860
[replaying  12%] replaying BTC-USDT @ 1787152920
[replaying  12%] replaying ETH-USDT @ 1787152920
[replaying  12%] replaying BTC-USDT @ 1787152980
[replaying  12%] replaying ETH-USDT @ 1787152980
[replaying  12%] replaying BTC-USDT @ 1787153040
[replaying  12%] replaying ETH-USDT @ 1787153040
[replaying  12%] replaying BTC-USDT @ 1787153100
[replaying  12%] replaying ETH-USDT @ 1787153100
[replaying  12%] replaying BTC-USDT @ 1787153160
[replaying  12%] replaying ETH-USDT @ 1787153160
[replaying  12%] replaying BTC-USDT @ 1787153220
[replaying  12%] replaying ETH-USDT @ 1787153220
[replaying  12%] replaying BTC-USDT @ 1787153280
[replaying  12%] replaying ETH-USDT @ 1787153280
[replaying  12%] replaying BTC-USDT @ 1787153340
[replaying  12%] replaying ETH-USDT @ 1787153340
[replaying  12%] replaying BTC-USDT @ 1787153400
[replaying  12%] replaying ETH-USDT @ 1787153400
[replaying  12%] replaying BTC-USDT @ 1787153460
[replaying  12%] replaying ETH-USDT @ 1787153460
[replaying  12%] replaying BTC-USDT @ 1787153520
[replaying  12%] replaying ETH-USDT @ 1787153520
[replaying  12%] replaying BTC-USDT @ 1787153580
[replaying  12%] replaying ETH-USDT @ 1787153580
[replaying  12%] replaying BTC-USDT @ 1787153640
[replaying  12%] replaying ETH-USDT @ 1787153640
[replaying  12%] replaying BTC-USDT @ 1787153700
[replaying  12%] replaying ETH-USDT @ 1787153700
[replaying  12%] replaying BTC-USDT @ 1787153760
[replaying  12%] replaying ETH-USDT @ 1787153760
[replaying  12%] replaying BTC-USDT @ 1787153820
[replaying  12%] replaying ETH-USDT @ 1787153820
[replaying  12%] replaying BTC-USDT @ 1787153880
[replaying  12%] replaying ETH-USDT @ 1787153880
[replaying  12%] replaying BTC-USDT @ 1787153940
[replaying  12%] replaying ETH-USDT @ 1787153940
[replaying  12%] replaying BTC-USDT @ 1787154000
[replaying  12%] replaying ETH-USDT @ 1787154000
[replaying  12%] replaying BTC-USDT @ 1787154060
[replaying  12%] replaying ETH-USDT @ 1787154060
[replaying  12%] replaying BTC-USDT @ 1787154120
[replaying  12%] replaying ETH-USDT @ 1787154120
[replaying  12%] replaying BTC-USDT @ 1787154180
[replaying  12%] replaying ETH-USDT @ 1787154180
[replaying  12%] replaying BTC-USDT @ 1787154240
[replaying  12%] replaying ETH-USDT @ 1787154240
[replaying  13%] replaying BTC-USDT @ 1787154300
[replaying  13%] replaying ETH-USDT @ 1787154300
[replaying  13%] replaying BTC-USDT @ 1787154360
[replaying  13%] replaying ETH-USDT @ 1787154360
[replaying  13%] replaying BTC-USDT @ 1787154420
[replaying  13%] replaying ETH-USDT @ 1787154420
[replaying  13%] replaying BTC-USDT @ 1787154480
[replaying  13%] replaying ETH-USDT @ 1787154480
[replaying  13%] replaying BTC-USDT @ 1787154540
[replaying  13%] replaying ETH-USDT @ 1787154540
[replaying  13%] replaying BTC-USDT @ 1787154600
[replaying  13%] replaying ETH-USDT @ 1787154600
[replaying  13%] replaying BTC-USDT @ 1787154660
[replaying  13%] replaying ETH-USDT @ 1787154660
[replaying  13%] replaying BTC-USDT @ 1787154720
[replaying  13%] replaying ETH-USDT @ 1787154720
[replaying  13%] replaying BTC-USDT @ 1787154780
[replaying  13%] replaying ETH-USDT @ 1787154780
[replaying  13%] replaying BTC-USDT @ 1787154840
[replaying  13%] replaying ETH-USDT @ 1787154840
[replaying  13%] replaying BTC-USDT @ 1787154900
[replaying  13%] replaying ETH-USDT @ 1787154900
[replaying  13%] replaying BTC-USDT @ 1787154960
[replaying  13%] replaying ETH-USDT @ 1787154960
[replaying  13%] replaying BTC-USDT @ 1787155020
[replaying  13%] replaying ETH-USDT @ 1787155020
[replaying  13%] replaying BTC-USDT @ 1787155080
[replaying  13%] replaying ETH-USDT @ 1787155080
[replaying  13%] replaying BTC-USDT @ 1787155140
[replaying  13%] replaying ETH-USDT @ 1787155140
[replaying  13%] replaying BTC-USDT @ 1787155200
[replaying  13%] replaying ETH-USDT @ 1787155200
[replaying  13%] replaying BTC-USDT @ 1787155260
[replaying  13%] replaying ETH-USDT @ 1787155260
[replaying  13%] replaying BTC-USDT @ 1787155320
[replaying  13%] replaying ETH-USDT @ 1787155320
[replaying  13%] replaying BTC-USDT @ 1787155380
[replaying  13%] replaying ETH-USDT @ 1787155380
[replaying  13%] replaying BTC-USDT @ 1787155440
[replaying  13%] replaying ETH-USDT @ 1787155440
[replaying  13%] replaying BTC-USDT @ 1787155500
[replaying  13%] replaying ETH-USDT @ 1787155500
[replaying  13%] replaying BTC-USDT @ 1787155560
[replaying  13%] replaying ETH-USDT @ 1787155560
[replaying  13%] replaying BTC-USDT @ 1787155620
[replaying  13%] replaying ETH-USDT @ 1787155620
[replaying  13%] replaying BTC-USDT @ 1787155680
[replaying  13%] replaying ETH-USDT @ 1787155680
[replaying  13%] replaying BTC-USDT @ 1787155740
[replaying  13%] replaying ETH-USDT @ 1787155740
[replaying  13%] replaying BTC-USDT @ 1787155800
[replaying  13%] replaying ETH-USDT @ 1787155800
[replaying  13%] replaying BTC-USDT @ 1787155860
[replaying  13%] replaying ETH-USDT @ 1787155860
[replaying  13%] replaying BTC-USDT @ 1787155920
[replaying  13%] replaying ETH-USDT @ 1787155920
[replaying  13%] replaying BTC-USDT @ 1787155980
[replaying  13%] replaying ETH-USDT @ 1787155980
[replaying  13%] replaying BTC-USDT @ 1787156040
[replaying  13%] replaying ETH-USDT @ 1787156040
[replaying  13%] replaying BTC-USDT @ 1787156100
[replaying  13%] replaying ETH-USDT @ 1787156100
[replaying  13%] replaying BTC-USDT @ 1787156160
[replaying  13%] replaying ETH-USDT @ 1787156160
[replaying  13%] replaying BTC-USDT @ 1787156220
[replaying  13%] replaying ETH-USDT @ 1787156220
[replaying  13%] replaying BTC-USDT @ 1787156280
[replaying  13%] replaying ETH-USDT @ 1787156280
[replaying  13%] replaying BTC-USDT @ 1787156340
[replaying  13%] replaying ETH-USDT @ 1787156340
[replaying  13%] replaying BTC-USDT @ 1787156400
[replaying  13%] replaying ETH-USDT @ 1787156400
[replaying  13%] replaying BTC-USDT @ 1787156460
[replaying  13%] replaying ETH-USDT @ 1787156460
[replaying  13%] replaying BTC-USDT @ 1787156520
[replaying  13%] replaying ETH-USDT @ 1787156520
[replaying  13%] replaying BTC-USDT @ 1787156580
[replaying  13%] replaying ETH-USDT @ 1787156580
[replaying  13%] replaying BTC-USDT @ 1787156640
[replaying  13%] replaying ETH-USDT @ 1787156640
[replaying  13%] replaying BTC-USDT @ 1787156700
[replaying  13%] replaying ETH-USDT @ 1787156700
[replaying  13%] replaying BTC-USDT @ 1787156760
[replaying  13%] replaying ETH-USDT @ 1787156760
[replaying  13%] replaying BTC-USDT @ 1787156820
[replaying  13%] replaying ETH-USDT @ 1787156820
[replaying  13%] replaying BTC-USDT @ 1787156880
[replaying  13%] replaying ETH-USDT @ 1787156880
[replaying  13%] replaying BTC-USDT @ 1787156940
[replaying  13%] replaying ETH-USDT @ 1787156940
[replaying  13%] replaying BTC-USDT @ 1787157000
[replaying  13%] replaying ETH-USDT @ 1787157000
[replaying  13%] replaying BTC-USDT @ 1787157060
[replaying  13%] replaying ETH-USDT @ 1787157060
[replaying  13%] replaying BTC-USDT @ 1787157120
[replaying  13%] replaying ETH-USDT @ 1787157120
[replaying  13%] replaying BTC-USDT @ 1787157180
[replaying  13%] replaying ETH-USDT @ 1787157180
[replaying  13%] replaying BTC-USDT @ 1787157240
[replaying  13%] replaying ETH-USDT @ 1787157240
[replaying  13%] replaying BTC-USDT @ 1787157300
[replaying  13%] replaying ETH-USDT @ 1787157300
[replaying  13%] replaying BTC-USDT @ 1787157360
[replaying  13%] replaying ETH-USDT @ 1787157360
[replaying  13%] replaying BTC-USDT @ 1787157420
[replaying  13%] replaying ETH-USDT @ 1787157420
[replaying  13%] replaying BTC-USDT @ 1787157480
[replaying  13%] replaying ETH-USDT @ 1787157480
[replaying  13%] replaying BTC-USDT @ 1787157540
[replaying  13%] replaying ETH-USDT @ 1787157540
[replaying  13%] replaying BTC-USDT @ 1787157600
[replaying  14%] replaying ETH-USDT @ 1787157600
[replaying  14%] replaying BTC-USDT @ 1787157660
[replaying  14%] replaying ETH-USDT @ 1787157660
[replaying  14%] replaying BTC-USDT @ 1787157720
[replaying  14%] replaying ETH-USDT @ 1787157720
[replaying  14%] replaying BTC-USDT @ 1787157780
[replaying  14%] replaying ETH-USDT @ 1787157780
[replaying  14%] replaying BTC-USDT @ 1787157840
[replaying  14%] replaying ETH-USDT @ 1787157840
[replaying  14%] replaying BTC-USDT @ 1787157900
[replaying  14%] replaying ETH-USDT @ 1787157900
[replaying  14%] replaying BTC-USDT @ 1787157960
[replaying  14%] replaying ETH-USDT @ 1787157960
[replaying  14%] replaying BTC-USDT @ 1787158020
[replaying  14%] replaying ETH-USDT @ 1787158020
[replaying  14%] replaying BTC-USDT @ 1787158080
[replaying  14%] replaying ETH-USDT @ 1787158080
[replaying  14%] replaying BTC-USDT @ 1787158140
[replaying  14%] replaying ETH-USDT @ 1787158140
[replaying  14%] replaying BTC-USDT @ 1787158200
[replaying  14%] replaying ETH-USDT @ 1787158200
[replaying  14%] replaying BTC-USDT @ 1787158260
[replaying  14%] replaying ETH-USDT @ 1787158260
[replaying  14%] replaying BTC-USDT @ 1787158320
[replaying  14%] replaying ETH-USDT @ 1787158320
[replaying  14%] replaying BTC-USDT @ 1787158380
[replaying  14%] replaying ETH-USDT @ 1787158380
[replaying  14%] replaying BTC-USDT @ 1787158440
[replaying  14%] replaying ETH-USDT @ 1787158440
[replaying  14%] replaying BTC-USDT @ 1787158500
[replaying  14%] replaying ETH-USDT @ 1787158500
[replaying  14%] replaying BTC-USDT @ 1787158560
[replaying  14%] replaying ETH-USDT @ 1787158560
[replaying  14%] replaying BTC-USDT @ 1787158620
[replaying  14%] replaying ETH-USDT @ 1787158620
[replaying  14%] replaying BTC-USDT @ 1787158680
[replaying  14%] replaying ETH-USDT @ 1787158680
[replaying  14%] replaying BTC-USDT @ 1787158740
[replaying  14%] replaying ETH-USDT @ 1787158740
[replaying  14%] replaying BTC-USDT @ 1787158800
[replaying  14%] replaying ETH-USDT @ 1787158800
[replaying  14%] replaying BTC-USDT @ 1787158860
[replaying  14%] replaying ETH-USDT @ 1787158860
[replaying  14%] replaying BTC-USDT @ 1787158920
[replaying  14%] replaying ETH-USDT @ 1787158920
[replaying  14%] replaying BTC-USDT @ 1787158980
[replaying  14%] replaying ETH-USDT @ 1787158980
[replaying  14%] replaying BTC-USDT @ 1787159040
[replaying  14%] replaying ETH-USDT @ 1787159040
[replaying  14%] replaying BTC-USDT @ 1787159100
[replaying  14%] replaying ETH-USDT @ 1787159100
[replaying  14%] replaying BTC-USDT @ 1787159160
[replaying  14%] replaying ETH-USDT @ 1787159160
[replaying  14%] replaying BTC-USDT @ 1787159220
[replaying  14%] replaying ETH-USDT @ 1787159220
[replaying  14%] replaying BTC-USDT @ 1787159280
[replaying  14%] replaying ETH-USDT @ 1787159280
[replaying  14%] replaying BTC-USDT @ 1787159340
[replaying  14%] replaying ETH-USDT @ 1787159340
[replaying  14%] replaying BTC-USDT @ 1787159400
[replaying  14%] replaying ETH-USDT @ 1787159400
[replaying  14%] replaying BTC-USDT @ 1787159460
[replaying  14%] replaying ETH-USDT @ 1787159460
[replaying  14%] replaying BTC-USDT @ 1787159520
[replaying  14%] replaying ETH-USDT @ 1787159520
[replaying  14%] replaying BTC-USDT @ 1787159580
[replaying  14%] replaying ETH-USDT @ 1787159580
[replaying  14%] replaying BTC-USDT @ 1787159640
[replaying  14%] replaying ETH-USDT @ 1787159640
[replaying  14%] replaying BTC-USDT @ 1787159700
[replaying  14%] replaying ETH-USDT @ 1787159700
[replaying  14%] replaying BTC-USDT @ 1787159760
[replaying  14%] replaying ETH-USDT @ 1787159760
[replaying  14%] replaying BTC-USDT @ 1787159820
[replaying  14%] replaying ETH-USDT @ 1787159820
[replaying  14%] replaying BTC-USDT @ 1787159880
[replaying  14%] replaying ETH-USDT @ 1787159880
[replaying  14%] replaying BTC-USDT @ 1787159940
[replaying  14%] replaying ETH-USDT @ 1787159940
[replaying  14%] replaying BTC-USDT @ 1787160000
[replaying  14%] replaying ETH-USDT @ 1787160000
[replaying  14%] replaying BTC-USDT @ 1787160060
[replaying  14%] replaying ETH-USDT @ 1787160060
[replaying  14%] replaying BTC-USDT @ 1787160120
[replaying  14%] replaying ETH-USDT @ 1787160120
[replaying  14%] replaying BTC-USDT @ 1787160180
[replaying  14%] replaying ETH-USDT @ 1787160180
[replaying  14%] replaying BTC-USDT @ 1787160240
[replaying  14%] replaying ETH-USDT @ 1787160240
[replaying  14%] replaying BTC-USDT @ 1787160300
[replaying  14%] replaying ETH-USDT @ 1787160300
[replaying  14%] replaying BTC-USDT @ 1787160360
[replaying  14%] replaying ETH-USDT @ 1787160360
[replaying  14%] replaying BTC-USDT @ 1787160420
[replaying  14%] replaying ETH-USDT @ 1787160420
[replaying  14%] replaying BTC-USDT @ 1787160480
[replaying  14%] replaying ETH-USDT @ 1787160480
[replaying  14%] replaying BTC-USDT @ 1787160540
[replaying  14%] replaying ETH-USDT @ 1787160540
[replaying  14%] replaying BTC-USDT @ 1787160600
[replaying  14%] replaying ETH-USDT @ 1787160600
[replaying  14%] replaying BTC-USDT @ 1787160660
[replaying  14%] replaying ETH-USDT @ 1787160660
[replaying  14%] replaying BTC-USDT @ 1787160720
[replaying  14%] replaying ETH-USDT @ 1787160720
[replaying  14%] replaying BTC-USDT @ 1787160780
[replaying  14%] replaying ETH-USDT @ 1787160780
[replaying  14%] replaying BTC-USDT @ 1787160840
[replaying  14%] replaying ETH-USDT @ 1787160840
[replaying  14%] replaying BTC-USDT @ 1787160900
[replaying  14%] replaying ETH-USDT @ 1787160900
[replaying  15%] replaying BTC-USDT @ 1787160960
[replaying  15%] replaying ETH-USDT @ 1787160960
[replaying  15%] replaying BTC-USDT @ 1787161020
[replaying  15%] replaying ETH-USDT @ 1787161020
[replaying  15%] replaying BTC-USDT @ 1787161080
[replaying  15%] replaying ETH-USDT @ 1787161080
[replaying  15%] replaying BTC-USDT @ 1787161140
[replaying  15%] replaying ETH-USDT @ 1787161140
[replaying  15%] replaying BTC-USDT @ 1787161200
[replaying  15%] replaying ETH-USDT @ 1787161200
[replaying  15%] replaying BTC-USDT @ 1787161260
[replaying  15%] replaying ETH-USDT @ 1787161260
[replaying  15%] replaying BTC-USDT @ 1787161320
[replaying  15%] replaying ETH-USDT @ 1787161320
[replaying  15%] replaying BTC-USDT @ 1787161380
[replaying  15%] replaying ETH-USDT @ 1787161380
[replaying  15%] replaying BTC-USDT @ 1787161440
[replaying  15%] replaying ETH-USDT @ 1787161440
[replaying  15%] replaying BTC-USDT @ 1787161500
[replaying  15%] replaying ETH-USDT @ 1787161500
[replaying  15%] replaying BTC-USDT @ 1787161560
[replaying  15%] replaying ETH-USDT @ 1787161560
[replaying  15%] replaying BTC-USDT @ 1787161620
[replaying  15%] replaying ETH-USDT @ 1787161620
[replaying  15%] replaying BTC-USDT @ 1787161680
[replaying  15%] replaying ETH-USDT @ 1787161680
[replaying  15%] replaying BTC-USDT @ 1787161740
[replaying  15%] replaying ETH-USDT @ 1787161740
[replaying  15%] replaying BTC-USDT @ 1787161800
[replaying  15%] replaying ETH-USDT @ 1787161800
[replaying  15%] replaying BTC-USDT @ 1787161860
[replaying  15%] replaying ETH-USDT @ 1787161860
[replaying  15%] replaying BTC-USDT @ 1787161920
[replaying  15%] replaying ETH-USDT @ 1787161920
[replaying  15%] replaying BTC-USDT @ 1787161980
[replaying  15%] replaying ETH-USDT @ 1787161980
[replaying  15%] replaying BTC-USDT @ 1787162040
[replaying  15%] replaying ETH-USDT @ 1787162040
[replaying  15%] replaying BTC-USDT @ 1787162100
[replaying  15%] replaying ETH-USDT @ 1787162100
[replaying  15%] replaying BTC-USDT @ 1787162160
[replaying  15%] replaying ETH-USDT @ 1787162160
[replaying  15%] replaying BTC-USDT @ 1787162220
[replaying  15%] replaying ETH-USDT @ 1787162220
[replaying  15%] replaying BTC-USDT @ 1787162280
[replaying  15%] replaying ETH-USDT @ 1787162280
[replaying  15%] replaying BTC-USDT @ 1787162340
[replaying  15%] replaying ETH-USDT @ 1787162340
[replaying  15%] replaying BTC-USDT @ 1787162400
[replaying  15%] replaying ETH-USDT @ 1787162400
[replaying  15%] replaying BTC-USDT @ 1787162460
[replaying  15%] replaying ETH-USDT @ 1787162460
[replaying  15%] replaying BTC-USDT @ 1787162520
[replaying  15%] replaying ETH-USDT @ 1787162520
[replaying  15%] replaying BTC-USDT @ 1787162580
[replaying  15%] replaying ETH-USDT @ 1787162580
[replaying  15%] replaying BTC-USDT @ 1787162640
[replaying  15%] replaying ETH-USDT @ 1787162640
[replaying  15%] replaying BTC-USDT @ 1787162700
[replaying  15%] replaying ETH-USDT @ 1787162700
[replaying  15%] replaying BTC-USDT @ 1787162760
[replaying  15%] replaying ETH-USDT @ 1787162760
[replaying  15%] replaying BTC-USDT @ 1787162820
[replaying  15%] replaying ETH-USDT @ 1787162820
[replaying  15%] replaying BTC-USDT @ 1787162880
[replaying  15%] replaying ETH-USDT @ 1787162880
[replaying  15%] replaying BTC-USDT @ 1787162940
[replaying  15%] replaying ETH-USDT @ 1787162940
[replaying  15%] replaying BTC-USDT @ 1787163000
[replaying  15%] replaying ETH-USDT @ 1787163000
[replaying  15%] replaying BTC-USDT @ 1787163060
[replaying  15%] replaying ETH-USDT @ 1787163060
[replaying  15%] replaying BTC-USDT @ 1787163120
[replaying  15%] replaying ETH-USDT @ 1787163120
[replaying  15%] replaying BTC-USDT @ 1787163180
[replaying  15%] replaying ETH-USDT @ 1787163180
[replaying  15%] replaying BTC-USDT @ 1787163240
[replaying  15%] replaying ETH-USDT @ 1787163240
[replaying  15%] replaying BTC-USDT @ 1787163300
[replaying  15%] replaying ETH-USDT @ 1787163300
[replaying  15%] replaying BTC-USDT @ 1787163360
[replaying  15%] replaying ETH-USDT @ 1787163360
[replaying  15%] replaying BTC-USDT @ 1787163420
[replaying  15%] replaying ETH-USDT @ 1787163420
[replaying  15%] replaying BTC-USDT @ 1787163480
[replaying  15%] replaying ETH-USDT @ 1787163480
[replaying  15%] replaying BTC-USDT @ 1787163540
[replaying  15%] replaying ETH-USDT @ 1787163540
[replaying  15%] replaying BTC-USDT @ 1787163600
[replaying  15%] replaying ETH-USDT @ 1787163600
[replaying  15%] replaying BTC-USDT @ 1787163660
[replaying  15%] replaying ETH-USDT @ 1787163660
[replaying  15%] replaying BTC-USDT @ 1787163720
[replaying  15%] replaying ETH-USDT @ 1787163720
[replaying  15%] replaying BTC-USDT @ 1787163780
[replaying  15%] replaying ETH-USDT @ 1787163780
[replaying  15%] replaying BTC-USDT @ 1787163840
[replaying  15%] replaying ETH-USDT @ 1787163840
[replaying  15%] replaying BTC-USDT @ 1787163900
[replaying  15%] replaying ETH-USDT @ 1787163900
[replaying  15%] replaying BTC-USDT @ 1787163960
[replaying  15%] replaying ETH-USDT @ 1787163960
[replaying  15%] replaying BTC-USDT @ 1787164020
[replaying  15%] replaying ETH-USDT @ 1787164020
[replaying  15%] replaying BTC-USDT @ 1787164080
[replaying  15%] replaying ETH-USDT @ 1787164080
[replaying  15%] replaying BTC-USDT @ 1787164140
[replaying  15%] replaying ETH-USDT @ 1787164140
[replaying  15%] replaying BTC-USDT @ 1787164200
[replaying  15%] replaying ETH-USDT @ 1787164200
[replaying  15%] replaying BTC-USDT @ 1787164260
[replaying  15%] replaying ETH-USDT @ 1787164260
[replaying  16%] replaying BTC-USDT @ 1787164320
[replaying  16%] replaying ETH-USDT @ 1787164320
[replaying  16%] replaying BTC-USDT @ 1787164380
[replaying  16%] replaying ETH-USDT @ 1787164380
[replaying  16%] replaying BTC-USDT @ 1787164440
[replaying  16%] replaying ETH-USDT @ 1787164440
[replaying  16%] replaying BTC-USDT @ 1787164500
[replaying  16%] replaying ETH-USDT @ 1787164500
[replaying  16%] replaying BTC-USDT @ 1787164560
[replaying  16%] replaying ETH-USDT @ 1787164560
[replaying  16%] replaying BTC-USDT @ 1787164620
[replaying  16%] replaying ETH-USDT @ 1787164620
[replaying  16%] replaying BTC-USDT @ 1787164680
[replaying  16%] replaying ETH-USDT @ 1787164680
[replaying  16%] replaying BTC-USDT @ 1787164740
[replaying  16%] replaying ETH-USDT @ 1787164740
[replaying  16%] replaying BTC-USDT @ 1787164800
[replaying  16%] replaying ETH-USDT @ 1787164800
[replaying  16%] replaying BTC-USDT @ 1787164860
[replaying  16%] replaying ETH-USDT @ 1787164860
[replaying  16%] replaying BTC-USDT @ 1787164920
[replaying  16%] replaying ETH-USDT @ 1787164920
[replaying  16%] replaying BTC-USDT @ 1787164980
[replaying  16%] replaying ETH-USDT @ 1787164980
[replaying  16%] replaying BTC-USDT @ 1787165040
[replaying  16%] replaying ETH-USDT @ 1787165040
[replaying  16%] replaying BTC-USDT @ 1787165100
[replaying  16%] replaying ETH-USDT @ 1787165100
[replaying  16%] replaying BTC-USDT @ 1787165160
[replaying  16%] replaying ETH-USDT @ 1787165160
[replaying  16%] replaying BTC-USDT @ 1787165220
[replaying  16%] replaying ETH-USDT @ 1787165220
[replaying  16%] replaying BTC-USDT @ 1787165280
[replaying  16%] replaying ETH-USDT @ 1787165280
[replaying  16%] replaying BTC-USDT @ 1787165340
[replaying  16%] replaying ETH-USDT @ 1787165340
[replaying  16%] replaying BTC-USDT @ 1787165400
[replaying  16%] replaying ETH-USDT @ 1787165400
[replaying  16%] replaying BTC-USDT @ 1787165460
[replaying  16%] replaying ETH-USDT @ 1787165460
[replaying  16%] replaying BTC-USDT @ 1787165520
[replaying  16%] replaying ETH-USDT @ 1787165520
[replaying  16%] replaying BTC-USDT @ 1787165580
[replaying  16%] replaying ETH-USDT @ 1787165580
[replaying  16%] replaying BTC-USDT @ 1787165640
[replaying  16%] replaying ETH-USDT @ 1787165640
[replaying  16%] replaying BTC-USDT @ 1787165700
[replaying  16%] replaying ETH-USDT @ 1787165700
[replaying  16%] replaying BTC-USDT @ 1787165760
[replaying  16%] replaying ETH-USDT @ 1787165760
[replaying  16%] replaying BTC-USDT @ 1787165820
[replaying  16%] replaying ETH-USDT @ 1787165820
[replaying  16%] replaying BTC-USDT @ 1787165880
[replaying  16%] replaying ETH-USDT @ 1787165880
[replaying  16%] replaying BTC-USDT @ 1787165940
[replaying  16%] replaying ETH-USDT @ 1787165940
[replaying  16%] replaying BTC-USDT @ 1787166000
[replaying  16%] replaying ETH-USDT @ 1787166000
[replaying  16%] replaying BTC-USDT @ 1787166060
[replaying  16%] replaying ETH-USDT @ 1787166060
[replaying  16%] replaying BTC-USDT @ 1787166120
[replaying  16%] replaying ETH-USDT @ 1787166120
[replaying  16%] replaying BTC-USDT @ 1787166180
[replaying  16%] replaying ETH-USDT @ 1787166180
[replaying  16%] replaying BTC-USDT @ 1787166240
[replaying  16%] replaying ETH-USDT @ 1787166240
[replaying  16%] replaying BTC-USDT @ 1787166300
[replaying  16%] replaying ETH-USDT @ 1787166300
[replaying  16%] replaying BTC-USDT @ 1787166360
[replaying  16%] replaying ETH-USDT @ 1787166360
[replaying  16%] replaying BTC-USDT @ 1787166420
[replaying  16%] replaying ETH-USDT @ 1787166420
[replaying  16%] replaying BTC-USDT @ 1787166480
[replaying  16%] replaying ETH-USDT @ 1787166480
[replaying  16%] replaying BTC-USDT @ 1787166540
[replaying  16%] replaying ETH-USDT @ 1787166540
[replaying  16%] replaying BTC-USDT @ 1787166600
[replaying  16%] replaying ETH-USDT @ 1787166600
[replaying  16%] replaying BTC-USDT @ 1787166660
[replaying  16%] replaying ETH-USDT @ 1787166660
[replaying  16%] replaying BTC-USDT @ 1787166720
[replaying  16%] replaying ETH-USDT @ 1787166720
[replaying  16%] replaying BTC-USDT @ 1787166780
[replaying  16%] replaying ETH-USDT @ 1787166780
[replaying  16%] replaying BTC-USDT @ 1787166840
[replaying  16%] replaying ETH-USDT @ 1787166840
[replaying  16%] replaying BTC-USDT @ 1787166900
[replaying  16%] replaying ETH-USDT @ 1787166900
[replaying  16%] replaying BTC-USDT @ 1787166960
[replaying  16%] replaying ETH-USDT @ 1787166960
[replaying  16%] replaying BTC-USDT @ 1787167020
[replaying  16%] replaying ETH-USDT @ 1787167020
[replaying  16%] replaying BTC-USDT @ 1787167080
[replaying  16%] replaying ETH-USDT @ 1787167080
[replaying  16%] replaying BTC-USDT @ 1787167140
[replaying  16%] replaying ETH-USDT @ 1787167140
[replaying  16%] replaying BTC-USDT @ 1787167200
[replaying  16%] replaying ETH-USDT @ 1787167200
[replaying  16%] replaying BTC-USDT @ 1787167260
[replaying  16%] replaying ETH-USDT @ 1787167260
[replaying  16%] replaying BTC-USDT @ 1787167320
[replaying  16%] replaying ETH-USDT @ 1787167320
[replaying  16%] replaying BTC-USDT @ 1787167380
[replaying  16%] replaying ETH-USDT @ 1787167380
[replaying  16%] replaying BTC-USDT @ 1787167440
[replaying  16%] replaying ETH-USDT @ 1787167440
[replaying  16%] replaying BTC-USDT @ 1787167500
[replaying  16%] replaying ETH-USDT @ 1787167500
[replaying  16%] replaying BTC-USDT @ 1787167560
[replaying  16%] replaying ETH-USDT @ 1787167560
[replaying  16%] replaying BTC-USDT @ 1787167620
[replaying  17%] replaying ETH-USDT @ 1787167620
[replaying  17%] replaying BTC-USDT @ 1787167680
[replaying  17%] replaying ETH-USDT @ 1787167680
[replaying  17%] replaying BTC-USDT @ 1787167740
[replaying  17%] replaying ETH-USDT @ 1787167740
[replaying  17%] replaying BTC-USDT @ 1787167800
[replaying  17%] replaying ETH-USDT @ 1787167800
[replaying  17%] replaying BTC-USDT @ 1787167860
[replaying  17%] replaying ETH-USDT @ 1787167860
[replaying  17%] replaying BTC-USDT @ 1787167920
[replaying  17%] replaying ETH-USDT @ 1787167920
[replaying  17%] replaying BTC-USDT @ 1787167980
[replaying  17%] replaying ETH-USDT @ 1787167980
[replaying  17%] replaying BTC-USDT @ 1787168040
[replaying  17%] replaying ETH-USDT @ 1787168040
[replaying  17%] replaying BTC-USDT @ 1787168100
[replaying  17%] replaying ETH-USDT @ 1787168100
[replaying  17%] replaying BTC-USDT @ 1787168160
[replaying  17%] replaying ETH-USDT @ 1787168160
[replaying  17%] replaying BTC-USDT @ 1787168220
[replaying  17%] replaying ETH-USDT @ 1787168220
[replaying  17%] replaying BTC-USDT @ 1787168280
[replaying  17%] replaying ETH-USDT @ 1787168280
[replaying  17%] replaying BTC-USDT @ 1787168340
[replaying  17%] replaying ETH-USDT @ 1787168340
[replaying  17%] replaying BTC-USDT @ 1787168400
[replaying  17%] replaying ETH-USDT @ 1787168400
[replaying  17%] replaying BTC-USDT @ 1787168460
[replaying  17%] replaying ETH-USDT @ 1787168460
[replaying  17%] replaying BTC-USDT @ 1787168520
[replaying  17%] replaying ETH-USDT @ 1787168520
[replaying  17%] replaying BTC-USDT @ 1787168580
[replaying  17%] replaying ETH-USDT @ 1787168580
[replaying  17%] replaying BTC-USDT @ 1787168640
[replaying  17%] replaying ETH-USDT @ 1787168640
[replaying  17%] replaying BTC-USDT @ 1787168700
[replaying  17%] replaying ETH-USDT @ 1787168700
[replaying  17%] replaying BTC-USDT @ 1787168760
[replaying  17%] replaying ETH-USDT @ 1787168760
[replaying  17%] replaying BTC-USDT @ 1787168820
[replaying  17%] replaying ETH-USDT @ 1787168820
[replaying  17%] replaying BTC-USDT @ 1787168880
[replaying  17%] replaying ETH-USDT @ 1787168880
[replaying  17%] replaying BTC-USDT @ 1787168940
[replaying  17%] replaying ETH-USDT @ 1787168940
[replaying  17%] replaying BTC-USDT @ 1787169000
[replaying  17%] replaying ETH-USDT @ 1787169000
[replaying  17%] replaying BTC-USDT @ 1787169060
[replaying  17%] replaying ETH-USDT @ 1787169060
[replaying  17%] replaying BTC-USDT @ 1787169120
[replaying  17%] replaying ETH-USDT @ 1787169120
[replaying  17%] replaying BTC-USDT @ 1787169180
[replaying  17%] replaying ETH-USDT @ 1787169180
[replaying  17%] replaying BTC-USDT @ 1787169240
[replaying  17%] replaying ETH-USDT @ 1787169240
[replaying  17%] replaying BTC-USDT @ 1787169300
[replaying  17%] replaying ETH-USDT @ 1787169300
[replaying  17%] replaying BTC-USDT @ 1787169360
[replaying  17%] replaying ETH-USDT @ 1787169360
[replaying  17%] replaying BTC-USDT @ 1787169420
[replaying  17%] replaying ETH-USDT @ 1787169420
[replaying  17%] replaying BTC-USDT @ 1787169480
[replaying  17%] replaying ETH-USDT @ 1787169480
[replaying  17%] replaying BTC-USDT @ 1787169540
[replaying  17%] replaying ETH-USDT @ 1787169540
[replaying  17%] replaying BTC-USDT @ 1787169600
[replaying  17%] replaying ETH-USDT @ 1787169600
[replaying  17%] replaying BTC-USDT @ 1787169660
[replaying  17%] replaying ETH-USDT @ 1787169660
[replaying  17%] replaying BTC-USDT @ 1787169720
[replaying  17%] replaying ETH-USDT @ 1787169720
[replaying  17%] replaying BTC-USDT @ 1787169780
[replaying  17%] replaying ETH-USDT @ 1787169780
[replaying  17%] replaying BTC-USDT @ 1787169840
[replaying  17%] replaying ETH-USDT @ 1787169840
[replaying  17%] replaying BTC-USDT @ 1787169900
[replaying  17%] replaying ETH-USDT @ 1787169900
[replaying  17%] replaying BTC-USDT @ 1787169960
[replaying  17%] replaying ETH-USDT @ 1787169960
[replaying  17%] replaying BTC-USDT @ 1787170020
[replaying  17%] replaying ETH-USDT @ 1787170020
[replaying  17%] replaying BTC-USDT @ 1787170080
[replaying  17%] replaying ETH-USDT @ 1787170080
[replaying  17%] replaying BTC-USDT @ 1787170140
[replaying  17%] replaying ETH-USDT @ 1787170140
[replaying  17%] replaying BTC-USDT @ 1787170200
[replaying  17%] replaying ETH-USDT @ 1787170200
[replaying  17%] replaying BTC-USDT @ 1787170260
[replaying  17%] replaying ETH-USDT @ 1787170260
[replaying  17%] replaying BTC-USDT @ 1787170320
[replaying  17%] replaying ETH-USDT @ 1787170320
[replaying  17%] replaying BTC-USDT @ 1787170380
[replaying  17%] replaying ETH-USDT @ 1787170380
[replaying  17%] replaying BTC-USDT @ 1787170440
[replaying  17%] replaying ETH-USDT @ 1787170440
[replaying  17%] replaying BTC-USDT @ 1787170500
[replaying  17%] replaying ETH-USDT @ 1787170500
[replaying  17%] replaying BTC-USDT @ 1787170560
[replaying  17%] replaying ETH-USDT @ 1787170560
[replaying  17%] replaying BTC-USDT @ 1787170620
[replaying  17%] replaying ETH-USDT @ 1787170620
[replaying  17%] replaying BTC-USDT @ 1787170680
[replaying  17%] replaying ETH-USDT @ 1787170680
[replaying  17%] replaying BTC-USDT @ 1787170740
[replaying  17%] replaying ETH-USDT @ 1787170740
[replaying  17%] replaying BTC-USDT @ 1787170800
[replaying  17%] replaying ETH-USDT @ 1787170800
[replaying  17%] replaying BTC-USDT @ 1787170860
[replaying  17%] replaying ETH-USDT @ 1787170860
[replaying  17%] replaying BTC-USDT @ 1787170920
[replaying  17%] replaying ETH-USDT @ 1787170920
[replaying  18%] replaying BTC-USDT @ 1787170980
[replaying  18%] replaying ETH-USDT @ 1787170980
[replaying  18%] replaying BTC-USDT @ 1787171040
[replaying  18%] replaying ETH-USDT @ 1787171040
[replaying  18%] replaying BTC-USDT @ 1787171100
[replaying  18%] replaying ETH-USDT @ 1787171100
[replaying  18%] replaying BTC-USDT @ 1787171160
[replaying  18%] replaying ETH-USDT @ 1787171160
[replaying  18%] replaying BTC-USDT @ 1787171220
[replaying  18%] replaying ETH-USDT @ 1787171220
[replaying  18%] replaying BTC-USDT @ 1787171280
[replaying  18%] replaying ETH-USDT @ 1787171280
[replaying  18%] replaying BTC-USDT @ 1787171340
[replaying  18%] replaying ETH-USDT @ 1787171340
[replaying  18%] replaying BTC-USDT @ 1787171400
[replaying  18%] replaying ETH-USDT @ 1787171400
[replaying  18%] replaying BTC-USDT @ 1787171460
[replaying  18%] replaying ETH-USDT @ 1787171460
[replaying  18%] replaying BTC-USDT @ 1787171520
[replaying  18%] replaying ETH-USDT @ 1787171520
[replaying  18%] replaying BTC-USDT @ 1787171580
[replaying  18%] replaying ETH-USDT @ 1787171580
[replaying  18%] replaying BTC-USDT @ 1787171640
[replaying  18%] replaying ETH-USDT @ 1787171640
[replaying  18%] replaying BTC-USDT @ 1787171700
[replaying  18%] replaying ETH-USDT @ 1787171700
[replaying  18%] replaying BTC-USDT @ 1787171760
[replaying  18%] replaying ETH-USDT @ 1787171760
[replaying  18%] replaying BTC-USDT @ 1787171820
[replaying  18%] replaying ETH-USDT @ 1787171820
[replaying  18%] replaying BTC-USDT @ 1787171880
[replaying  18%] replaying ETH-USDT @ 1787171880
[replaying  18%] replaying BTC-USDT @ 1787171940
[replaying  18%] replaying ETH-USDT @ 1787171940
[replaying  18%] replaying BTC-USDT @ 1787172000
[replaying  18%] replaying ETH-USDT @ 1787172000
[replaying  18%] replaying BTC-USDT @ 1787172060
[replaying  18%] replaying ETH-USDT @ 1787172060
[replaying  18%] replaying BTC-USDT @ 1787172120
[replaying  18%] replaying ETH-USDT @ 1787172120
[replaying  18%] replaying BTC-USDT @ 1787172180
[replaying  18%] replaying ETH-USDT @ 1787172180
[replaying  18%] replaying BTC-USDT @ 1787172240
[replaying  18%] replaying ETH-USDT @ 1787172240
[replaying  18%] replaying BTC-USDT @ 1787172300
[replaying  18%] replaying ETH-USDT @ 1787172300
[replaying  18%] replaying BTC-USDT @ 1787172360
[replaying  18%] replaying ETH-USDT @ 1787172360
[replaying  18%] replaying BTC-USDT @ 1787172420
[replaying  18%] replaying ETH-USDT @ 1787172420
[replaying  18%] replaying BTC-USDT @ 1787172480
[replaying  18%] replaying ETH-USDT @ 1787172480
[replaying  18%] replaying BTC-USDT @ 1787172540
[replaying  18%] replaying ETH-USDT @ 1787172540
[replaying  18%] replaying BTC-USDT @ 1787172600
[replaying  18%] replaying ETH-USDT @ 1787172600
[replaying  18%] replaying BTC-USDT @ 1787172660
[replaying  18%] replaying ETH-USDT @ 1787172660
[replaying  18%] replaying BTC-USDT @ 1787172720
[replaying  18%] replaying ETH-USDT @ 1787172720
[replaying  18%] replaying BTC-USDT @ 1787172780
[replaying  18%] replaying ETH-USDT @ 1787172780
[replaying  18%] replaying BTC-USDT @ 1787172840
[replaying  18%] replaying ETH-USDT @ 1787172840
[replaying  18%] replaying BTC-USDT @ 1787172900
[replaying  18%] replaying ETH-USDT @ 1787172900
[replaying  18%] replaying BTC-USDT @ 1787172960
[replaying  18%] replaying ETH-USDT @ 1787172960
[replaying  18%] replaying BTC-USDT @ 1787173020
[replaying  18%] replaying ETH-USDT @ 1787173020
[replaying  18%] replaying BTC-USDT @ 1787173080
[replaying  18%] replaying ETH-USDT @ 1787173080
[replaying  18%] replaying BTC-USDT @ 1787173140
[replaying  18%] replaying ETH-USDT @ 1787173140
[replaying  18%] replaying BTC-USDT @ 1787173200
[replaying  18%] replaying ETH-USDT @ 1787173200
[replaying  18%] replaying BTC-USDT @ 1787173260
[replaying  18%] replaying ETH-USDT @ 1787173260
[replaying  18%] replaying BTC-USDT @ 1787173320
[replaying  18%] replaying ETH-USDT @ 1787173320
[replaying  18%] replaying BTC-USDT @ 1787173380
[replaying  18%] replaying ETH-USDT @ 1787173380
[replaying  18%] replaying BTC-USDT @ 1787173440
[replaying  18%] replaying ETH-USDT @ 1787173440
[replaying  18%] replaying BTC-USDT @ 1787173500
[replaying  18%] replaying ETH-USDT @ 1787173500
[replaying  18%] replaying BTC-USDT @ 1787173560
[replaying  18%] replaying ETH-USDT @ 1787173560
[replaying  18%] replaying BTC-USDT @ 1787173620
[replaying  18%] replaying ETH-USDT @ 1787173620
[replaying  18%] replaying BTC-USDT @ 1787173680
[replaying  18%] replaying ETH-USDT @ 1787173680
[replaying  18%] replaying BTC-USDT @ 1787173740
[replaying  18%] replaying ETH-USDT @ 1787173740
[replaying  18%] replaying BTC-USDT @ 1787173800
[replaying  18%] replaying ETH-USDT @ 1787173800
[replaying  18%] replaying BTC-USDT @ 1787173860
[replaying  18%] replaying ETH-USDT @ 1787173860
[replaying  18%] replaying BTC-USDT @ 1787173920
[replaying  18%] replaying ETH-USDT @ 1787173920
[replaying  18%] replaying BTC-USDT @ 1787173980
[replaying  18%] replaying ETH-USDT @ 1787173980
[replaying  18%] replaying BTC-USDT @ 1787174040
[replaying  18%] replaying ETH-USDT @ 1787174040
[replaying  18%] replaying BTC-USDT @ 1787174100
[replaying  18%] replaying ETH-USDT @ 1787174100
[replaying  18%] replaying BTC-USDT @ 1787174160
[replaying  18%] replaying ETH-USDT @ 1787174160
[replaying  18%] replaying BTC-USDT @ 1787174220
[replaying  18%] replaying ETH-USDT @ 1787174220
[replaying  18%] replaying BTC-USDT @ 1787174280
[replaying  18%] replaying ETH-USDT @ 1787174280
[replaying  19%] replaying BTC-USDT @ 1787174340
[replaying  19%] replaying ETH-USDT @ 1787174340
[replaying  19%] replaying BTC-USDT @ 1787174400
[replaying  19%] replaying ETH-USDT @ 1787174400
[replaying  19%] replaying BTC-USDT @ 1787174460
[replaying  19%] replaying ETH-USDT @ 1787174460
[replaying  19%] replaying BTC-USDT @ 1787174520
[replaying  19%] replaying ETH-USDT @ 1787174520
[replaying  19%] replaying BTC-USDT @ 1787174580
[replaying  19%] replaying ETH-USDT @ 1787174580
[replaying  19%] replaying BTC-USDT @ 1787174640
[replaying  19%] replaying ETH-USDT @ 1787174640
[replaying  19%] replaying BTC-USDT @ 1787174700
[replaying  19%] replaying ETH-USDT @ 1787174700
[replaying  19%] replaying BTC-USDT @ 1787174760
[replaying  19%] replaying ETH-USDT @ 1787174760
[replaying  19%] replaying BTC-USDT @ 1787174820
[replaying  19%] replaying ETH-USDT @ 1787174820
[replaying  19%] replaying BTC-USDT @ 1787174880
[replaying  19%] replaying ETH-USDT @ 1787174880
[replaying  19%] replaying BTC-USDT @ 1787174940
[replaying  19%] replaying ETH-USDT @ 1787174940
[replaying  19%] replaying BTC-USDT @ 1787175000
[replaying  19%] replaying ETH-USDT @ 1787175000
[replaying  19%] replaying BTC-USDT @ 1787175060
[replaying  19%] replaying ETH-USDT @ 1787175060
[replaying  19%] replaying BTC-USDT @ 1787175120
[replaying  19%] replaying ETH-USDT @ 1787175120
[replaying  19%] replaying BTC-USDT @ 1787175180
[replaying  19%] replaying ETH-USDT @ 1787175180
[replaying  19%] replaying BTC-USDT @ 1787175240
[replaying  19%] replaying ETH-USDT @ 1787175240
[replaying  19%] replaying BTC-USDT @ 1787175300
[replaying  19%] replaying ETH-USDT @ 1787175300
[replaying  19%] replaying BTC-USDT @ 1787175360
[replaying  19%] replaying ETH-USDT @ 1787175360
[replaying  19%] replaying BTC-USDT @ 1787175420
[replaying  19%] replaying ETH-USDT @ 1787175420
[replaying  19%] replaying BTC-USDT @ 1787175480
[replaying  19%] replaying ETH-USDT @ 1787175480
[replaying  19%] replaying BTC-USDT @ 1787175540
[replaying  19%] replaying ETH-USDT @ 1787175540
[replaying  19%] replaying BTC-USDT @ 1787175600
[replaying  19%] replaying ETH-USDT @ 1787175600
[replaying  19%] replaying BTC-USDT @ 1787175660
[replaying  19%] replaying ETH-USDT @ 1787175660
[replaying  19%] replaying BTC-USDT @ 1787175720
[replaying  19%] replaying ETH-USDT @ 1787175720
[replaying  19%] replaying BTC-USDT @ 1787175780
[replaying  19%] replaying ETH-USDT @ 1787175780
[replaying  19%] replaying BTC-USDT @ 1787175840
[replaying  19%] replaying ETH-USDT @ 1787175840
[replaying  19%] replaying BTC-USDT @ 1787175900
[replaying  19%] replaying ETH-USDT @ 1787175900
[replaying  19%] replaying BTC-USDT @ 1787175960
[replaying  19%] replaying ETH-USDT @ 1787175960
[replaying  19%] replaying BTC-USDT @ 1787176020
[replaying  19%] replaying ETH-USDT @ 1787176020
[replaying  19%] replaying BTC-USDT @ 1787176080
[replaying  19%] replaying ETH-USDT @ 1787176080
[replaying  19%] replaying BTC-USDT @ 1787176140
[replaying  19%] replaying ETH-USDT @ 1787176140
[replaying  19%] replaying BTC-USDT @ 1787176200
[replaying  19%] replaying ETH-USDT @ 1787176200
[replaying  19%] replaying BTC-USDT @ 1787176260
[replaying  19%] replaying ETH-USDT @ 1787176260
[replaying  19%] replaying BTC-USDT @ 1787176320
[replaying  19%] replaying ETH-USDT @ 1787176320
[replaying  19%] replaying BTC-USDT @ 1787176380
[replaying  19%] replaying ETH-USDT @ 1787176380
[replaying  19%] replaying BTC-USDT @ 1787176440
[replaying  19%] replaying ETH-USDT @ 1787176440
[replaying  19%] replaying BTC-USDT @ 1787176500
[replaying  19%] replaying ETH-USDT @ 1787176500
[replaying  19%] replaying BTC-USDT @ 1787176560
[replaying  19%] replaying ETH-USDT @ 1787176560
[replaying  19%] replaying BTC-USDT @ 1787176620
[replaying  19%] replaying ETH-USDT @ 1787176620
[replaying  19%] replaying BTC-USDT @ 1787176680
[replaying  19%] replaying ETH-USDT @ 1787176680
[replaying  19%] replaying BTC-USDT @ 1787176740
[replaying  19%] replaying ETH-USDT @ 1787176740
[replaying  19%] replaying BTC-USDT @ 1787176800
[replaying  19%] replaying ETH-USDT @ 1787176800
[replaying  19%] replaying BTC-USDT @ 1787176860
[replaying  19%] replaying ETH-USDT @ 1787176860
[replaying  19%] replaying BTC-USDT @ 1787176920
[replaying  19%] replaying ETH-USDT @ 1787176920
[replaying  19%] replaying BTC-USDT @ 1787176980
[replaying  19%] replaying ETH-USDT @ 1787176980
[replaying  19%] replaying BTC-USDT @ 1787177040
[replaying  19%] replaying ETH-USDT @ 1787177040
[replaying  19%] replaying BTC-USDT @ 1787177100
[replaying  19%] replaying ETH-USDT @ 1787177100
[replaying  19%] replaying BTC-USDT @ 1787177160
[replaying  19%] replaying ETH-USDT @ 1787177160
[replaying  19%] replaying BTC-USDT @ 1787177220
[replaying  19%] replaying ETH-USDT @ 1787177220
[replaying  19%] replaying BTC-USDT @ 1787177280
[replaying  19%] replaying ETH-USDT @ 1787177280
[replaying  19%] replaying BTC-USDT @ 1787177340
[replaying  19%] replaying ETH-USDT @ 1787177340
[replaying  19%] replaying BTC-USDT @ 1787177400
[replaying  19%] replaying ETH-USDT @ 1787177400
[replaying  19%] replaying BTC-USDT @ 1787177460
[replaying  19%] replaying ETH-USDT @ 1787177460
[replaying  19%] replaying BTC-USDT @ 1787177520
[replaying  19%] replaying ETH-USDT @ 1787177520
[replaying  19%] replaying BTC-USDT @ 1787177580
[replaying  19%] replaying ETH-USDT @ 1787177580
[replaying  19%] replaying BTC-USDT @ 1787177640
[replaying  20%] replaying ETH-USDT @ 1787177640
[replaying  20%] replaying BTC-USDT @ 1787177700
[replaying  20%] replaying ETH-USDT @ 1787177700
[replaying  20%] replaying BTC-USDT @ 1787177760
[replaying  20%] replaying ETH-USDT @ 1787177760
[replaying  20%] replaying BTC-USDT @ 1787177820
[replaying  20%] replaying ETH-USDT @ 1787177820
[replaying  20%] replaying BTC-USDT @ 1787177880
[replaying  20%] replaying ETH-USDT @ 1787177880
[replaying  20%] replaying BTC-USDT @ 1787177940
[replaying  20%] replaying ETH-USDT @ 1787177940
[replaying  20%] replaying BTC-USDT @ 1787178000
[replaying  20%] replaying ETH-USDT @ 1787178000
[replaying  20%] replaying BTC-USDT @ 1787178060
[replaying  20%] replaying ETH-USDT @ 1787178060
[replaying  20%] replaying BTC-USDT @ 1787178120
[replaying  20%] replaying ETH-USDT @ 1787178120
[replaying  20%] replaying BTC-USDT @ 1787178180
[replaying  20%] replaying ETH-USDT @ 1787178180
[replaying  20%] replaying BTC-USDT @ 1787178240
[replaying  20%] replaying ETH-USDT @ 1787178240
[replaying  20%] replaying BTC-USDT @ 1787178300
[replaying  20%] replaying ETH-USDT @ 1787178300
[replaying  20%] replaying BTC-USDT @ 1787178360
[replaying  20%] replaying ETH-USDT @ 1787178360
[replaying  20%] replaying BTC-USDT @ 1787178420
[replaying  20%] replaying ETH-USDT @ 1787178420
[replaying  20%] replaying BTC-USDT @ 1787178480
[replaying  20%] replaying ETH-USDT @ 1787178480
[replaying  20%] replaying BTC-USDT @ 1787178540
[replaying  20%] replaying ETH-USDT @ 1787178540
[replaying  20%] replaying BTC-USDT @ 1787178600
[replaying  20%] replaying ETH-USDT @ 1787178600
[replaying  20%] replaying BTC-USDT @ 1787178660
[replaying  20%] replaying ETH-USDT @ 1787178660
[replaying  20%] replaying BTC-USDT @ 1787178720
[replaying  20%] replaying ETH-USDT @ 1787178720
[replaying  20%] replaying BTC-USDT @ 1787178780
[replaying  20%] replaying ETH-USDT @ 1787178780
[replaying  20%] replaying BTC-USDT @ 1787178840
[replaying  20%] replaying ETH-USDT @ 1787178840
[replaying  20%] replaying BTC-USDT @ 1787178900
[replaying  20%] replaying ETH-USDT @ 1787178900
[replaying  20%] replaying BTC-USDT @ 1787178960
[replaying  20%] replaying ETH-USDT @ 1787178960
[replaying  20%] replaying BTC-USDT @ 1787179020
[replaying  20%] replaying ETH-USDT @ 1787179020
[replaying  20%] replaying BTC-USDT @ 1787179080
[replaying  20%] replaying ETH-USDT @ 1787179080
[replaying  20%] replaying BTC-USDT @ 1787179140
[replaying  20%] replaying ETH-USDT @ 1787179140
[replaying  20%] replaying BTC-USDT @ 1787179200
[replaying  20%] replaying ETH-USDT @ 1787179200
[replaying  20%] replaying BTC-USDT @ 1787179260
[replaying  20%] replaying ETH-USDT @ 1787179260
[replaying  20%] replaying BTC-USDT @ 1787179320
[replaying  20%] replaying ETH-USDT @ 1787179320
[replaying  20%] replaying BTC-USDT @ 1787179380
[replaying  20%] replaying ETH-USDT @ 1787179380
[replaying  20%] replaying BTC-USDT @ 1787179440
[replaying  20%] replaying ETH-USDT @ 1787179440
[replaying  20%] replaying BTC-USDT @ 1787179500
[replaying  20%] replaying ETH-USDT @ 1787179500
[replaying  20%] replaying BTC-USDT @ 1787179560
[replaying  20%] replaying ETH-USDT @ 1787179560
[replaying  20%] replaying BTC-USDT @ 1787179620
[replaying  20%] replaying ETH-USDT @ 1787179620
[replaying  20%] replaying BTC-USDT @ 1787179680
[replaying  20%] replaying ETH-USDT @ 1787179680
[replaying  20%] replaying BTC-USDT @ 1787179740
[replaying  20%] replaying ETH-USDT @ 1787179740
[replaying  20%] replaying BTC-USDT @ 1787179800
[replaying  20%] replaying ETH-USDT @ 1787179800
[replaying  20%] replaying BTC-USDT @ 1787179860
[replaying  20%] replaying ETH-USDT @ 1787179860
[replaying  20%] replaying BTC-USDT @ 1787179920
[replaying  20%] replaying ETH-USDT @ 1787179920
[replaying  20%] replaying BTC-USDT @ 1787179980
[replaying  20%] replaying ETH-USDT @ 1787179980
[replaying  20%] replaying BTC-USDT @ 1787180040
[replaying  20%] replaying ETH-USDT @ 1787180040
[replaying  20%] replaying BTC-USDT @ 1787180100
[replaying  20%] replaying ETH-USDT @ 1787180100
[replaying  20%] replaying BTC-USDT @ 1787180160
[replaying  20%] replaying ETH-USDT @ 1787180160
[replaying  20%] replaying BTC-USDT @ 1787180220
[replaying  20%] replaying ETH-USDT @ 1787180220
[replaying  20%] replaying BTC-USDT @ 1787180280
[replaying  20%] replaying ETH-USDT @ 1787180280
[replaying  20%] replaying BTC-USDT @ 1787180340
[replaying  20%] replaying ETH-USDT @ 1787180340
[replaying  20%] replaying BTC-USDT @ 1787180400
[replaying  20%] replaying ETH-USDT @ 1787180400
[replaying  20%] replaying BTC-USDT @ 1787180460
[replaying  20%] replaying ETH-USDT @ 1787180460
[replaying  20%] replaying BTC-USDT @ 1787180520
[replaying  20%] replaying ETH-USDT @ 1787180520
[replaying  20%] replaying BTC-USDT @ 1787180580
[replaying  20%] replaying ETH-USDT @ 1787180580
[replaying  20%] replaying BTC-USDT @ 1787180640
[replaying  20%] replaying ETH-USDT @ 1787180640
[replaying  20%] replaying BTC-USDT @ 1787180700
[replaying  20%] replaying ETH-USDT @ 1787180700
[replaying  20%] replaying BTC-USDT @ 1787180760
[replaying  20%] replaying ETH-USDT @ 1787180760
[replaying  20%] replaying BTC-USDT @ 1787180820
[replaying  20%] replaying ETH-USDT @ 1787180820
[replaying  20%] replaying BTC-USDT @ 1787180880
[replaying  20%] replaying ETH-USDT @ 1787180880
[replaying  20%] replaying BTC-USDT @ 1787180940
[replaying  20%] replaying ETH-USDT @ 1787180940
[replaying  21%] replaying BTC-USDT @ 1787181000
[replaying  21%] replaying ETH-USDT @ 1787181000
[replaying  21%] replaying BTC-USDT @ 1787181060
[replaying  21%] replaying ETH-USDT @ 1787181060
[replaying  21%] replaying BTC-USDT @ 1787181120
[replaying  21%] replaying ETH-USDT @ 1787181120
[replaying  21%] replaying BTC-USDT @ 1787181180
[replaying  21%] replaying ETH-USDT @ 1787181180
[replaying  21%] replaying BTC-USDT @ 1787181240
[replaying  21%] replaying ETH-USDT @ 1787181240
[replaying  21%] replaying BTC-USDT @ 1787181300
[replaying  21%] replaying ETH-USDT @ 1787181300
[replaying  21%] replaying BTC-USDT @ 1787181360
[replaying  21%] replaying ETH-USDT @ 1787181360
[replaying  21%] replaying BTC-USDT @ 1787181420
[replaying  21%] replaying ETH-USDT @ 1787181420
[replaying  21%] replaying BTC-USDT @ 1787181480
[replaying  21%] replaying ETH-USDT @ 1787181480
[replaying  21%] replaying BTC-USDT @ 1787181540
[replaying  21%] replaying ETH-USDT @ 1787181540
[replaying  21%] replaying BTC-USDT @ 1787181600
[replaying  21%] replaying ETH-USDT @ 1787181600
[replaying  21%] replaying BTC-USDT @ 1787181660
[replaying  21%] replaying ETH-USDT @ 1787181660
[replaying  21%] replaying BTC-USDT @ 1787181720
[replaying  21%] replaying ETH-USDT @ 1787181720
[replaying  21%] replaying BTC-USDT @ 1787181780
[replaying  21%] replaying ETH-USDT @ 1787181780
[replaying  21%] replaying BTC-USDT @ 1787181840
[replaying  21%] replaying ETH-USDT @ 1787181840
[replaying  21%] replaying BTC-USDT @ 1787181900
[replaying  21%] replaying ETH-USDT @ 1787181900
[replaying  21%] replaying BTC-USDT @ 1787181960
[replaying  21%] replaying ETH-USDT @ 1787181960
[replaying  21%] replaying BTC-USDT @ 1787182020
[replaying  21%] replaying ETH-USDT @ 1787182020
[replaying  21%] replaying BTC-USDT @ 1787182080
[replaying  21%] replaying ETH-USDT @ 1787182080
[replaying  21%] replaying BTC-USDT @ 1787182140
[replaying  21%] replaying ETH-USDT @ 1787182140
[replaying  21%] replaying BTC-USDT @ 1787182200
[replaying  21%] replaying ETH-USDT @ 1787182200
[replaying  21%] replaying BTC-USDT @ 1787182260
[replaying  21%] replaying ETH-USDT @ 1787182260
[replaying  21%] replaying BTC-USDT @ 1787182320
[replaying  21%] replaying ETH-USDT @ 1787182320
[replaying  21%] replaying BTC-USDT @ 1787182380
[replaying  21%] replaying ETH-USDT @ 1787182380
[replaying  21%] replaying BTC-USDT @ 1787182440
[replaying  21%] replaying ETH-USDT @ 1787182440
[replaying  21%] replaying BTC-USDT @ 1787182500
[replaying  21%] replaying ETH-USDT @ 1787182500
[replaying  21%] replaying BTC-USDT @ 1787182560
[replaying  21%] replaying ETH-USDT @ 1787182560
[replaying  21%] replaying BTC-USDT @ 1787182620
[replaying  21%] replaying ETH-USDT @ 1787182620
[replaying  21%] replaying BTC-USDT @ 1787182680
[replaying  21%] replaying ETH-USDT @ 1787182680
[replaying  21%] replaying BTC-USDT @ 1787182740
[replaying  21%] replaying ETH-USDT @ 1787182740
[replaying  21%] replaying BTC-USDT @ 1787182800
[replaying  21%] replaying ETH-USDT @ 1787182800
[replaying  21%] replaying BTC-USDT @ 1787182860
[replaying  21%] replaying ETH-USDT @ 1787182860
[replaying  21%] replaying BTC-USDT @ 1787182920
[replaying  21%] replaying ETH-USDT @ 1787182920
[replaying  21%] replaying BTC-USDT @ 1787182980
[replaying  21%] replaying ETH-USDT @ 1787182980
[replaying  21%] replaying BTC-USDT @ 1787183040
[replaying  21%] replaying ETH-USDT @ 1787183040
[replaying  21%] replaying BTC-USDT @ 1787183100
[replaying  21%] replaying ETH-USDT @ 1787183100
[replaying  21%] replaying BTC-USDT @ 1787183160
[replaying  21%] replaying ETH-USDT @ 1787183160
[replaying  21%] replaying BTC-USDT @ 1787183220
[replaying  21%] replaying ETH-USDT @ 1787183220
[replaying  21%] replaying BTC-USDT @ 1787183280
[replaying  21%] replaying ETH-USDT @ 1787183280
[replaying  21%] replaying BTC-USDT @ 1787183340
[replaying  21%] replaying ETH-USDT @ 1787183340
[replaying  21%] replaying BTC-USDT @ 1787183400
[replaying  21%] replaying ETH-USDT @ 1787183400
[replaying  21%] replaying BTC-USDT @ 1787183460
[replaying  21%] replaying ETH-USDT @ 1787183460
[replaying  21%] replaying BTC-USDT @ 1787183520
[replaying  21%] replaying ETH-USDT @ 1787183520
[replaying  21%] replaying BTC-USDT @ 1787183580
[replaying  21%] replaying ETH-USDT @ 1787183580
[replaying  21%] replaying BTC-USDT @ 1787183640
[replaying  21%] replaying ETH-USDT @ 1787183640
[replaying  21%] replaying BTC-USDT @ 1787183700
[replaying  21%] replaying ETH-USDT @ 1787183700
[replaying  21%] replaying BTC-USDT @ 1787183760
[replaying  21%] replaying ETH-USDT @ 1787183760
[replaying  21%] replaying BTC-USDT @ 1787183820
[replaying  21%] replaying ETH-USDT @ 1787183820
[replaying  21%] replaying BTC-USDT @ 1787183880
[replaying  21%] replaying ETH-USDT @ 1787183880
[replaying  21%] replaying BTC-USDT @ 1787183940
[replaying  21%] replaying ETH-USDT @ 1787183940
[replaying  21%] replaying BTC-USDT @ 1787184000
[replaying  21%] replaying ETH-USDT @ 1787184000
[replaying  21%] replaying BTC-USDT @ 1787184060
[replaying  21%] replaying ETH-USDT @ 1787184060
[replaying  21%] replaying BTC-USDT @ 1787184120
[replaying  21%] replaying ETH-USDT @ 1787184120
[replaying  21%] replaying BTC-USDT @ 1787184180
[replaying  21%] replaying ETH-USDT @ 1787184180
[replaying  21%] replaying BTC-USDT @ 1787184240
[replaying  21%] replaying ETH-USDT @ 1787184240
[replaying  21%] replaying BTC-USDT @ 1787184300
[replaying  21%] replaying ETH-USDT @ 1787184300
[replaying  22%] replaying BTC-USDT @ 1787184360
[replaying  22%] replaying ETH-USDT @ 1787184360
[replaying  22%] replaying BTC-USDT @ 1787184420
[replaying  22%] replaying ETH-USDT @ 1787184420
[replaying  22%] replaying BTC-USDT @ 1787184480
[replaying  22%] replaying ETH-USDT @ 1787184480
[replaying  22%] replaying BTC-USDT @ 1787184540
[replaying  22%] replaying ETH-USDT @ 1787184540
[replaying  22%] replaying BTC-USDT @ 1787184600
[replaying  22%] replaying ETH-USDT @ 1787184600
[replaying  22%] replaying BTC-USDT @ 1787184660
[replaying  22%] replaying ETH-USDT @ 1787184660
[replaying  22%] replaying BTC-USDT @ 1787184720
[replaying  22%] replaying ETH-USDT @ 1787184720
[replaying  22%] replaying BTC-USDT @ 1787184780
[replaying  22%] replaying ETH-USDT @ 1787184780
[replaying  22%] replaying BTC-USDT @ 1787184840
[replaying  22%] replaying ETH-USDT @ 1787184840
[replaying  22%] replaying BTC-USDT @ 1787184900
[replaying  22%] replaying ETH-USDT @ 1787184900
[replaying  22%] replaying BTC-USDT @ 1787184960
[replaying  22%] replaying ETH-USDT @ 1787184960
[replaying  22%] replaying BTC-USDT @ 1787185020
[replaying  22%] replaying ETH-USDT @ 1787185020
[replaying  22%] replaying BTC-USDT @ 1787185080
[replaying  22%] replaying ETH-USDT @ 1787185080
[replaying  22%] replaying BTC-USDT @ 1787185140
[replaying  22%] replaying ETH-USDT @ 1787185140
[replaying  22%] replaying BTC-USDT @ 1787185200
[replaying  22%] replaying ETH-USDT @ 1787185200
[replaying  22%] replaying BTC-USDT @ 1787185260
[replaying  22%] replaying ETH-USDT @ 1787185260
[replaying  22%] replaying BTC-USDT @ 1787185320
[replaying  22%] replaying ETH-USDT @ 1787185320
[replaying  22%] replaying BTC-USDT @ 1787185380
[replaying  22%] replaying ETH-USDT @ 1787185380
[replaying  22%] replaying BTC-USDT @ 1787185440
[replaying  22%] replaying ETH-USDT @ 1787185440
[replaying  22%] replaying BTC-USDT @ 1787185500
[replaying  22%] replaying ETH-USDT @ 1787185500
[replaying  22%] replaying BTC-USDT @ 1787185560
[replaying  22%] replaying ETH-USDT @ 1787185560
[replaying  22%] replaying BTC-USDT @ 1787185620
[replaying  22%] replaying ETH-USDT @ 1787185620
[replaying  22%] replaying BTC-USDT @ 1787185680
[replaying  22%] replaying ETH-USDT @ 1787185680
[replaying  22%] replaying BTC-USDT @ 1787185740
[replaying  22%] replaying ETH-USDT @ 1787185740
[replaying  22%] replaying BTC-USDT @ 1787185800
[replaying  22%] replaying ETH-USDT @ 1787185800
[replaying  22%] replaying BTC-USDT @ 1787185860
[replaying  22%] replaying ETH-USDT @ 1787185860
[replaying  22%] replaying BTC-USDT @ 1787185920
[replaying  22%] replaying ETH-USDT @ 1787185920
[replaying  22%] replaying BTC-USDT @ 1787185980
[replaying  22%] replaying ETH-USDT @ 1787185980
[replaying  22%] replaying BTC-USDT @ 1787186040
[replaying  22%] replaying ETH-USDT @ 1787186040
[replaying  22%] replaying BTC-USDT @ 1787186100
[replaying  22%] replaying ETH-USDT @ 1787186100
[replaying  22%] replaying BTC-USDT @ 1787186160
[replaying  22%] replaying ETH-USDT @ 1787186160
[replaying  22%] replaying BTC-USDT @ 1787186220
[replaying  22%] replaying ETH-USDT @ 1787186220
[replaying  22%] replaying BTC-USDT @ 1787186280
[replaying  22%] replaying ETH-USDT @ 1787186280
[replaying  22%] replaying BTC-USDT @ 1787186340
[replaying  22%] replaying ETH-USDT @ 1787186340
[replaying  22%] replaying BTC-USDT @ 1787186400
[replaying  22%] replaying ETH-USDT @ 1787186400
[replaying  22%] replaying BTC-USDT @ 1787186460
[replaying  22%] replaying ETH-USDT @ 1787186460
[replaying  22%] replaying BTC-USDT @ 1787186520
[replaying  22%] replaying ETH-USDT @ 1787186520
[replaying  22%] replaying BTC-USDT @ 1787186580
[replaying  22%] replaying ETH-USDT @ 1787186580
[replaying  22%] replaying BTC-USDT @ 1787186640
[replaying  22%] replaying ETH-USDT @ 1787186640
[replaying  22%] replaying BTC-USDT @ 1787186700
[replaying  22%] replaying ETH-USDT @ 1787186700
[replaying  22%] replaying BTC-USDT @ 1787186760
[replaying  22%] replaying ETH-USDT @ 1787186760
[replaying  22%] replaying BTC-USDT @ 1787186820
[replaying  22%] replaying ETH-USDT @ 1787186820
[replaying  22%] replaying BTC-USDT @ 1787186880
[replaying  22%] replaying ETH-USDT @ 1787186880
[replaying  22%] replaying BTC-USDT @ 1787186940
[replaying  22%] replaying ETH-USDT @ 1787186940
[replaying  22%] replaying BTC-USDT @ 1787187000
[replaying  22%] replaying ETH-USDT @ 1787187000
[replaying  22%] replaying BTC-USDT @ 1787187060
[replaying  22%] replaying ETH-USDT @ 1787187060
[replaying  22%] replaying BTC-USDT @ 1787187120
[replaying  22%] replaying ETH-USDT @ 1787187120
[replaying  22%] replaying BTC-USDT @ 1787187180
[replaying  22%] replaying ETH-USDT @ 1787187180
[replaying  22%] replaying BTC-USDT @ 1787187240
[replaying  22%] replaying ETH-USDT @ 1787187240
[replaying  22%] replaying BTC-USDT @ 1787187300
[replaying  22%] replaying ETH-USDT @ 1787187300
[replaying  22%] replaying BTC-USDT @ 1787187360
[replaying  22%] replaying ETH-USDT @ 1787187360
[replaying  22%] replaying BTC-USDT @ 1787187420
[replaying  22%] replaying ETH-USDT @ 1787187420
[replaying  22%] replaying BTC-USDT @ 1787187480
[replaying  22%] replaying ETH-USDT @ 1787187480
[replaying  22%] replaying BTC-USDT @ 1787187540
[replaying  22%] replaying ETH-USDT @ 1787187540
[replaying  22%] replaying BTC-USDT @ 1787187600
[replaying  22%] replaying ETH-USDT @ 1787187600
[replaying  22%] replaying BTC-USDT @ 1787187660
[replaying  23%] replaying ETH-USDT @ 1787187660
[replaying  23%] replaying BTC-USDT @ 1787187720
[replaying  23%] replaying ETH-USDT @ 1787187720
[replaying  23%] replaying BTC-USDT @ 1787187780
[replaying  23%] replaying ETH-USDT @ 1787187780
[replaying  23%] replaying BTC-USDT @ 1787187840
[replaying  23%] replaying ETH-USDT @ 1787187840
[replaying  23%] replaying BTC-USDT @ 1787187900
[replaying  23%] replaying ETH-USDT @ 1787187900
[replaying  23%] replaying BTC-USDT @ 1787187960
[replaying  23%] replaying ETH-USDT @ 1787187960
[replaying  23%] replaying BTC-USDT @ 1787188020
[replaying  23%] replaying ETH-USDT @ 1787188020
[replaying  23%] replaying BTC-USDT @ 1787188080
[replaying  23%] replaying ETH-USDT @ 1787188080
[replaying  23%] replaying BTC-USDT @ 1787188140
[replaying  23%] replaying ETH-USDT @ 1787188140
[replaying  23%] replaying BTC-USDT @ 1787188200
[replaying  23%] replaying ETH-USDT @ 1787188200
[replaying  23%] replaying BTC-USDT @ 1787188260
[replaying  23%] replaying ETH-USDT @ 1787188260
[replaying  23%] replaying BTC-USDT @ 1787188320
[replaying  23%] replaying ETH-USDT @ 1787188320
[replaying  23%] replaying BTC-USDT @ 1787188380
[replaying  23%] replaying ETH-USDT @ 1787188380
[replaying  23%] replaying BTC-USDT @ 1787188440
[replaying  23%] replaying ETH-USDT @ 1787188440
[replaying  23%] replaying BTC-USDT @ 1787188500
[replaying  23%] replaying ETH-USDT @ 1787188500
[replaying  23%] replaying BTC-USDT @ 1787188560
[replaying  23%] replaying ETH-USDT @ 1787188560
[replaying  23%] replaying BTC-USDT @ 1787188620
[replaying  23%] replaying ETH-USDT @ 1787188620
[replaying  23%] replaying BTC-USDT @ 1787188680
[replaying  23%] replaying ETH-USDT @ 1787188680
[replaying  23%] replaying BTC-USDT @ 1787188740
[replaying  23%] replaying ETH-USDT @ 1787188740
[replaying  23%] replaying BTC-USDT @ 1787188800
[replaying  23%] replaying ETH-USDT @ 1787188800
[replaying  23%] replaying BTC-USDT @ 1787188860
[replaying  23%] replaying ETH-USDT @ 1787188860
[replaying  23%] replaying BTC-USDT @ 1787188920
[replaying  23%] replaying ETH-USDT @ 1787188920
[replaying  23%] replaying BTC-USDT @ 1787188980
[replaying  23%] replaying ETH-USDT @ 1787188980
[replaying  23%] replaying BTC-USDT @ 1787189040
[replaying  23%] replaying ETH-USDT @ 1787189040
[replaying  23%] replaying BTC-USDT @ 1787189100
[replaying  23%] replaying ETH-USDT @ 1787189100
[replaying  23%] replaying BTC-USDT @ 1787189160
[replaying  23%] replaying ETH-USDT @ 1787189160
[replaying  23%] replaying BTC-USDT @ 1787189220
[replaying  23%] replaying ETH-USDT @ 1787189220
[replaying  23%] replaying BTC-USDT @ 1787189280
[replaying  23%] replaying ETH-USDT @ 1787189280
[replaying  23%] replaying BTC-USDT @ 1787189340
[replaying  23%] replaying ETH-USDT @ 1787189340
[replaying  23%] replaying BTC-USDT @ 1787189400
[replaying  23%] replaying ETH-USDT @ 1787189400
[replaying  23%] replaying BTC-USDT @ 1787189460
[replaying  23%] replaying ETH-USDT @ 1787189460
[replaying  23%] replaying BTC-USDT @ 1787189520
[replaying  23%] replaying ETH-USDT @ 1787189520
[replaying  23%] replaying BTC-USDT @ 1787189580
[replaying  23%] replaying ETH-USDT @ 1787189580
[replaying  23%] replaying BTC-USDT @ 1787189640
[replaying  23%] replaying ETH-USDT @ 1787189640
[replaying  23%] replaying BTC-USDT @ 1787189700
[replaying  23%] replaying ETH-USDT @ 1787189700
[replaying  23%] replaying BTC-USDT @ 1787189760
[replaying  23%] replaying ETH-USDT @ 1787189760
[replaying  23%] replaying BTC-USDT @ 1787189820
[replaying  23%] replaying ETH-USDT @ 1787189820
[replaying  23%] replaying BTC-USDT @ 1787189880
[replaying  23%] replaying ETH-USDT @ 1787189880
[replaying  23%] replaying BTC-USDT @ 1787189940
[replaying  23%] replaying ETH-USDT @ 1787189940
[replaying  23%] replaying BTC-USDT @ 1787190000
[replaying  23%] replaying ETH-USDT @ 1787190000
[replaying  23%] replaying BTC-USDT @ 1787190060
[replaying  23%] replaying ETH-USDT @ 1787190060
[replaying  23%] replaying BTC-USDT @ 1787190120
[replaying  23%] replaying ETH-USDT @ 1787190120
[replaying  23%] replaying BTC-USDT @ 1787190180
[replaying  23%] replaying ETH-USDT @ 1787190180
[replaying  23%] replaying BTC-USDT @ 1787190240
[replaying  23%] replaying ETH-USDT @ 1787190240
[replaying  23%] replaying BTC-USDT @ 1787190300
[replaying  23%] replaying ETH-USDT @ 1787190300
[replaying  23%] replaying BTC-USDT @ 1787190360
[replaying  23%] replaying ETH-USDT @ 1787190360
[replaying  23%] replaying BTC-USDT @ 1787190420
[replaying  23%] replaying ETH-USDT @ 1787190420
[replaying  23%] replaying BTC-USDT @ 1787190480
[replaying  23%] replaying ETH-USDT @ 1787190480
[replaying  23%] replaying BTC-USDT @ 1787190540
[replaying  23%] replaying ETH-USDT @ 1787190540
[replaying  23%] replaying BTC-USDT @ 1787190600
[replaying  23%] replaying ETH-USDT @ 1787190600
[replaying  23%] replaying BTC-USDT @ 1787190660
[replaying  23%] replaying ETH-USDT @ 1787190660
[replaying  23%] replaying BTC-USDT @ 1787190720
[replaying  23%] replaying ETH-USDT @ 1787190720
[replaying  23%] replaying BTC-USDT @ 1787190780
[replaying  23%] replaying ETH-USDT @ 1787190780
[replaying  23%] replaying BTC-USDT @ 1787190840
[replaying  23%] replaying ETH-USDT @ 1787190840
[replaying  23%] replaying BTC-USDT @ 1787190900
[replaying  23%] replaying ETH-USDT @ 1787190900
[replaying  23%] replaying BTC-USDT @ 1787190960
[replaying  23%] replaying ETH-USDT @ 1787190960
[replaying  24%] replaying BTC-USDT @ 1787191020
[replaying  24%] replaying ETH-USDT @ 1787191020
[replaying  24%] replaying BTC-USDT @ 1787191080
[replaying  24%] replaying ETH-USDT @ 1787191080
[replaying  24%] replaying BTC-USDT @ 1787191140
[replaying  24%] replaying ETH-USDT @ 1787191140
[replaying  24%] replaying BTC-USDT @ 1787191200
[replaying  24%] replaying ETH-USDT @ 1787191200
[replaying  24%] replaying BTC-USDT @ 1787191260
[replaying  24%] replaying ETH-USDT @ 1787191260
[replaying  24%] replaying BTC-USDT @ 1787191320
[replaying  24%] replaying ETH-USDT @ 1787191320
[replaying  24%] replaying BTC-USDT @ 1787191380
[replaying  24%] replaying ETH-USDT @ 1787191380
[replaying  24%] replaying BTC-USDT @ 1787191440
[replaying  24%] replaying ETH-USDT @ 1787191440
[replaying  24%] replaying BTC-USDT @ 1787191500
[replaying  24%] replaying ETH-USDT @ 1787191500
[replaying  24%] replaying BTC-USDT @ 1787191560
[replaying  24%] replaying ETH-USDT @ 1787191560
[replaying  24%] replaying BTC-USDT @ 1787191620
[replaying  24%] replaying ETH-USDT @ 1787191620
[replaying  24%] replaying BTC-USDT @ 1787191680
[replaying  24%] replaying ETH-USDT @ 1787191680
[replaying  24%] replaying BTC-USDT @ 1787191740
[replaying  24%] replaying ETH-USDT @ 1787191740
[replaying  24%] replaying BTC-USDT @ 1787191800
[replaying  24%] replaying ETH-USDT @ 1787191800
[replaying  24%] replaying BTC-USDT @ 1787191860
[replaying  24%] replaying ETH-USDT @ 1787191860
[replaying  24%] replaying BTC-USDT @ 1787191920
[replaying  24%] replaying ETH-USDT @ 1787191920
[replaying  24%] replaying BTC-USDT @ 1787191980
[replaying  24%] replaying ETH-USDT @ 1787191980
[replaying  24%] replaying BTC-USDT @ 1787192040
[replaying  24%] replaying ETH-USDT @ 1787192040
[replaying  24%] replaying BTC-USDT @ 1787192100
[replaying  24%] replaying ETH-USDT @ 1787192100
[replaying  24%] replaying BTC-USDT @ 1787192160
[replaying  24%] replaying ETH-USDT @ 1787192160
[replaying  24%] replaying BTC-USDT @ 1787192220
[replaying  24%] replaying ETH-USDT @ 1787192220
[replaying  24%] replaying BTC-USDT @ 1787192280
[replaying  24%] replaying ETH-USDT @ 1787192280
[replaying  24%] replaying BTC-USDT @ 1787192340
[replaying  24%] replaying ETH-USDT @ 1787192340
[replaying  24%] replaying BTC-USDT @ 1787192400
[replaying  24%] replaying ETH-USDT @ 1787192400
[replaying  24%] replaying BTC-USDT @ 1787192460
[replaying  24%] replaying ETH-USDT @ 1787192460
[replaying  24%] replaying BTC-USDT @ 1787192520
[replaying  24%] replaying ETH-USDT @ 1787192520
[replaying  24%] replaying BTC-USDT @ 1787192580
[replaying  24%] replaying ETH-USDT @ 1787192580
[replaying  24%] replaying BTC-USDT @ 1787192640
[replaying  24%] replaying ETH-USDT @ 1787192640
[replaying  24%] replaying BTC-USDT @ 1787192700
[replaying  24%] replaying ETH-USDT @ 1787192700
[replaying  24%] replaying BTC-USDT @ 1787192760
[replaying  24%] replaying ETH-USDT @ 1787192760
[replaying  24%] replaying BTC-USDT @ 1787192820
[replaying  24%] replaying ETH-USDT @ 1787192820
[replaying  24%] replaying BTC-USDT @ 1787192880
[replaying  24%] replaying ETH-USDT @ 1787192880
[replaying  24%] replaying BTC-USDT @ 1787192940
[replaying  24%] replaying ETH-USDT @ 1787192940
[replaying  24%] replaying BTC-USDT @ 1787193000
[replaying  24%] replaying ETH-USDT @ 1787193000
[replaying  24%] replaying BTC-USDT @ 1787193060
[replaying  24%] replaying ETH-USDT @ 1787193060
[replaying  24%] replaying BTC-USDT @ 1787193120
[replaying  24%] replaying ETH-USDT @ 1787193120
[replaying  24%] replaying BTC-USDT @ 1787193180
[replaying  24%] replaying ETH-USDT @ 1787193180
[replaying  24%] replaying BTC-USDT @ 1787193240
[replaying  24%] replaying ETH-USDT @ 1787193240
[replaying  24%] replaying BTC-USDT @ 1787193300
[replaying  24%] replaying ETH-USDT @ 1787193300
[replaying  24%] replaying BTC-USDT @ 1787193360
[replaying  24%] replaying ETH-USDT @ 1787193360
[replaying  24%] replaying BTC-USDT @ 1787193420
[replaying  24%] replaying ETH-USDT @ 1787193420
[replaying  24%] replaying BTC-USDT @ 1787193480
[replaying  24%] replaying ETH-USDT @ 1787193480
[replaying  24%] replaying BTC-USDT @ 1787193540
[replaying  24%] replaying ETH-USDT @ 1787193540
[replaying  24%] replaying BTC-USDT @ 1787193600
[replaying  24%] replaying ETH-USDT @ 1787193600
[replaying  24%] replaying BTC-USDT @ 1787193660
[replaying  24%] replaying ETH-USDT @ 1787193660
[replaying  24%] replaying BTC-USDT @ 1787193720
[replaying  24%] replaying ETH-USDT @ 1787193720
[replaying  24%] replaying BTC-USDT @ 1787193780
[replaying  24%] replaying ETH-USDT @ 1787193780
[replaying  24%] replaying BTC-USDT @ 1787193840
[replaying  24%] replaying ETH-USDT @ 1787193840
[replaying  24%] replaying BTC-USDT @ 1787193900
[replaying  24%] replaying ETH-USDT @ 1787193900
[replaying  24%] replaying BTC-USDT @ 1787193960
[replaying  24%] replaying ETH-USDT @ 1787193960
[replaying  24%] replaying BTC-USDT @ 1787194020
[replaying  24%] replaying ETH-USDT @ 1787194020
[replaying  24%] replaying BTC-USDT @ 1787194080
[replaying  24%] replaying ETH-USDT @ 1787194080
[replaying  24%] replaying BTC-USDT @ 1787194140
[replaying  24%] replaying ETH-USDT @ 1787194140
[replaying  24%] replaying BTC-USDT @ 1787194200
[replaying  24%] replaying ETH-USDT @ 1787194200
[replaying  24%] replaying BTC-USDT @ 1787194260
[replaying  24%] replaying ETH-USDT @ 1787194260
[replaying  24%] replaying BTC-USDT @ 1787194320
[replaying  24%] replaying ETH-USDT @ 1787194320
[replaying  25%] replaying BTC-USDT @ 1787194380
[replaying  25%] replaying ETH-USDT @ 1787194380
[replaying  25%] replaying BTC-USDT @ 1787194440
[replaying  25%] replaying ETH-USDT @ 1787194440
[replaying  25%] replaying BTC-USDT @ 1787194500
[replaying  25%] replaying ETH-USDT @ 1787194500
[replaying  25%] replaying BTC-USDT @ 1787194560
[replaying  25%] replaying ETH-USDT @ 1787194560
[replaying  25%] replaying BTC-USDT @ 1787194620
[replaying  25%] replaying ETH-USDT @ 1787194620
[replaying  25%] replaying BTC-USDT @ 1787194680
[replaying  25%] replaying ETH-USDT @ 1787194680
[replaying  25%] replaying BTC-USDT @ 1787194740
[replaying  25%] replaying ETH-USDT @ 1787194740
[replaying  25%] replaying BTC-USDT @ 1787194800
[replaying  25%] replaying ETH-USDT @ 1787194800
[replaying  25%] replaying BTC-USDT @ 1787194860
[replaying  25%] replaying ETH-USDT @ 1787194860
[replaying  25%] replaying BTC-USDT @ 1787194920
[replaying  25%] replaying ETH-USDT @ 1787194920
[replaying  25%] replaying BTC-USDT @ 1787194980
[replaying  25%] replaying ETH-USDT @ 1787194980
[replaying  25%] replaying BTC-USDT @ 1787195040
[replaying  25%] replaying ETH-USDT @ 1787195040
[replaying  25%] replaying BTC-USDT @ 1787195100
[replaying  25%] replaying ETH-USDT @ 1787195100
[replaying  25%] replaying BTC-USDT @ 1787195160
[replaying  25%] replaying ETH-USDT @ 1787195160
[replaying  25%] replaying BTC-USDT @ 1787195220
[replaying  25%] replaying ETH-USDT @ 1787195220
[replaying  25%] replaying BTC-USDT @ 1787195280
[replaying  25%] replaying ETH-USDT @ 1787195280
[replaying  25%] replaying BTC-USDT @ 1787195340
[replaying  25%] replaying ETH-USDT @ 1787195340
[replaying  25%] replaying BTC-USDT @ 1787195400
[replaying  25%] replaying ETH-USDT @ 1787195400
[replaying  25%] replaying BTC-USDT @ 1787195460
[replaying  25%] replaying ETH-USDT @ 1787195460
[replaying  25%] replaying BTC-USDT @ 1787195520
[replaying  25%] replaying ETH-USDT @ 1787195520
[replaying  25%] replaying BTC-USDT @ 1787195580
[replaying  25%] replaying ETH-USDT @ 1787195580
[replaying  25%] replaying BTC-USDT @ 1787195640
[replaying  25%] replaying ETH-USDT @ 1787195640
[replaying  25%] replaying BTC-USDT @ 1787195700
[replaying  25%] replaying ETH-USDT @ 1787195700
[replaying  25%] replaying BTC-USDT @ 1787195760
[replaying  25%] replaying ETH-USDT @ 1787195760
[replaying  25%] replaying BTC-USDT @ 1787195820
[replaying  25%] replaying ETH-USDT @ 1787195820
[replaying  25%] replaying BTC-USDT @ 1787195880
[replaying  25%] replaying ETH-USDT @ 1787195880
[replaying  25%] replaying BTC-USDT @ 1787195940
[replaying  25%] replaying ETH-USDT @ 1787195940
[replaying  25%] replaying BTC-USDT @ 1787196000
[replaying  25%] replaying ETH-USDT @ 1787196000
[replaying  25%] replaying BTC-USDT @ 1787196060
[replaying  25%] replaying ETH-USDT @ 1787196060
[replaying  25%] replaying BTC-USDT @ 1787196120
[replaying  25%] replaying ETH-USDT @ 1787196120
[replaying  25%] replaying BTC-USDT @ 1787196180
[replaying  25%] replaying ETH-USDT @ 1787196180
[replaying  25%] replaying BTC-USDT @ 1787196240
[replaying  25%] replaying ETH-USDT @ 1787196240
[replaying  25%] replaying BTC-USDT @ 1787196300
[replaying  25%] replaying ETH-USDT @ 1787196300
[replaying  25%] replaying BTC-USDT @ 1787196360
[replaying  25%] replaying ETH-USDT @ 1787196360
[replaying  25%] replaying BTC-USDT @ 1787196420
[replaying  25%] replaying ETH-USDT @ 1787196420
[replaying  25%] replaying BTC-USDT @ 1787196480
[replaying  25%] replaying ETH-USDT @ 1787196480
[replaying  25%] replaying BTC-USDT @ 1787196540
[replaying  25%] replaying ETH-USDT @ 1787196540
[replaying  25%] replaying BTC-USDT @ 1787196600
[replaying  25%] replaying ETH-USDT @ 1787196600
[replaying  25%] replaying BTC-USDT @ 1787196660
[replaying  25%] replaying ETH-USDT @ 1787196660
[replaying  25%] replaying BTC-USDT @ 1787196720
[replaying  25%] replaying ETH-USDT @ 1787196720
[replaying  25%] replaying BTC-USDT @ 1787196780
[replaying  25%] replaying ETH-USDT @ 1787196780
[replaying  25%] replaying BTC-USDT @ 1787196840
[replaying  25%] replaying ETH-USDT @ 1787196840
[replaying  25%] replaying BTC-USDT @ 1787196900
[replaying  25%] replaying ETH-USDT @ 1787196900
[replaying  25%] replaying BTC-USDT @ 1787196960
[replaying  25%] replaying ETH-USDT @ 1787196960
[replaying  25%] replaying BTC-USDT @ 1787197020
[replaying  25%] replaying ETH-USDT @ 1787197020
[replaying  25%] replaying BTC-USDT @ 1787197080
[replaying  25%] replaying ETH-USDT @ 1787197080
[replaying  25%] replaying BTC-USDT @ 1787197140
[replaying  25%] replaying ETH-USDT @ 1787197140
[replaying  25%] replaying BTC-USDT @ 1787197200
[replaying  25%] replaying ETH-USDT @ 1787197200
[replaying  25%] replaying BTC-USDT @ 1787197260
[replaying  25%] replaying ETH-USDT @ 1787197260
[replaying  25%] replaying BTC-USDT @ 1787197320
[replaying  25%] replaying ETH-USDT @ 1787197320
[replaying  25%] replaying BTC-USDT @ 1787197380
[replaying  25%] replaying ETH-USDT @ 1787197380
[replaying  25%] replaying BTC-USDT @ 1787197440
[replaying  25%] replaying ETH-USDT @ 1787197440
[replaying  25%] replaying BTC-USDT @ 1787197500
[replaying  25%] replaying ETH-USDT @ 1787197500
[replaying  25%] replaying BTC-USDT @ 1787197560
[replaying  25%] replaying ETH-USDT @ 1787197560
[replaying  25%] replaying BTC-USDT @ 1787197620
[replaying  25%] replaying ETH-USDT @ 1787197620
[replaying  25%] replaying BTC-USDT @ 1787197680
[replaying  26%] replaying ETH-USDT @ 1787197680
[replaying  26%] replaying BTC-USDT @ 1787197740
[replaying  26%] replaying ETH-USDT @ 1787197740
[replaying  26%] replaying BTC-USDT @ 1787197800
[replaying  26%] replaying ETH-USDT @ 1787197800
[replaying  26%] replaying BTC-USDT @ 1787197860
[replaying  26%] replaying ETH-USDT @ 1787197860
[replaying  26%] replaying BTC-USDT @ 1787197920
[replaying  26%] replaying ETH-USDT @ 1787197920
[replaying  26%] replaying BTC-USDT @ 1787197980
[replaying  26%] replaying ETH-USDT @ 1787197980
[replaying  26%] replaying BTC-USDT @ 1787198040
[replaying  26%] replaying ETH-USDT @ 1787198040
[replaying  26%] replaying BTC-USDT @ 1787198100
[replaying  26%] replaying ETH-USDT @ 1787198100
[replaying  26%] replaying BTC-USDT @ 1787198160
[replaying  26%] replaying ETH-USDT @ 1787198160
[replaying  26%] replaying BTC-USDT @ 1787198220
[replaying  26%] replaying ETH-USDT @ 1787198220
[replaying  26%] replaying BTC-USDT @ 1787198280
[replaying  26%] replaying ETH-USDT @ 1787198280
[replaying  26%] replaying BTC-USDT @ 1787198340
[replaying  26%] replaying ETH-USDT @ 1787198340
[replaying  26%] replaying BTC-USDT @ 1787198400
[replaying  26%] replaying ETH-USDT @ 1787198400
[replaying  26%] replaying BTC-USDT @ 1787198460
[replaying  26%] replaying ETH-USDT @ 1787198460
[replaying  26%] replaying BTC-USDT @ 1787198520
[replaying  26%] replaying ETH-USDT @ 1787198520
[replaying  26%] replaying BTC-USDT @ 1787198580
[replaying  26%] replaying ETH-USDT @ 1787198580
[replaying  26%] replaying BTC-USDT @ 1787198640
[replaying  26%] replaying ETH-USDT @ 1787198640
[replaying  26%] replaying BTC-USDT @ 1787198700
[replaying  26%] replaying ETH-USDT @ 1787198700
[replaying  26%] replaying BTC-USDT @ 1787198760
[replaying  26%] replaying ETH-USDT @ 1787198760
[replaying  26%] replaying BTC-USDT @ 1787198820
[replaying  26%] replaying ETH-USDT @ 1787198820
[replaying  26%] replaying BTC-USDT @ 1787198880
[replaying  26%] replaying ETH-USDT @ 1787198880
[replaying  26%] replaying BTC-USDT @ 1787198940
[replaying  26%] replaying ETH-USDT @ 1787198940
[replaying  26%] replaying BTC-USDT @ 1787199000
[replaying  26%] replaying ETH-USDT @ 1787199000
[replaying  26%] replaying BTC-USDT @ 1787199060
[replaying  26%] replaying ETH-USDT @ 1787199060
[replaying  26%] replaying BTC-USDT @ 1787199120
[replaying  26%] replaying ETH-USDT @ 1787199120
[replaying  26%] replaying BTC-USDT @ 1787199180
[replaying  26%] replaying ETH-USDT @ 1787199180
[replaying  26%] replaying BTC-USDT @ 1787199240
[replaying  26%] replaying ETH-USDT @ 1787199240
[replaying  26%] replaying BTC-USDT @ 1787199300
[replaying  26%] replaying ETH-USDT @ 1787199300
[replaying  26%] replaying BTC-USDT @ 1787199360
[replaying  26%] replaying ETH-USDT @ 1787199360
[replaying  26%] replaying BTC-USDT @ 1787199420
[replaying  26%] replaying ETH-USDT @ 1787199420
[replaying  26%] replaying BTC-USDT @ 1787199480
[replaying  26%] replaying ETH-USDT @ 1787199480
[replaying  26%] replaying BTC-USDT @ 1787199540
[replaying  26%] replaying ETH-USDT @ 1787199540
[replaying  26%] replaying BTC-USDT @ 1787199600
[replaying  26%] replaying ETH-USDT @ 1787199600
[replaying  26%] replaying BTC-USDT @ 1787199660
[replaying  26%] replaying ETH-USDT @ 1787199660
[replaying  26%] replaying BTC-USDT @ 1787199720
[replaying  26%] replaying ETH-USDT @ 1787199720
[replaying  26%] replaying BTC-USDT @ 1787199780
[replaying  26%] replaying ETH-USDT @ 1787199780
[replaying  26%] replaying BTC-USDT @ 1787199840
[replaying  26%] replaying ETH-USDT @ 1787199840
[replaying  26%] replaying BTC-USDT @ 1787199900
[replaying  26%] replaying ETH-USDT @ 1787199900
[replaying  26%] replaying BTC-USDT @ 1787199960
[replaying  26%] replaying ETH-USDT @ 1787199960
[replaying  26%] replaying BTC-USDT @ 1787200020
[replaying  26%] replaying ETH-USDT @ 1787200020
[replaying  26%] replaying BTC-USDT @ 1787200080
[replaying  26%] replaying ETH-USDT @ 1787200080
[replaying  26%] replaying BTC-USDT @ 1787200140
[replaying  26%] replaying ETH-USDT @ 1787200140
[replaying  26%] replaying BTC-USDT @ 1787200200
[replaying  26%] replaying ETH-USDT @ 1787200200
[replaying  26%] replaying BTC-USDT @ 1787200260
[replaying  26%] replaying ETH-USDT @ 1787200260
[replaying  26%] replaying BTC-USDT @ 1787200320
[replaying  26%] replaying ETH-USDT @ 1787200320
[replaying  26%] replaying BTC-USDT @ 1787200380
[replaying  26%] replaying ETH-USDT @ 1787200380
[replaying  26%] replaying BTC-USDT @ 1787200440
[replaying  26%] replaying ETH-USDT @ 1787200440
[replaying  26%] replaying BTC-USDT @ 1787200500
[replaying  26%] replaying ETH-USDT @ 1787200500
[replaying  26%] replaying BTC-USDT @ 1787200560
[replaying  26%] replaying ETH-USDT @ 1787200560
[replaying  26%] replaying BTC-USDT @ 1787200620
[replaying  26%] replaying ETH-USDT @ 1787200620
[replaying  26%] replaying BTC-USDT @ 1787200680
[replaying  26%] replaying ETH-USDT @ 1787200680
[replaying  26%] replaying BTC-USDT @ 1787200740
[replaying  26%] replaying ETH-USDT @ 1787200740
[replaying  26%] replaying BTC-USDT @ 1787200800
[replaying  26%] replaying ETH-USDT @ 1787200800
[replaying  26%] replaying BTC-USDT @ 1787200860
[replaying  26%] replaying ETH-USDT @ 1787200860
[replaying  26%] replaying BTC-USDT @ 1787200920
[replaying  26%] replaying ETH-USDT @ 1787200920
[replaying  26%] replaying BTC-USDT @ 1787200980
[replaying  26%] replaying ETH-USDT @ 1787200980
[replaying  26%] replaying BTC-USDT @ 1787201040
[replaying  27%] replaying ETH-USDT @ 1787201040
[replaying  27%] replaying BTC-USDT @ 1787201100
[replaying  27%] replaying ETH-USDT @ 1787201100
[replaying  27%] replaying BTC-USDT @ 1787201160
[replaying  27%] replaying ETH-USDT @ 1787201160
[replaying  27%] replaying BTC-USDT @ 1787201220
[replaying  27%] replaying ETH-USDT @ 1787201220
[replaying  27%] replaying BTC-USDT @ 1787201280
[replaying  27%] replaying ETH-USDT @ 1787201280
[replaying  27%] replaying BTC-USDT @ 1787201340
[replaying  27%] replaying ETH-USDT @ 1787201340
[replaying  27%] replaying BTC-USDT @ 1787201400
[replaying  27%] replaying ETH-USDT @ 1787201400
[replaying  27%] replaying BTC-USDT @ 1787201460
[replaying  27%] replaying ETH-USDT @ 1787201460
[replaying  27%] replaying BTC-USDT @ 1787201520
[replaying  27%] replaying ETH-USDT @ 1787201520
[replaying  27%] replaying BTC-USDT @ 1787201580
[replaying  27%] replaying ETH-USDT @ 1787201580
[replaying  27%] replaying BTC-USDT @ 1787201640
[replaying  27%] replaying ETH-USDT @ 1787201640
[replaying  27%] replaying BTC-USDT @ 1787201700
[replaying  27%] replaying ETH-USDT @ 1787201700
[replaying  27%] replaying BTC-USDT @ 1787201760
[replaying  27%] replaying ETH-USDT @ 1787201760
[replaying  27%] replaying BTC-USDT @ 1787201820
[replaying  27%] replaying ETH-USDT @ 1787201820
[replaying  27%] replaying BTC-USDT @ 1787201880
[replaying  27%] replaying ETH-USDT @ 1787201880
[replaying  27%] replaying BTC-USDT @ 1787201940
[replaying  27%] replaying ETH-USDT @ 1787201940
[replaying  27%] replaying BTC-USDT @ 1787202000
[replaying  27%] replaying ETH-USDT @ 1787202000
[replaying  27%] replaying BTC-USDT @ 1787202060
[replaying  27%] replaying ETH-USDT @ 1787202060
[replaying  27%] replaying BTC-USDT @ 1787202120
[replaying  27%] replaying ETH-USDT @ 1787202120
[replaying  27%] replaying BTC-USDT @ 1787202180
[replaying  27%] replaying ETH-USDT @ 1787202180
[replaying  27%] replaying BTC-USDT @ 1787202240
[replaying  27%] replaying ETH-USDT @ 1787202240
[replaying  27%] replaying BTC-USDT @ 1787202300
[replaying  27%] replaying ETH-USDT @ 1787202300
[replaying  27%] replaying BTC-USDT @ 1787202360
[replaying  27%] replaying ETH-USDT @ 1787202360
[replaying  27%] replaying BTC-USDT @ 1787202420
[replaying  27%] replaying ETH-USDT @ 1787202420
[replaying  27%] replaying BTC-USDT @ 1787202480
[replaying  27%] replaying ETH-USDT @ 1787202480
[replaying  27%] replaying BTC-USDT @ 1787202540
[replaying  27%] replaying ETH-USDT @ 1787202540
[replaying  27%] replaying BTC-USDT @ 1787202600
[replaying  27%] replaying ETH-USDT @ 1787202600
[replaying  27%] replaying BTC-USDT @ 1787202660
[replaying  27%] replaying ETH-USDT @ 1787202660
[replaying  27%] replaying BTC-USDT @ 1787202720
[replaying  27%] replaying ETH-USDT @ 1787202720
[replaying  27%] replaying BTC-USDT @ 1787202780
[replaying  27%] replaying ETH-USDT @ 1787202780
[replaying  27%] replaying BTC-USDT @ 1787202840
[replaying  27%] replaying ETH-USDT @ 1787202840
[replaying  27%] replaying BTC-USDT @ 1787202900
[replaying  27%] replaying ETH-USDT @ 1787202900
[replaying  27%] replaying BTC-USDT @ 1787202960
[replaying  27%] replaying ETH-USDT @ 1787202960
[replaying  27%] replaying BTC-USDT @ 1787203020
[replaying  27%] replaying ETH-USDT @ 1787203020
[replaying  27%] replaying BTC-USDT @ 1787203080
[replaying  27%] replaying ETH-USDT @ 1787203080
[replaying  27%] replaying BTC-USDT @ 1787203140
[replaying  27%] replaying ETH-USDT @ 1787203140
[replaying  27%] replaying BTC-USDT @ 1787203200
[replaying  27%] replaying ETH-USDT @ 1787203200
[replaying  27%] replaying BTC-USDT @ 1787203260
[replaying  27%] replaying ETH-USDT @ 1787203260
[replaying  27%] replaying BTC-USDT @ 1787203320
[replaying  27%] replaying ETH-USDT @ 1787203320
[replaying  27%] replaying BTC-USDT @ 1787203380
[replaying  27%] replaying ETH-USDT @ 1787203380
[replaying  27%] replaying BTC-USDT @ 1787203440
[replaying  27%] replaying ETH-USDT @ 1787203440
[replaying  27%] replaying BTC-USDT @ 1787203500
[replaying  27%] replaying ETH-USDT @ 1787203500
[replaying  27%] replaying BTC-USDT @ 1787203560
[replaying  27%] replaying ETH-USDT @ 1787203560
[replaying  27%] replaying BTC-USDT @ 1787203620
[replaying  27%] replaying ETH-USDT @ 1787203620
[replaying  27%] replaying BTC-USDT @ 1787203680
[replaying  27%] replaying ETH-USDT @ 1787203680
[replaying  27%] replaying BTC-USDT @ 1787203740
[replaying  27%] replaying ETH-USDT @ 1787203740
[replaying  27%] replaying BTC-USDT @ 1787203800
[replaying  27%] replaying ETH-USDT @ 1787203800
[replaying  27%] replaying BTC-USDT @ 1787203860
[replaying  27%] replaying ETH-USDT @ 1787203860
[replaying  27%] replaying BTC-USDT @ 1787203920
[replaying  27%] replaying ETH-USDT @ 1787203920
[replaying  27%] replaying BTC-USDT @ 1787203980
[replaying  27%] replaying ETH-USDT @ 1787203980
[replaying  27%] replaying BTC-USDT @ 1787204040
[replaying  27%] replaying ETH-USDT @ 1787204040
[replaying  27%] replaying BTC-USDT @ 1787204100
[replaying  27%] replaying ETH-USDT @ 1787204100
[replaying  27%] replaying BTC-USDT @ 1787204160
[replaying  27%] replaying ETH-USDT @ 1787204160
[replaying  27%] replaying BTC-USDT @ 1787204220
[replaying  27%] replaying ETH-USDT @ 1787204220
[replaying  27%] replaying BTC-USDT @ 1787204280
[replaying  27%] replaying ETH-USDT @ 1787204280
[replaying  27%] replaying BTC-USDT @ 1787204340
[replaying  27%] replaying ETH-USDT @ 1787204340
[replaying  28%] replaying BTC-USDT @ 1787204400
[replaying  28%] replaying ETH-USDT @ 1787204400
[replaying  28%] replaying BTC-USDT @ 1787204460
[replaying  28%] replaying ETH-USDT @ 1787204460
[replaying  28%] replaying BTC-USDT @ 1787204520
[replaying  28%] replaying ETH-USDT @ 1787204520
[replaying  28%] replaying BTC-USDT @ 1787204580
[replaying  28%] replaying ETH-USDT @ 1787204580
[replaying  28%] replaying BTC-USDT @ 1787204640
[replaying  28%] replaying ETH-USDT @ 1787204640
[replaying  28%] replaying BTC-USDT @ 1787204700
[replaying  28%] replaying ETH-USDT @ 1787204700
[replaying  28%] replaying BTC-USDT @ 1787204760
[replaying  28%] replaying ETH-USDT @ 1787204760
[replaying  28%] replaying BTC-USDT @ 1787204820
[replaying  28%] replaying ETH-USDT @ 1787204820
[replaying  28%] replaying BTC-USDT @ 1787204880
[replaying  28%] replaying ETH-USDT @ 1787204880
[replaying  28%] replaying BTC-USDT @ 1787204940
[replaying  28%] replaying ETH-USDT @ 1787204940
[replaying  28%] replaying BTC-USDT @ 1787205000
[replaying  28%] replaying ETH-USDT @ 1787205000
[replaying  28%] replaying BTC-USDT @ 1787205060
[replaying  28%] replaying ETH-USDT @ 1787205060
[replaying  28%] replaying BTC-USDT @ 1787205120
[replaying  28%] replaying ETH-USDT @ 1787205120
[replaying  28%] replaying BTC-USDT @ 1787205180
[replaying  28%] replaying ETH-USDT @ 1787205180
[replaying  28%] replaying BTC-USDT @ 1787205240
[replaying  28%] replaying ETH-USDT @ 1787205240
[replaying  28%] replaying BTC-USDT @ 1787205300
[replaying  28%] replaying ETH-USDT @ 1787205300
[replaying  28%] replaying BTC-USDT @ 1787205360
[replaying  28%] replaying ETH-USDT @ 1787205360
[replaying  28%] replaying BTC-USDT @ 1787205420
[replaying  28%] replaying ETH-USDT @ 1787205420
[replaying  28%] replaying BTC-USDT @ 1787205480
[replaying  28%] replaying ETH-USDT @ 1787205480
[replaying  28%] replaying BTC-USDT @ 1787205540
[replaying  28%] replaying ETH-USDT @ 1787205540
[replaying  28%] replaying BTC-USDT @ 1787205600
[replaying  28%] replaying ETH-USDT @ 1787205600
[replaying  28%] replaying BTC-USDT @ 1787205660
[replaying  28%] replaying ETH-USDT @ 1787205660
[replaying  28%] replaying BTC-USDT @ 1787205720
[replaying  28%] replaying ETH-USDT @ 1787205720
[replaying  28%] replaying BTC-USDT @ 1787205780
[replaying  28%] replaying ETH-USDT @ 1787205780
[replaying  28%] replaying BTC-USDT @ 1787205840
[replaying  28%] replaying ETH-USDT @ 1787205840
[replaying  28%] replaying BTC-USDT @ 1787205900
[replaying  28%] replaying ETH-USDT @ 1787205900
[replaying  28%] replaying BTC-USDT @ 1787205960
[replaying  28%] replaying ETH-USDT @ 1787205960
[replaying  28%] replaying BTC-USDT @ 1787206020
[replaying  28%] replaying ETH-USDT @ 1787206020
[replaying  28%] replaying BTC-USDT @ 1787206080
[replaying  28%] replaying ETH-USDT @ 1787206080
[replaying  28%] replaying BTC-USDT @ 1787206140
[replaying  28%] replaying ETH-USDT @ 1787206140
[replaying  28%] replaying BTC-USDT @ 1787206200
[replaying  28%] replaying ETH-USDT @ 1787206200
[replaying  28%] replaying BTC-USDT @ 1787206260
[replaying  28%] replaying ETH-USDT @ 1787206260
[replaying  28%] replaying BTC-USDT @ 1787206320
[replaying  28%] replaying ETH-USDT @ 1787206320
[replaying  28%] replaying BTC-USDT @ 1787206380
[replaying  28%] replaying ETH-USDT @ 1787206380
[replaying  28%] replaying BTC-USDT @ 1787206440
[replaying  28%] replaying ETH-USDT @ 1787206440
[replaying  28%] replaying BTC-USDT @ 1787206500
[replaying  28%] replaying ETH-USDT @ 1787206500
[replaying  28%] replaying BTC-USDT @ 1787206560
[replaying  28%] replaying ETH-USDT @ 1787206560
[replaying  28%] replaying BTC-USDT @ 1787206620
[replaying  28%] replaying ETH-USDT @ 1787206620
[replaying  28%] replaying BTC-USDT @ 1787206680
[replaying  28%] replaying ETH-USDT @ 1787206680
[replaying  28%] replaying BTC-USDT @ 1787206740
[replaying  28%] replaying ETH-USDT @ 1787206740
[replaying  28%] replaying BTC-USDT @ 1787206800
[replaying  28%] replaying ETH-USDT @ 1787206800
[replaying  28%] replaying BTC-USDT @ 1787206860
[replaying  28%] replaying ETH-USDT @ 1787206860
[replaying  28%] replaying BTC-USDT @ 1787206920
[replaying  28%] replaying ETH-USDT @ 1787206920
[replaying  28%] replaying BTC-USDT @ 1787206980
[replaying  28%] replaying ETH-USDT @ 1787206980
[replaying  28%] replaying BTC-USDT @ 1787207040
[replaying  28%] replaying ETH-USDT @ 1787207040
[replaying  28%] replaying BTC-USDT @ 1787207100
[replaying  28%] replaying ETH-USDT @ 1787207100
[replaying  28%] replaying BTC-USDT @ 1787207160
[replaying  28%] replaying ETH-USDT @ 1787207160
[replaying  28%] replaying BTC-USDT @ 1787207220
[replaying  28%] replaying ETH-USDT @ 1787207220
[replaying  28%] replaying BTC-USDT @ 1787207280
[replaying  28%] replaying ETH-USDT @ 1787207280
[replaying  28%] replaying BTC-USDT @ 1787207340
[replaying  28%] replaying ETH-USDT @ 1787207340
[replaying  28%] replaying BTC-USDT @ 1787207400
[replaying  28%] replaying ETH-USDT @ 1787207400
[replaying  28%] replaying BTC-USDT @ 1787207460
[replaying  28%] replaying ETH-USDT @ 1787207460
[replaying  28%] replaying BTC-USDT @ 1787207520
[replaying  28%] replaying ETH-USDT @ 1787207520
[replaying  28%] replaying BTC-USDT @ 1787207580
[replaying  28%] replaying ETH-USDT @ 1787207580
[replaying  28%] replaying BTC-USDT @ 1787207640
[replaying  28%] replaying ETH-USDT @ 1787207640
[replaying  28%] replaying BTC-USDT @ 1787207700
[replaying  29%] replaying ETH-USDT @ 1787207700
[replaying  29%] replaying BTC-USDT @ 1787207760
[replaying  29%] replaying ETH-USDT @ 1787207760
[replaying  29%] replaying BTC-USDT @ 1787207820
[replaying  29%] replaying ETH-USDT @ 1787207820
[replaying  29%] replaying BTC-USDT @ 1787207880
[replaying  29%] replaying ETH-USDT @ 1787207880
[replaying  29%] replaying BTC-USDT @ 1787207940
[replaying  29%] replaying ETH-USDT @ 1787207940
[replaying  29%] replaying BTC-USDT @ 1787208000
[replaying  29%] replaying ETH-USDT @ 1787208000
[replaying  29%] replaying BTC-USDT @ 1787208060
[replaying  29%] replaying ETH-USDT @ 1787208060
[replaying  29%] replaying BTC-USDT @ 1787208120
[replaying  29%] replaying ETH-USDT @ 1787208120
[replaying  29%] replaying BTC-USDT @ 1787208180
[replaying  29%] replaying ETH-USDT @ 1787208180
[replaying  29%] replaying BTC-USDT @ 1787208240
[replaying  29%] replaying ETH-USDT @ 1787208240
[replaying  29%] replaying BTC-USDT @ 1787208300
[replaying  29%] replaying ETH-USDT @ 1787208300
[replaying  29%] replaying BTC-USDT @ 1787208360
[replaying  29%] replaying ETH-USDT @ 1787208360
[replaying  29%] replaying BTC-USDT @ 1787208420
[replaying  29%] replaying ETH-USDT @ 1787208420
[replaying  29%] replaying BTC-USDT @ 1787208480
[replaying  29%] replaying ETH-USDT @ 1787208480
[replaying  29%] replaying BTC-USDT @ 1787208540
[replaying  29%] replaying ETH-USDT @ 1787208540
[replaying  29%] replaying BTC-USDT @ 1787208600
[replaying  29%] replaying ETH-USDT @ 1787208600
[replaying  29%] replaying BTC-USDT @ 1787208660
[replaying  29%] replaying ETH-USDT @ 1787208660
[replaying  29%] replaying BTC-USDT @ 1787208720
[replaying  29%] replaying ETH-USDT @ 1787208720
[replaying  29%] replaying BTC-USDT @ 1787208780
[replaying  29%] replaying ETH-USDT @ 1787208780
[replaying  29%] replaying BTC-USDT @ 1787208840
[replaying  29%] replaying ETH-USDT @ 1787208840
[replaying  29%] replaying BTC-USDT @ 1787208900
[replaying  29%] replaying ETH-USDT @ 1787208900
[replaying  29%] replaying BTC-USDT @ 1787208960
[replaying  29%] replaying ETH-USDT @ 1787208960
[replaying  29%] replaying BTC-USDT @ 1787209020
[replaying  29%] replaying ETH-USDT @ 1787209020
[replaying  29%] replaying BTC-USDT @ 1787209080
[replaying  29%] replaying ETH-USDT @ 1787209080
[replaying  29%] replaying BTC-USDT @ 1787209140
[replaying  29%] replaying ETH-USDT @ 1787209140
[replaying  29%] replaying BTC-USDT @ 1787209200
[replaying  29%] replaying ETH-USDT @ 1787209200
[replaying  29%] replaying BTC-USDT @ 1787209260
[replaying  29%] replaying ETH-USDT @ 1787209260
[replaying  29%] replaying BTC-USDT @ 1787209320
[replaying  29%] replaying ETH-USDT @ 1787209320
[replaying  29%] replaying BTC-USDT @ 1787209380
[replaying  29%] replaying ETH-USDT @ 1787209380
[replaying  29%] replaying BTC-USDT @ 1787209440
[replaying  29%] replaying ETH-USDT @ 1787209440
[replaying  29%] replaying BTC-USDT @ 1787209500
[replaying  29%] replaying ETH-USDT @ 1787209500
[replaying  29%] replaying BTC-USDT @ 1787209560
[replaying  29%] replaying ETH-USDT @ 1787209560
[replaying  29%] replaying BTC-USDT @ 1787209620
[replaying  29%] replaying ETH-USDT @ 1787209620
[replaying  29%] replaying BTC-USDT @ 1787209680
[replaying  29%] replaying ETH-USDT @ 1787209680
[replaying  29%] replaying BTC-USDT @ 1787209740
[replaying  29%] replaying ETH-USDT @ 1787209740
[replaying  29%] replaying BTC-USDT @ 1787209800
[replaying  29%] replaying ETH-USDT @ 1787209800
[replaying  29%] replaying BTC-USDT @ 1787209860
[replaying  29%] replaying ETH-USDT @ 1787209860
[replaying  29%] replaying BTC-USDT @ 1787209920
[replaying  29%] replaying ETH-USDT @ 1787209920
[replaying  29%] replaying BTC-USDT @ 1787209980
[replaying  29%] replaying ETH-USDT @ 1787209980
[replaying  29%] replaying BTC-USDT @ 1787210040
[replaying  29%] replaying ETH-USDT @ 1787210040
[replaying  29%] replaying BTC-USDT @ 1787210100
[replaying  29%] replaying ETH-USDT @ 1787210100
[replaying  29%] replaying BTC-USDT @ 1787210160
[replaying  29%] replaying ETH-USDT @ 1787210160
[replaying  29%] replaying BTC-USDT @ 1787210220
[replaying  29%] replaying ETH-USDT @ 1787210220
[replaying  29%] replaying BTC-USDT @ 1787210280
[replaying  29%] replaying ETH-USDT @ 1787210280
[replaying  29%] replaying BTC-USDT @ 1787210340
[replaying  29%] replaying ETH-USDT @ 1787210340
[replaying  29%] replaying BTC-USDT @ 1787210400
[replaying  29%] replaying ETH-USDT @ 1787210400
[replaying  29%] replaying BTC-USDT @ 1787210460
[replaying  29%] replaying ETH-USDT @ 1787210460
[replaying  29%] replaying BTC-USDT @ 1787210520
[replaying  29%] replaying ETH-USDT @ 1787210520
[replaying  29%] replaying BTC-USDT @ 1787210580
[replaying  29%] replaying ETH-USDT @ 1787210580
[replaying  29%] replaying BTC-USDT @ 1787210640
[replaying  29%] replaying ETH-USDT @ 1787210640
[replaying  29%] replaying BTC-USDT @ 1787210700
[replaying  29%] replaying ETH-USDT @ 1787210700
[replaying  29%] replaying BTC-USDT @ 1787210760
[replaying  29%] replaying ETH-USDT @ 1787210760
[replaying  29%] replaying BTC-USDT @ 1787210820
[replaying  29%] replaying ETH-USDT @ 1787210820
[replaying  29%] replaying BTC-USDT @ 1787210880
[replaying  29%] replaying ETH-USDT @ 1787210880
[replaying  29%] replaying BTC-USDT @ 1787210940
[replaying  29%] replaying ETH-USDT @ 1787210940
[replaying  29%] replaying BTC-USDT @ 1787211000
[replaying  29%] replaying ETH-USDT @ 1787211000
[replaying  29%] replaying BTC-USDT @ 1787211060
[replaying  30%] replaying ETH-USDT @ 1787211060
[replaying  30%] replaying BTC-USDT @ 1787211120
[replaying  30%] replaying ETH-USDT @ 1787211120
[replaying  30%] replaying BTC-USDT @ 1787211180
[replaying  30%] replaying ETH-USDT @ 1787211180
[replaying  30%] replaying BTC-USDT @ 1787211240
[replaying  30%] replaying ETH-USDT @ 1787211240
[replaying  30%] replaying BTC-USDT @ 1787211300
[replaying  30%] replaying ETH-USDT @ 1787211300
[replaying  30%] replaying BTC-USDT @ 1787211360
[replaying  30%] replaying ETH-USDT @ 1787211360
[replaying  30%] replaying BTC-USDT @ 1787211420
[replaying  30%] replaying ETH-USDT @ 1787211420
[replaying  30%] replaying BTC-USDT @ 1787211480
[replaying  30%] replaying ETH-USDT @ 1787211480
[replaying  30%] replaying BTC-USDT @ 1787211540
[replaying  30%] replaying ETH-USDT @ 1787211540
[replaying  30%] replaying BTC-USDT @ 1787211600
[replaying  30%] replaying ETH-USDT @ 1787211600
[replaying  30%] replaying BTC-USDT @ 1787211660
[replaying  30%] replaying ETH-USDT @ 1787211660
[replaying  30%] replaying BTC-USDT @ 1787211720
[replaying  30%] replaying ETH-USDT @ 1787211720
[replaying  30%] replaying BTC-USDT @ 1787211780
[replaying  30%] replaying ETH-USDT @ 1787211780
[replaying  30%] replaying BTC-USDT @ 1787211840
[replaying  30%] replaying ETH-USDT @ 1787211840
[replaying  30%] replaying BTC-USDT @ 1787211900
[replaying  30%] replaying ETH-USDT @ 1787211900
[replaying  30%] replaying BTC-USDT @ 1787211960
[replaying  30%] replaying ETH-USDT @ 1787211960
[replaying  30%] replaying BTC-USDT @ 1787212020
[replaying  30%] replaying ETH-USDT @ 1787212020
[replaying  30%] replaying BTC-USDT @ 1787212080
[replaying  30%] replaying ETH-USDT @ 1787212080
[replaying  30%] replaying BTC-USDT @ 1787212140
[replaying  30%] replaying ETH-USDT @ 1787212140
[replaying  30%] replaying BTC-USDT @ 1787212200
[replaying  30%] replaying ETH-USDT @ 1787212200
[replaying  30%] replaying BTC-USDT @ 1787212260
[replaying  30%] replaying ETH-USDT @ 1787212260
[replaying  30%] replaying BTC-USDT @ 1787212320
[replaying  30%] replaying ETH-USDT @ 1787212320
[replaying  30%] replaying BTC-USDT @ 1787212380
[replaying  30%] replaying ETH-USDT @ 1787212380
[replaying  30%] replaying BTC-USDT @ 1787212440
[replaying  30%] replaying ETH-USDT @ 1787212440
[replaying  30%] replaying BTC-USDT @ 1787212500
[replaying  30%] replaying ETH-USDT @ 1787212500
[replaying  30%] replaying BTC-USDT @ 1787212560
[replaying  30%] replaying ETH-USDT @ 1787212560
[replaying  30%] replaying BTC-USDT @ 1787212620
[replaying  30%] replaying ETH-USDT @ 1787212620
[replaying  30%] replaying BTC-USDT @ 1787212680
[replaying  30%] replaying ETH-USDT @ 1787212680
[replaying  30%] replaying BTC-USDT @ 1787212740
[replaying  30%] replaying ETH-USDT @ 1787212740
[replaying  30%] replaying BTC-USDT @ 1787212800
[replaying  30%] replaying ETH-USDT @ 1787212800
[replaying  30%] replaying BTC-USDT @ 1787212860
[replaying  30%] replaying ETH-USDT @ 1787212860
[replaying  30%] replaying BTC-USDT @ 1787212920
[replaying  30%] replaying ETH-USDT @ 1787212920
[replaying  30%] replaying BTC-USDT @ 1787212980
[replaying  30%] replaying ETH-USDT @ 1787212980
[replaying  30%] replaying BTC-USDT @ 1787213040
[replaying  30%] replaying ETH-USDT @ 1787213040
[replaying  30%] replaying BTC-USDT @ 1787213100
[replaying  30%] replaying ETH-USDT @ 1787213100
[replaying  30%] replaying BTC-USDT @ 1787213160
[replaying  30%] replaying ETH-USDT @ 1787213160
[replaying  30%] replaying BTC-USDT @ 1787213220
[replaying  30%] replaying ETH-USDT @ 1787213220
[replaying  30%] replaying BTC-USDT @ 1787213280
[replaying  30%] replaying ETH-USDT @ 1787213280
[replaying  30%] replaying BTC-USDT @ 1787213340
[replaying  30%] replaying ETH-USDT @ 1787213340
[replaying  30%] replaying BTC-USDT @ 1787213400
[replaying  30%] replaying ETH-USDT @ 1787213400
[replaying  30%] replaying BTC-USDT @ 1787213460
[replaying  30%] replaying ETH-USDT @ 1787213460
[replaying  30%] replaying BTC-USDT @ 1787213520
[replaying  30%] replaying ETH-USDT @ 1787213520
[replaying  30%] replaying BTC-USDT @ 1787213580
[replaying  30%] replaying ETH-USDT @ 1787213580
[replaying  30%] replaying BTC-USDT @ 1787213640
[replaying  30%] replaying ETH-USDT @ 1787213640
[replaying  30%] replaying BTC-USDT @ 1787213700
[replaying  30%] replaying ETH-USDT @ 1787213700
[replaying  30%] replaying BTC-USDT @ 1787213760
[replaying  30%] replaying ETH-USDT @ 1787213760
[replaying  30%] replaying BTC-USDT @ 1787213820
[replaying  30%] replaying ETH-USDT @ 1787213820
[replaying  30%] replaying BTC-USDT @ 1787213880
[replaying  30%] replaying ETH-USDT @ 1787213880
[replaying  30%] replaying BTC-USDT @ 1787213940
[replaying  30%] replaying ETH-USDT @ 1787213940
[replaying  30%] replaying BTC-USDT @ 1787214000
[replaying  30%] replaying ETH-USDT @ 1787214000
[replaying  30%] replaying BTC-USDT @ 1787214060
[replaying  30%] replaying ETH-USDT @ 1787214060
[replaying  30%] replaying BTC-USDT @ 1787214120
[replaying  30%] replaying ETH-USDT @ 1787214120
[replaying  30%] replaying BTC-USDT @ 1787214180
[replaying  30%] replaying ETH-USDT @ 1787214180
[replaying  30%] replaying BTC-USDT @ 1787214240
[replaying  30%] replaying ETH-USDT @ 1787214240
[replaying  30%] replaying BTC-USDT @ 1787214300
[replaying  30%] replaying ETH-USDT @ 1787214300
[replaying  30%] replaying BTC-USDT @ 1787214360
[replaying  30%] replaying ETH-USDT @ 1787214360
[replaying  31%] replaying BTC-USDT @ 1787214420
[replaying  31%] replaying ETH-USDT @ 1787214420
[replaying  31%] replaying BTC-USDT @ 1787214480
[replaying  31%] replaying ETH-USDT @ 1787214480
[replaying  31%] replaying BTC-USDT @ 1787214540
[replaying  31%] replaying ETH-USDT @ 1787214540
[replaying  31%] replaying BTC-USDT @ 1787214600
[replaying  31%] replaying ETH-USDT @ 1787214600
[replaying  31%] replaying BTC-USDT @ 1787214660
[replaying  31%] replaying ETH-USDT @ 1787214660
[replaying  31%] replaying BTC-USDT @ 1787214720
[replaying  31%] replaying ETH-USDT @ 1787214720
[replaying  31%] replaying BTC-USDT @ 1787214780
[replaying  31%] replaying ETH-USDT @ 1787214780
[replaying  31%] replaying BTC-USDT @ 1787214840
[replaying  31%] replaying ETH-USDT @ 1787214840
[replaying  31%] replaying BTC-USDT @ 1787214900
[replaying  31%] replaying ETH-USDT @ 1787214900
[replaying  31%] replaying BTC-USDT @ 1787214960
[replaying  31%] replaying ETH-USDT @ 1787214960
[replaying  31%] replaying BTC-USDT @ 1787215020
[replaying  31%] replaying ETH-USDT @ 1787215020
[replaying  31%] replaying BTC-USDT @ 1787215080
[replaying  31%] replaying ETH-USDT @ 1787215080
[replaying  31%] replaying BTC-USDT @ 1787215140
[replaying  31%] replaying ETH-USDT @ 1787215140
[replaying  31%] replaying BTC-USDT @ 1787215200
[replaying  31%] replaying ETH-USDT @ 1787215200
[replaying  31%] replaying BTC-USDT @ 1787215260
[replaying  31%] replaying ETH-USDT @ 1787215260
[replaying  31%] replaying BTC-USDT @ 1787215320
[replaying  31%] replaying ETH-USDT @ 1787215320
[replaying  31%] replaying BTC-USDT @ 1787215380
[replaying  31%] replaying ETH-USDT @ 1787215380
[replaying  31%] replaying BTC-USDT @ 1787215440
[replaying  31%] replaying ETH-USDT @ 1787215440
[replaying  31%] replaying BTC-USDT @ 1787215500
[replaying  31%] replaying ETH-USDT @ 1787215500
[replaying  31%] replaying BTC-USDT @ 1787215560
[replaying  31%] replaying ETH-USDT @ 1787215560
[replaying  31%] replaying BTC-USDT @ 1787215620
[replaying  31%] replaying ETH-USDT @ 1787215620
[replaying  31%] replaying BTC-USDT @ 1787215680
[replaying  31%] replaying ETH-USDT @ 1787215680
[replaying  31%] replaying BTC-USDT @ 1787215740
[replaying  31%] replaying ETH-USDT @ 1787215740
[replaying  31%] replaying BTC-USDT @ 1787215800
[replaying  31%] replaying ETH-USDT @ 1787215800
[replaying  31%] replaying BTC-USDT @ 1787215860
[replaying  31%] replaying ETH-USDT @ 1787215860
[replaying  31%] replaying BTC-USDT @ 1787215920
[replaying  31%] replaying ETH-USDT @ 1787215920
[replaying  31%] replaying BTC-USDT @ 1787215980
[replaying  31%] replaying ETH-USDT @ 1787215980
[replaying  31%] replaying BTC-USDT @ 1787216040
[replaying  31%] replaying ETH-USDT @ 1787216040
[replaying  31%] replaying BTC-USDT @ 1787216100
[replaying  31%] replaying ETH-USDT @ 1787216100
[replaying  31%] replaying BTC-USDT @ 1787216160
[replaying  31%] replaying ETH-USDT @ 1787216160
[replaying  31%] replaying BTC-USDT @ 1787216220
[replaying  31%] replaying ETH-USDT @ 1787216220
[replaying  31%] replaying BTC-USDT @ 1787216280
[replaying  31%] replaying ETH-USDT @ 1787216280
[replaying  31%] replaying BTC-USDT @ 1787216340
[replaying  31%] replaying ETH-USDT @ 1787216340
[replaying  31%] replaying BTC-USDT @ 1787216400
[replaying  31%] replaying ETH-USDT @ 1787216400
[replaying  31%] replaying BTC-USDT @ 1787216460
[replaying  31%] replaying ETH-USDT @ 1787216460
[replaying  31%] replaying BTC-USDT @ 1787216520
[replaying  31%] replaying ETH-USDT @ 1787216520
[replaying  31%] replaying BTC-USDT @ 1787216580
[replaying  31%] replaying ETH-USDT @ 1787216580
[replaying  31%] replaying BTC-USDT @ 1787216640
[replaying  31%] replaying ETH-USDT @ 1787216640
[replaying  31%] replaying BTC-USDT @ 1787216700
[replaying  31%] replaying ETH-USDT @ 1787216700
[replaying  31%] replaying BTC-USDT @ 1787216760
[replaying  31%] replaying ETH-USDT @ 1787216760
[replaying  31%] replaying BTC-USDT @ 1787216820
[replaying  31%] replaying ETH-USDT @ 1787216820
[replaying  31%] replaying BTC-USDT @ 1787216880
[replaying  31%] replaying ETH-USDT @ 1787216880
[replaying  31%] replaying BTC-USDT @ 1787216940
[replaying  31%] replaying ETH-USDT @ 1787216940
[replaying  31%] replaying BTC-USDT @ 1787217000
[replaying  31%] replaying ETH-USDT @ 1787217000
[replaying  31%] replaying BTC-USDT @ 1787217060
[replaying  31%] replaying ETH-USDT @ 1787217060
[replaying  31%] replaying BTC-USDT @ 1787217120
[replaying  31%] replaying ETH-USDT @ 1787217120
[replaying  31%] replaying BTC-USDT @ 1787217180
[replaying  31%] replaying ETH-USDT @ 1787217180
[replaying  31%] replaying BTC-USDT @ 1787217240
[replaying  31%] replaying ETH-USDT @ 1787217240
[replaying  31%] replaying BTC-USDT @ 1787217300
[replaying  31%] replaying ETH-USDT @ 1787217300
[replaying  31%] replaying BTC-USDT @ 1787217360
[replaying  31%] replaying ETH-USDT @ 1787217360
[replaying  31%] replaying BTC-USDT @ 1787217420
[replaying  31%] replaying ETH-USDT @ 1787217420
[replaying  31%] replaying BTC-USDT @ 1787217480
[replaying  31%] replaying ETH-USDT @ 1787217480
[replaying  31%] replaying BTC-USDT @ 1787217540
[replaying  31%] replaying ETH-USDT @ 1787217540
[replaying  31%] replaying BTC-USDT @ 1787217600
[replaying  31%] replaying ETH-USDT @ 1787217600
[replaying  31%] replaying BTC-USDT @ 1787217660
[replaying  31%] replaying ETH-USDT @ 1787217660
[replaying  31%] replaying BTC-USDT @ 1787217720
[replaying  32%] replaying ETH-USDT @ 1787217720
[replaying  32%] replaying BTC-USDT @ 1787217780
[replaying  32%] replaying ETH-USDT @ 1787217780
[replaying  32%] replaying BTC-USDT @ 1787217840
[replaying  32%] replaying ETH-USDT @ 1787217840
[replaying  32%] replaying BTC-USDT @ 1787217900
[replaying  32%] replaying ETH-USDT @ 1787217900
[replaying  32%] replaying BTC-USDT @ 1787217960
[replaying  32%] replaying ETH-USDT @ 1787217960
[replaying  32%] replaying BTC-USDT @ 1787218020
[replaying  32%] replaying ETH-USDT @ 1787218020
[replaying  32%] replaying BTC-USDT @ 1787218080
[replaying  32%] replaying ETH-USDT @ 1787218080
[replaying  32%] replaying BTC-USDT @ 1787218140
[replaying  32%] replaying ETH-USDT @ 1787218140
[replaying  32%] replaying BTC-USDT @ 1787218200
[replaying  32%] replaying ETH-USDT @ 1787218200
[replaying  32%] replaying BTC-USDT @ 1787218260
[replaying  32%] replaying ETH-USDT @ 1787218260
[replaying  32%] replaying BTC-USDT @ 1787218320
[replaying  32%] replaying ETH-USDT @ 1787218320
[replaying  32%] replaying BTC-USDT @ 1787218380
[replaying  32%] replaying ETH-USDT @ 1787218380
[replaying  32%] replaying BTC-USDT @ 1787218440
[replaying  32%] replaying ETH-USDT @ 1787218440
[replaying  32%] replaying BTC-USDT @ 1787218500
[replaying  32%] replaying ETH-USDT @ 1787218500
[replaying  32%] replaying BTC-USDT @ 1787218560
[replaying  32%] replaying ETH-USDT @ 1787218560
[replaying  32%] replaying BTC-USDT @ 1787218620
[replaying  32%] replaying ETH-USDT @ 1787218620
[replaying  32%] replaying BTC-USDT @ 1787218680
[replaying  32%] replaying ETH-USDT @ 1787218680
[replaying  32%] replaying BTC-USDT @ 1787218740
[replaying  32%] replaying ETH-USDT @ 1787218740
[replaying  32%] replaying BTC-USDT @ 1787218800
[replaying  32%] replaying ETH-USDT @ 1787218800
[replaying  32%] replaying BTC-USDT @ 1787218860
[replaying  32%] replaying ETH-USDT @ 1787218860
[replaying  32%] replaying BTC-USDT @ 1787218920
[replaying  32%] replaying ETH-USDT @ 1787218920
[replaying  32%] replaying BTC-USDT @ 1787218980
[replaying  32%] replaying ETH-USDT @ 1787218980
[replaying  32%] replaying BTC-USDT @ 1787219040
[replaying  32%] replaying ETH-USDT @ 1787219040
[replaying  32%] replaying BTC-USDT @ 1787219100
[replaying  32%] replaying ETH-USDT @ 1787219100
[replaying  32%] replaying BTC-USDT @ 1787219160
[replaying  32%] replaying ETH-USDT @ 1787219160
[replaying  32%] replaying BTC-USDT @ 1787219220
[replaying  32%] replaying ETH-USDT @ 1787219220
[replaying  32%] replaying BTC-USDT @ 1787219280
[replaying  32%] replaying ETH-USDT @ 1787219280
[replaying  32%] replaying BTC-USDT @ 1787219340
[replaying  32%] replaying ETH-USDT @ 1787219340
[replaying  32%] replaying BTC-USDT @ 1787219400
[replaying  32%] replaying ETH-USDT @ 1787219400
[replaying  32%] replaying BTC-USDT @ 1787219460
[replaying  32%] replaying ETH-USDT @ 1787219460
[replaying  32%] replaying BTC-USDT @ 1787219520
[replaying  32%] replaying ETH-USDT @ 1787219520
[replaying  32%] replaying BTC-USDT @ 1787219580
[replaying  32%] replaying ETH-USDT @ 1787219580
[replaying  32%] replaying BTC-USDT @ 1787219640
[replaying  32%] replaying ETH-USDT @ 1787219640
[replaying  32%] replaying BTC-USDT @ 1787219700
[replaying  32%] replaying ETH-USDT @ 1787219700
[replaying  32%] replaying BTC-USDT @ 1787219760
[replaying  32%] replaying ETH-USDT @ 1787219760
[replaying  32%] replaying BTC-USDT @ 1787219820
[replaying  32%] replaying ETH-USDT @ 1787219820
[replaying  32%] replaying BTC-USDT @ 1787219880
[replaying  32%] replaying ETH-USDT @ 1787219880
[replaying  32%] replaying BTC-USDT @ 1787219940
[replaying  32%] replaying ETH-USDT @ 1787219940
[replaying  32%] replaying BTC-USDT @ 1787220000
[replaying  32%] replaying ETH-USDT @ 1787220000
[replaying  32%] replaying BTC-USDT @ 1787220060
[replaying  32%] replaying ETH-USDT @ 1787220060
[replaying  32%] replaying BTC-USDT @ 1787220120
[replaying  32%] replaying ETH-USDT @ 1787220120
[replaying  32%] replaying BTC-USDT @ 1787220180
[replaying  32%] replaying ETH-USDT @ 1787220180
[replaying  32%] replaying BTC-USDT @ 1787220240
[replaying  32%] replaying ETH-USDT @ 1787220240
[replaying  32%] replaying BTC-USDT @ 1787220300
[replaying  32%] replaying ETH-USDT @ 1787220300
[replaying  32%] replaying BTC-USDT @ 1787220360
[replaying  32%] replaying ETH-USDT @ 1787220360
[replaying  32%] replaying BTC-USDT @ 1787220420
[replaying  32%] replaying ETH-USDT @ 1787220420
[replaying  32%] replaying BTC-USDT @ 1787220480
[replaying  32%] replaying ETH-USDT @ 1787220480
[replaying  32%] replaying BTC-USDT @ 1787220540
[replaying  32%] replaying ETH-USDT @ 1787220540
[replaying  32%] replaying BTC-USDT @ 1787220600
[replaying  32%] replaying ETH-USDT @ 1787220600
[replaying  32%] replaying BTC-USDT @ 1787220660
[replaying  32%] replaying ETH-USDT @ 1787220660
[replaying  32%] replaying BTC-USDT @ 1787220720
[replaying  32%] replaying ETH-USDT @ 1787220720
[replaying  32%] replaying BTC-USDT @ 1787220780
[replaying  32%] replaying ETH-USDT @ 1787220780
[replaying  32%] replaying BTC-USDT @ 1787220840
[replaying  32%] replaying ETH-USDT @ 1787220840
[replaying  32%] replaying BTC-USDT @ 1787220900
[replaying  32%] replaying ETH-USDT @ 1787220900
[replaying  32%] replaying BTC-USDT @ 1787220960
[replaying  32%] replaying ETH-USDT @ 1787220960
[replaying  32%] replaying BTC-USDT @ 1787221020
[replaying  32%] replaying ETH-USDT @ 1787221020
[replaying  32%] replaying BTC-USDT @ 1787221080
[replaying  33%] replaying ETH-USDT @ 1787221080
[replaying  33%] replaying BTC-USDT @ 1787221140
[replaying  33%] replaying ETH-USDT @ 1787221140
[replaying  33%] replaying BTC-USDT @ 1787221200
[replaying  33%] replaying ETH-USDT @ 1787221200
[replaying  33%] replaying BTC-USDT @ 1787221260
[replaying  33%] replaying ETH-USDT @ 1787221260
[replaying  33%] replaying BTC-USDT @ 1787221320
[replaying  33%] replaying ETH-USDT @ 1787221320
[replaying  33%] replaying BTC-USDT @ 1787221380
[replaying  33%] replaying ETH-USDT @ 1787221380
[replaying  33%] replaying BTC-USDT @ 1787221440
[replaying  33%] replaying ETH-USDT @ 1787221440
[replaying  33%] replaying BTC-USDT @ 1787221500
[replaying  33%] replaying ETH-USDT @ 1787221500
[replaying  33%] replaying BTC-USDT @ 1787221560
[replaying  33%] replaying ETH-USDT @ 1787221560
[replaying  33%] replaying BTC-USDT @ 1787221620
[replaying  33%] replaying ETH-USDT @ 1787221620
[replaying  33%] replaying BTC-USDT @ 1787221680
[replaying  33%] replaying ETH-USDT @ 1787221680
[replaying  33%] replaying BTC-USDT @ 1787221740
[replaying  33%] replaying ETH-USDT @ 1787221740
[replaying  33%] replaying BTC-USDT @ 1787221800
[replaying  33%] replaying ETH-USDT @ 1787221800
[replaying  33%] replaying BTC-USDT @ 1787221860
[replaying  33%] replaying ETH-USDT @ 1787221860
[replaying  33%] replaying BTC-USDT @ 1787221920
[replaying  33%] replaying ETH-USDT @ 1787221920
[replaying  33%] replaying BTC-USDT @ 1787221980
[replaying  33%] replaying ETH-USDT @ 1787221980
[replaying  33%] replaying BTC-USDT @ 1787222040
[replaying  33%] replaying ETH-USDT @ 1787222040
[replaying  33%] replaying BTC-USDT @ 1787222100
[replaying  33%] replaying ETH-USDT @ 1787222100
[replaying  33%] replaying BTC-USDT @ 1787222160
[replaying  33%] replaying ETH-USDT @ 1787222160
[replaying  33%] replaying BTC-USDT @ 1787222220
[replaying  33%] replaying ETH-USDT @ 1787222220
[replaying  33%] replaying BTC-USDT @ 1787222280
[replaying  33%] replaying ETH-USDT @ 1787222280
[replaying  33%] replaying BTC-USDT @ 1787222340
[replaying  33%] replaying ETH-USDT @ 1787222340
[replaying  33%] replaying BTC-USDT @ 1787222400
[replaying  33%] replaying ETH-USDT @ 1787222400
[replaying  33%] replaying BTC-USDT @ 1787222460
[replaying  33%] replaying ETH-USDT @ 1787222460
[replaying  33%] replaying BTC-USDT @ 1787222520
[replaying  33%] replaying ETH-USDT @ 1787222520
[replaying  33%] replaying BTC-USDT @ 1787222580
[replaying  33%] replaying ETH-USDT @ 1787222580
[replaying  33%] replaying BTC-USDT @ 1787222640
[replaying  33%] replaying ETH-USDT @ 1787222640
[replaying  33%] replaying BTC-USDT @ 1787222700
[replaying  33%] replaying ETH-USDT @ 1787222700
[replaying  33%] replaying BTC-USDT @ 1787222760
[replaying  33%] replaying ETH-USDT @ 1787222760
[replaying  33%] replaying BTC-USDT @ 1787222820
[replaying  33%] replaying ETH-USDT @ 1787222820
[replaying  33%] replaying BTC-USDT @ 1787222880
[replaying  33%] replaying ETH-USDT @ 1787222880
[replaying  33%] replaying BTC-USDT @ 1787222940
[replaying  33%] replaying ETH-USDT @ 1787222940
[replaying  33%] replaying BTC-USDT @ 1787223000
[replaying  33%] replaying ETH-USDT @ 1787223000
[replaying  33%] replaying BTC-USDT @ 1787223060
[replaying  33%] replaying ETH-USDT @ 1787223060
[replaying  33%] replaying BTC-USDT @ 1787223120
[replaying  33%] replaying ETH-USDT @ 1787223120
[replaying  33%] replaying BTC-USDT @ 1787223180
[replaying  33%] replaying ETH-USDT @ 1787223180
[replaying  33%] replaying BTC-USDT @ 1787223240
[replaying  33%] replaying ETH-USDT @ 1787223240
[replaying  33%] replaying BTC-USDT @ 1787223300
[replaying  33%] replaying ETH-USDT @ 1787223300
[replaying  33%] replaying BTC-USDT @ 1787223360
[replaying  33%] replaying ETH-USDT @ 1787223360
[replaying  33%] replaying BTC-USDT @ 1787223420
[replaying  33%] replaying ETH-USDT @ 1787223420
[replaying  33%] replaying BTC-USDT @ 1787223480
[replaying  33%] replaying ETH-USDT @ 1787223480
[replaying  33%] replaying BTC-USDT @ 1787223540
[replaying  33%] replaying ETH-USDT @ 1787223540
[replaying  33%] replaying BTC-USDT @ 1787223600
[replaying  33%] replaying ETH-USDT @ 1787223600
[replaying  33%] replaying BTC-USDT @ 1787223660
[replaying  33%] replaying ETH-USDT @ 1787223660
[replaying  33%] replaying BTC-USDT @ 1787223720
[replaying  33%] replaying ETH-USDT @ 1787223720
[replaying  33%] replaying BTC-USDT @ 1787223780
[replaying  33%] replaying ETH-USDT @ 1787223780
[replaying  33%] replaying BTC-USDT @ 1787223840
[replaying  33%] replaying ETH-USDT @ 1787223840
[replaying  33%] replaying BTC-USDT @ 1787223900
[replaying  33%] replaying ETH-USDT @ 1787223900
[replaying  33%] replaying BTC-USDT @ 1787223960
[replaying  33%] replaying ETH-USDT @ 1787223960
[replaying  33%] replaying BTC-USDT @ 1787224020
[replaying  33%] replaying ETH-USDT @ 1787224020
[replaying  33%] replaying BTC-USDT @ 1787224080
[replaying  33%] replaying ETH-USDT @ 1787224080
[replaying  33%] replaying BTC-USDT @ 1787224140
[replaying  33%] replaying ETH-USDT @ 1787224140
[replaying  33%] replaying BTC-USDT @ 1787224200
[replaying  33%] replaying ETH-USDT @ 1787224200
[replaying  33%] replaying BTC-USDT @ 1787224260
[replaying  33%] replaying ETH-USDT @ 1787224260
[replaying  33%] replaying BTC-USDT @ 1787224320
[replaying  33%] replaying ETH-USDT @ 1787224320
[replaying  33%] replaying BTC-USDT @ 1787224380
[replaying  33%] replaying ETH-USDT @ 1787224380
[replaying  34%] replaying BTC-USDT @ 1787224440
[replaying  34%] replaying ETH-USDT @ 1787224440
[replaying  34%] replaying BTC-USDT @ 1787224500
[replaying  34%] replaying ETH-USDT @ 1787224500
[replaying  34%] replaying BTC-USDT @ 1787224560
[replaying  34%] replaying ETH-USDT @ 1787224560
[replaying  34%] replaying BTC-USDT @ 1787224620
[replaying  34%] replaying ETH-USDT @ 1787224620
[replaying  34%] replaying BTC-USDT @ 1787224680
[replaying  34%] replaying ETH-USDT @ 1787224680
[replaying  34%] replaying BTC-USDT @ 1787224740
[replaying  34%] replaying ETH-USDT @ 1787224740
[replaying  34%] replaying BTC-USDT @ 1787224800
[replaying  34%] replaying ETH-USDT @ 1787224800
[replaying  34%] replaying BTC-USDT @ 1787224860
[replaying  34%] replaying ETH-USDT @ 1787224860
[replaying  34%] replaying BTC-USDT @ 1787224920
[replaying  34%] replaying ETH-USDT @ 1787224920
[replaying  34%] replaying BTC-USDT @ 1787224980
[replaying  34%] replaying ETH-USDT @ 1787224980
[replaying  34%] replaying BTC-USDT @ 1787225040
[replaying  34%] replaying ETH-USDT @ 1787225040
[replaying  34%] replaying BTC-USDT @ 1787225100
[replaying  34%] replaying ETH-USDT @ 1787225100
[replaying  34%] replaying BTC-USDT @ 1787225160
[replaying  34%] replaying ETH-USDT @ 1787225160
[replaying  34%] replaying BTC-USDT @ 1787225220
[replaying  34%] replaying ETH-USDT @ 1787225220
[replaying  34%] replaying BTC-USDT @ 1787225280
[replaying  34%] replaying ETH-USDT @ 1787225280
[replaying  34%] replaying BTC-USDT @ 1787225340
[replaying  34%] replaying ETH-USDT @ 1787225340
[replaying  34%] replaying BTC-USDT @ 1787225400
[replaying  34%] replaying ETH-USDT @ 1787225400
[replaying  34%] replaying BTC-USDT @ 1787225460
[replaying  34%] replaying ETH-USDT @ 1787225460
[replaying  34%] replaying BTC-USDT @ 1787225520
[replaying  34%] replaying ETH-USDT @ 1787225520
[replaying  34%] replaying BTC-USDT @ 1787225580
[replaying  34%] replaying ETH-USDT @ 1787225580
[replaying  34%] replaying BTC-USDT @ 1787225640
[replaying  34%] replaying ETH-USDT @ 1787225640
[replaying  34%] replaying BTC-USDT @ 1787225700
[replaying  34%] replaying ETH-USDT @ 1787225700
[replaying  34%] replaying BTC-USDT @ 1787225760
[replaying  34%] replaying ETH-USDT @ 1787225760
[replaying  34%] replaying BTC-USDT @ 1787225820
[replaying  34%] replaying ETH-USDT @ 1787225820
[replaying  34%] replaying BTC-USDT @ 1787225880
[replaying  34%] replaying ETH-USDT @ 1787225880
[replaying  34%] replaying BTC-USDT @ 1787225940
[replaying  34%] replaying ETH-USDT @ 1787225940
[replaying  34%] replaying BTC-USDT @ 1787226000
[replaying  34%] replaying ETH-USDT @ 1787226000
[replaying  34%] replaying BTC-USDT @ 1787226060
[replaying  34%] replaying ETH-USDT @ 1787226060
[replaying  34%] replaying BTC-USDT @ 1787226120
[replaying  34%] replaying ETH-USDT @ 1787226120
[replaying  34%] replaying BTC-USDT @ 1787226180
[replaying  34%] replaying ETH-USDT @ 1787226180
[replaying  34%] replaying BTC-USDT @ 1787226240
[replaying  34%] replaying ETH-USDT @ 1787226240
[replaying  34%] replaying BTC-USDT @ 1787226300
[replaying  34%] replaying ETH-USDT @ 1787226300
[replaying  34%] replaying BTC-USDT @ 1787226360
[replaying  34%] replaying ETH-USDT @ 1787226360
[replaying  34%] replaying BTC-USDT @ 1787226420
[replaying  34%] replaying ETH-USDT @ 1787226420
[replaying  34%] replaying BTC-USDT @ 1787226480
[replaying  34%] replaying ETH-USDT @ 1787226480
[replaying  34%] replaying BTC-USDT @ 1787226540
[replaying  34%] replaying ETH-USDT @ 1787226540
[replaying  34%] replaying BTC-USDT @ 1787226600
[replaying  34%] replaying ETH-USDT @ 1787226600
[replaying  34%] replaying BTC-USDT @ 1787226660
[replaying  34%] replaying ETH-USDT @ 1787226660
[replaying  34%] replaying BTC-USDT @ 1787226720
[replaying  34%] replaying ETH-USDT @ 1787226720
[replaying  34%] replaying BTC-USDT @ 1787226780
[replaying  34%] replaying ETH-USDT @ 1787226780
[replaying  34%] replaying BTC-USDT @ 1787226840
[replaying  34%] replaying ETH-USDT @ 1787226840
[replaying  34%] replaying BTC-USDT @ 1787226900
[replaying  34%] replaying ETH-USDT @ 1787226900
[replaying  34%] replaying BTC-USDT @ 1787226960
[replaying  34%] replaying ETH-USDT @ 1787226960
[replaying  34%] replaying BTC-USDT @ 1787227020
[replaying  34%] replaying ETH-USDT @ 1787227020
[replaying  34%] replaying BTC-USDT @ 1787227080
[replaying  34%] replaying ETH-USDT @ 1787227080
[replaying  34%] replaying BTC-USDT @ 1787227140
[replaying  34%] replaying ETH-USDT @ 1787227140
[replaying  34%] replaying BTC-USDT @ 1787227200
[replaying  34%] replaying ETH-USDT @ 1787227200
[replaying  34%] replaying BTC-USDT @ 1787227260
[replaying  34%] replaying ETH-USDT @ 1787227260
[replaying  34%] replaying BTC-USDT @ 1787227320
[replaying  34%] replaying ETH-USDT @ 1787227320
[replaying  34%] replaying BTC-USDT @ 1787227380
[replaying  34%] replaying ETH-USDT @ 1787227380
[replaying  34%] replaying BTC-USDT @ 1787227440
[replaying  34%] replaying ETH-USDT @ 1787227440
[replaying  34%] replaying BTC-USDT @ 1787227500
[replaying  34%] replaying ETH-USDT @ 1787227500
[replaying  34%] replaying BTC-USDT @ 1787227560
[replaying  34%] replaying ETH-USDT @ 1787227560
[replaying  34%] replaying BTC-USDT @ 1787227620
[replaying  34%] replaying ETH-USDT @ 1787227620
[replaying  34%] replaying BTC-USDT @ 1787227680
[replaying  34%] replaying ETH-USDT @ 1787227680
[replaying  34%] replaying BTC-USDT @ 1787227740
[replaying  35%] replaying ETH-USDT @ 1787227740
[replaying  35%] replaying BTC-USDT @ 1787227800
[replaying  35%] replaying ETH-USDT @ 1787227800
[replaying  35%] replaying BTC-USDT @ 1787227860
[replaying  35%] replaying ETH-USDT @ 1787227860
[replaying  35%] replaying BTC-USDT @ 1787227920
[replaying  35%] replaying ETH-USDT @ 1787227920
[replaying  35%] replaying BTC-USDT @ 1787227980
[replaying  35%] replaying ETH-USDT @ 1787227980
[replaying  35%] replaying BTC-USDT @ 1787228040
[replaying  35%] replaying ETH-USDT @ 1787228040
[replaying  35%] replaying BTC-USDT @ 1787228100
[replaying  35%] replaying ETH-USDT @ 1787228100
[replaying  35%] replaying BTC-USDT @ 1787228160
[replaying  35%] replaying ETH-USDT @ 1787228160
[replaying  35%] replaying BTC-USDT @ 1787228220
[replaying  35%] replaying ETH-USDT @ 1787228220
[replaying  35%] replaying BTC-USDT @ 1787228280
[replaying  35%] replaying ETH-USDT @ 1787228280
[replaying  35%] replaying BTC-USDT @ 1787228340
[replaying  35%] replaying ETH-USDT @ 1787228340
[replaying  35%] replaying BTC-USDT @ 1787228400
[replaying  35%] replaying ETH-USDT @ 1787228400
[replaying  35%] replaying BTC-USDT @ 1787228460
[replaying  35%] replaying ETH-USDT @ 1787228460
[replaying  35%] replaying BTC-USDT @ 1787228520
[replaying  35%] replaying ETH-USDT @ 1787228520
[replaying  35%] replaying BTC-USDT @ 1787228580
[replaying  35%] replaying ETH-USDT @ 1787228580
[replaying  35%] replaying BTC-USDT @ 1787228640
[replaying  35%] replaying ETH-USDT @ 1787228640
[replaying  35%] replaying BTC-USDT @ 1787228700
[replaying  35%] replaying ETH-USDT @ 1787228700
[replaying  35%] replaying BTC-USDT @ 1787228760
[replaying  35%] replaying ETH-USDT @ 1787228760
[replaying  35%] replaying BTC-USDT @ 1787228820
[replaying  35%] replaying ETH-USDT @ 1787228820
[replaying  35%] replaying BTC-USDT @ 1787228880
[replaying  35%] replaying ETH-USDT @ 1787228880
[replaying  35%] replaying BTC-USDT @ 1787228940
[replaying  35%] replaying ETH-USDT @ 1787228940
[replaying  35%] replaying BTC-USDT @ 1787229000
[replaying  35%] replaying ETH-USDT @ 1787229000
[replaying  35%] replaying BTC-USDT @ 1787229060
[replaying  35%] replaying ETH-USDT @ 1787229060
[replaying  35%] replaying BTC-USDT @ 1787229120
[replaying  35%] replaying ETH-USDT @ 1787229120
[replaying  35%] replaying BTC-USDT @ 1787229180
[replaying  35%] replaying ETH-USDT @ 1787229180
[replaying  35%] replaying BTC-USDT @ 1787229240
[replaying  35%] replaying ETH-USDT @ 1787229240
[replaying  35%] replaying BTC-USDT @ 1787229300
[replaying  35%] replaying ETH-USDT @ 1787229300
[replaying  35%] replaying BTC-USDT @ 1787229360
[replaying  35%] replaying ETH-USDT @ 1787229360
[replaying  35%] replaying BTC-USDT @ 1787229420
[replaying  35%] replaying ETH-USDT @ 1787229420
[replaying  35%] replaying BTC-USDT @ 1787229480
[replaying  35%] replaying ETH-USDT @ 1787229480
[replaying  35%] replaying BTC-USDT @ 1787229540
[replaying  35%] replaying ETH-USDT @ 1787229540
[replaying  35%] replaying BTC-USDT @ 1787229600
[replaying  35%] replaying ETH-USDT @ 1787229600
[replaying  35%] replaying BTC-USDT @ 1787229660
[replaying  35%] replaying ETH-USDT @ 1787229660
[replaying  35%] replaying BTC-USDT @ 1787229720
[replaying  35%] replaying ETH-USDT @ 1787229720
[replaying  35%] replaying BTC-USDT @ 1787229780
[replaying  35%] replaying ETH-USDT @ 1787229780
[replaying  35%] replaying BTC-USDT @ 1787229840
[replaying  35%] replaying ETH-USDT @ 1787229840
[replaying  35%] replaying BTC-USDT @ 1787229900
[replaying  35%] replaying ETH-USDT @ 1787229900
[replaying  35%] replaying BTC-USDT @ 1787229960
[replaying  35%] replaying ETH-USDT @ 1787229960
[replaying  35%] replaying BTC-USDT @ 1787230020
[replaying  35%] replaying ETH-USDT @ 1787230020
[replaying  35%] replaying BTC-USDT @ 1787230080
[replaying  35%] replaying ETH-USDT @ 1787230080
[replaying  35%] replaying BTC-USDT @ 1787230140
[replaying  35%] replaying ETH-USDT @ 1787230140
[replaying  35%] replaying BTC-USDT @ 1787230200
[replaying  35%] replaying ETH-USDT @ 1787230200
[replaying  35%] replaying BTC-USDT @ 1787230260
[replaying  35%] replaying ETH-USDT @ 1787230260
[replaying  35%] replaying BTC-USDT @ 1787230320
[replaying  35%] replaying ETH-USDT @ 1787230320
[replaying  35%] replaying BTC-USDT @ 1787230380
[replaying  35%] replaying ETH-USDT @ 1787230380
[replaying  35%] replaying BTC-USDT @ 1787230440
[replaying  35%] replaying ETH-USDT @ 1787230440
[replaying  35%] replaying BTC-USDT @ 1787230500
[replaying  35%] replaying ETH-USDT @ 1787230500
[replaying  35%] replaying BTC-USDT @ 1787230560
[replaying  35%] replaying ETH-USDT @ 1787230560
[replaying  35%] replaying BTC-USDT @ 1787230620
[replaying  35%] replaying ETH-USDT @ 1787230620
[replaying  35%] replaying BTC-USDT @ 1787230680
[replaying  35%] replaying ETH-USDT @ 1787230680
[replaying  35%] replaying BTC-USDT @ 1787230740
[replaying  35%] replaying ETH-USDT @ 1787230740
[replaying  35%] replaying BTC-USDT @ 1787230800
[replaying  35%] replaying ETH-USDT @ 1787230800
[replaying  35%] replaying BTC-USDT @ 1787230860
[replaying  35%] replaying ETH-USDT @ 1787230860
[replaying  35%] replaying BTC-USDT @ 1787230920
[replaying  35%] replaying ETH-USDT @ 1787230920
[replaying  35%] replaying BTC-USDT @ 1787230980
[replaying  35%] replaying ETH-USDT @ 1787230980
[replaying  35%] replaying BTC-USDT @ 1787231040
[replaying  35%] replaying ETH-USDT @ 1787231040
[replaying  35%] replaying BTC-USDT @ 1787231100
[replaying  36%] replaying ETH-USDT @ 1787231100
[replaying  36%] replaying BTC-USDT @ 1787231160
[replaying  36%] replaying ETH-USDT @ 1787231160
[replaying  36%] replaying BTC-USDT @ 1787231220
[replaying  36%] replaying ETH-USDT @ 1787231220
[replaying  36%] replaying BTC-USDT @ 1787231280
[replaying  36%] replaying ETH-USDT @ 1787231280
[replaying  36%] replaying BTC-USDT @ 1787231340
[replaying  36%] replaying ETH-USDT @ 1787231340
[replaying  36%] replaying BTC-USDT @ 1787231400
[replaying  36%] replaying ETH-USDT @ 1787231400
[replaying  36%] replaying BTC-USDT @ 1787231460
[replaying  36%] replaying ETH-USDT @ 1787231460
[replaying  36%] replaying BTC-USDT @ 1787231520
[replaying  36%] replaying ETH-USDT @ 1787231520
[replaying  36%] replaying BTC-USDT @ 1787231580
[replaying  36%] replaying ETH-USDT @ 1787231580
[replaying  36%] replaying BTC-USDT @ 1787231640
[replaying  36%] replaying ETH-USDT @ 1787231640
[replaying  36%] replaying BTC-USDT @ 1787231700
[replaying  36%] replaying ETH-USDT @ 1787231700
[replaying  36%] replaying BTC-USDT @ 1787231760
[replaying  36%] replaying ETH-USDT @ 1787231760
[replaying  36%] replaying BTC-USDT @ 1787231820
[replaying  36%] replaying ETH-USDT @ 1787231820
[replaying  36%] replaying BTC-USDT @ 1787231880
[replaying  36%] replaying ETH-USDT @ 1787231880
[replaying  36%] replaying BTC-USDT @ 1787231940
[replaying  36%] replaying ETH-USDT @ 1787231940
[replaying  36%] replaying BTC-USDT @ 1787232000
[replaying  36%] replaying ETH-USDT @ 1787232000
[replaying  36%] replaying BTC-USDT @ 1787232060
[replaying  36%] replaying ETH-USDT @ 1787232060
[replaying  36%] replaying BTC-USDT @ 1787232120
[replaying  36%] replaying ETH-USDT @ 1787232120
[replaying  36%] replaying BTC-USDT @ 1787232180
[replaying  36%] replaying ETH-USDT @ 1787232180
[replaying  36%] replaying BTC-USDT @ 1787232240
[replaying  36%] replaying ETH-USDT @ 1787232240
[replaying  36%] replaying BTC-USDT @ 1787232300
[replaying  36%] replaying ETH-USDT @ 1787232300
[replaying  36%] replaying BTC-USDT @ 1787232360
[replaying  36%] replaying ETH-USDT @ 1787232360
[replaying  36%] replaying BTC-USDT @ 1787232420
[replaying  36%] replaying ETH-USDT @ 1787232420
[replaying  36%] replaying BTC-USDT @ 1787232480
[replaying  36%] replaying ETH-USDT @ 1787232480
[replaying  36%] replaying BTC-USDT @ 1787232540
[replaying  36%] replaying ETH-USDT @ 1787232540
[replaying  36%] replaying BTC-USDT @ 1787232600
[replaying  36%] replaying ETH-USDT @ 1787232600
[replaying  36%] replaying BTC-USDT @ 1787232660
[replaying  36%] replaying ETH-USDT @ 1787232660
[replaying  36%] replaying BTC-USDT @ 1787232720
[replaying  36%] replaying ETH-USDT @ 1787232720
[replaying  36%] replaying BTC-USDT @ 1787232780
[replaying  36%] replaying ETH-USDT @ 1787232780
[replaying  36%] replaying BTC-USDT @ 1787232840
[replaying  36%] replaying ETH-USDT @ 1787232840
[replaying  36%] replaying BTC-USDT @ 1787232900
[replaying  36%] replaying ETH-USDT @ 1787232900
[replaying  36%] replaying BTC-USDT @ 1787232960
[replaying  36%] replaying ETH-USDT @ 1787232960
[replaying  36%] replaying BTC-USDT @ 1787233020
[replaying  36%] replaying ETH-USDT @ 1787233020
[replaying  36%] replaying BTC-USDT @ 1787233080
[replaying  36%] replaying ETH-USDT @ 1787233080
[replaying  36%] replaying BTC-USDT @ 1787233140
[replaying  36%] replaying ETH-USDT @ 1787233140
[replaying  36%] replaying BTC-USDT @ 1787233200
[replaying  36%] replaying ETH-USDT @ 1787233200
[replaying  36%] replaying BTC-USDT @ 1787233260
[replaying  36%] replaying ETH-USDT @ 1787233260
[replaying  36%] replaying BTC-USDT @ 1787233320
[replaying  36%] replaying ETH-USDT @ 1787233320
[replaying  36%] replaying BTC-USDT @ 1787233380
[replaying  36%] replaying ETH-USDT @ 1787233380
[replaying  36%] replaying BTC-USDT @ 1787233440
[replaying  36%] replaying ETH-USDT @ 1787233440
[replaying  36%] replaying BTC-USDT @ 1787233500
[replaying  36%] replaying ETH-USDT @ 1787233500
[replaying  36%] replaying BTC-USDT @ 1787233560
[replaying  36%] replaying ETH-USDT @ 1787233560
[replaying  36%] replaying BTC-USDT @ 1787233620
[replaying  36%] replaying ETH-USDT @ 1787233620
[replaying  36%] replaying BTC-USDT @ 1787233680
[replaying  36%] replaying ETH-USDT @ 1787233680
[replaying  36%] replaying BTC-USDT @ 1787233740
[replaying  36%] replaying ETH-USDT @ 1787233740
[replaying  36%] replaying BTC-USDT @ 1787233800
[replaying  36%] replaying ETH-USDT @ 1787233800
[replaying  36%] replaying BTC-USDT @ 1787233860
[replaying  36%] replaying ETH-USDT @ 1787233860
[replaying  36%] replaying BTC-USDT @ 1787233920
[replaying  36%] replaying ETH-USDT @ 1787233920
[replaying  36%] replaying BTC-USDT @ 1787233980
[replaying  36%] replaying ETH-USDT @ 1787233980
[replaying  36%] replaying BTC-USDT @ 1787234040
[replaying  36%] replaying ETH-USDT @ 1787234040
[replaying  36%] replaying BTC-USDT @ 1787234100
[replaying  36%] replaying ETH-USDT @ 1787234100
[replaying  36%] replaying BTC-USDT @ 1787234160
[replaying  36%] replaying ETH-USDT @ 1787234160
[replaying  36%] replaying BTC-USDT @ 1787234220
[replaying  36%] replaying ETH-USDT @ 1787234220
[replaying  36%] replaying BTC-USDT @ 1787234280
[replaying  36%] replaying ETH-USDT @ 1787234280
[replaying  36%] replaying BTC-USDT @ 1787234340
[replaying  36%] replaying ETH-USDT @ 1787234340
[replaying  36%] replaying BTC-USDT @ 1787234400
[replaying  36%] replaying ETH-USDT @ 1787234400
[replaying  37%] replaying BTC-USDT @ 1787234460
[replaying  37%] replaying ETH-USDT @ 1787234460
[replaying  37%] replaying BTC-USDT @ 1787234520
[replaying  37%] replaying ETH-USDT @ 1787234520
[replaying  37%] replaying BTC-USDT @ 1787234580
[replaying  37%] replaying ETH-USDT @ 1787234580
[replaying  37%] replaying BTC-USDT @ 1787234640
[replaying  37%] replaying ETH-USDT @ 1787234640
[replaying  37%] replaying BTC-USDT @ 1787234700
[replaying  37%] replaying ETH-USDT @ 1787234700
[replaying  37%] replaying BTC-USDT @ 1787234760
[replaying  37%] replaying ETH-USDT @ 1787234760
[replaying  37%] replaying BTC-USDT @ 1787234820
[replaying  37%] replaying ETH-USDT @ 1787234820
[replaying  37%] replaying BTC-USDT @ 1787234880
[replaying  37%] replaying ETH-USDT @ 1787234880
[replaying  37%] replaying BTC-USDT @ 1787234940
[replaying  37%] replaying ETH-USDT @ 1787234940
[replaying  37%] replaying BTC-USDT @ 1787235000
[replaying  37%] replaying ETH-USDT @ 1787235000
[replaying  37%] replaying BTC-USDT @ 1787235060
[replaying  37%] replaying ETH-USDT @ 1787235060
[replaying  37%] replaying BTC-USDT @ 1787235120
[replaying  37%] replaying ETH-USDT @ 1787235120
[replaying  37%] replaying BTC-USDT @ 1787235180
[replaying  37%] replaying ETH-USDT @ 1787235180
[replaying  37%] replaying BTC-USDT @ 1787235240
[replaying  37%] replaying ETH-USDT @ 1787235240
[replaying  37%] replaying BTC-USDT @ 1787235300
[replaying  37%] replaying ETH-USDT @ 1787235300
[replaying  37%] replaying BTC-USDT @ 1787235360
[replaying  37%] replaying ETH-USDT @ 1787235360
[replaying  37%] replaying BTC-USDT @ 1787235420
[replaying  37%] replaying ETH-USDT @ 1787235420
[replaying  37%] replaying BTC-USDT @ 1787235480
[replaying  37%] replaying ETH-USDT @ 1787235480
[replaying  37%] replaying BTC-USDT @ 1787235540
[replaying  37%] replaying ETH-USDT @ 1787235540
[replaying  37%] replaying BTC-USDT @ 1787235600
[replaying  37%] replaying ETH-USDT @ 1787235600
[replaying  37%] replaying BTC-USDT @ 1787235660
[replaying  37%] replaying ETH-USDT @ 1787235660
[replaying  37%] replaying BTC-USDT @ 1787235720
[replaying  37%] replaying ETH-USDT @ 1787235720
[replaying  37%] replaying BTC-USDT @ 1787235780
[replaying  37%] replaying ETH-USDT @ 1787235780
[replaying  37%] replaying BTC-USDT @ 1787235840
[replaying  37%] replaying ETH-USDT @ 1787235840
[replaying  37%] replaying BTC-USDT @ 1787235900
[replaying  37%] replaying ETH-USDT @ 1787235900
[replaying  37%] replaying BTC-USDT @ 1787235960
[replaying  37%] replaying ETH-USDT @ 1787235960
[replaying  37%] replaying BTC-USDT @ 1787236020
[replaying  37%] replaying ETH-USDT @ 1787236020
[replaying  37%] replaying BTC-USDT @ 1787236080
[replaying  37%] replaying ETH-USDT @ 1787236080
[replaying  37%] replaying BTC-USDT @ 1787236140
[replaying  37%] replaying ETH-USDT @ 1787236140
[replaying  37%] replaying BTC-USDT @ 1787236200
[replaying  37%] replaying ETH-USDT @ 1787236200
[replaying  37%] replaying BTC-USDT @ 1787236260
[replaying  37%] replaying ETH-USDT @ 1787236260
[replaying  37%] replaying BTC-USDT @ 1787236320
[replaying  37%] replaying ETH-USDT @ 1787236320
[replaying  37%] replaying BTC-USDT @ 1787236380
[replaying  37%] replaying ETH-USDT @ 1787236380
[replaying  37%] replaying BTC-USDT @ 1787236440
[replaying  37%] replaying ETH-USDT @ 1787236440
[replaying  37%] replaying BTC-USDT @ 1787236500
[replaying  37%] replaying ETH-USDT @ 1787236500
[replaying  37%] replaying BTC-USDT @ 1787236560
[replaying  37%] replaying ETH-USDT @ 1787236560
[replaying  37%] replaying BTC-USDT @ 1787236620
[replaying  37%] replaying ETH-USDT @ 1787236620
[replaying  37%] replaying BTC-USDT @ 1787236680
[replaying  37%] replaying ETH-USDT @ 1787236680
[replaying  37%] replaying BTC-USDT @ 1787236740
[replaying  37%] replaying ETH-USDT @ 1787236740
[replaying  37%] replaying BTC-USDT @ 1787236800
[replaying  37%] replaying ETH-USDT @ 1787236800
[replaying  37%] replaying BTC-USDT @ 1787236860
[replaying  37%] replaying ETH-USDT @ 1787236860
[replaying  37%] replaying BTC-USDT @ 1787236920
[replaying  37%] replaying ETH-USDT @ 1787236920
[replaying  37%] replaying BTC-USDT @ 1787236980
[replaying  37%] replaying ETH-USDT @ 1787236980
[replaying  37%] replaying BTC-USDT @ 1787237040
[replaying  37%] replaying ETH-USDT @ 1787237040
[replaying  37%] replaying BTC-USDT @ 1787237100
[replaying  37%] replaying ETH-USDT @ 1787237100
[replaying  37%] replaying BTC-USDT @ 1787237160
[replaying  37%] replaying ETH-USDT @ 1787237160
[replaying  37%] replaying BTC-USDT @ 1787237220
[replaying  37%] replaying ETH-USDT @ 1787237220
[replaying  37%] replaying BTC-USDT @ 1787237280
[replaying  37%] replaying ETH-USDT @ 1787237280
[replaying  37%] replaying BTC-USDT @ 1787237340
[replaying  37%] replaying ETH-USDT @ 1787237340
[replaying  37%] replaying BTC-USDT @ 1787237400
[replaying  37%] replaying ETH-USDT @ 1787237400
[replaying  37%] replaying BTC-USDT @ 1787237460
[replaying  37%] replaying ETH-USDT @ 1787237460
[replaying  37%] replaying BTC-USDT @ 1787237520
[replaying  37%] replaying ETH-USDT @ 1787237520
[replaying  37%] replaying BTC-USDT @ 1787237580
[replaying  37%] replaying ETH-USDT @ 1787237580
[replaying  37%] replaying BTC-USDT @ 1787237640
[replaying  37%] replaying ETH-USDT @ 1787237640
[replaying  37%] replaying BTC-USDT @ 1787237700
[replaying  37%] replaying ETH-USDT @ 1787237700
[replaying  37%] replaying BTC-USDT @ 1787237760
[replaying  38%] replaying ETH-USDT @ 1787237760
[replaying  38%] replaying BTC-USDT @ 1787237820
[replaying  38%] replaying ETH-USDT @ 1787237820
[replaying  38%] replaying BTC-USDT @ 1787237880
[replaying  38%] replaying ETH-USDT @ 1787237880
[replaying  38%] replaying BTC-USDT @ 1787237940
[replaying  38%] replaying ETH-USDT @ 1787237940
[replaying  38%] replaying BTC-USDT @ 1787238000
[replaying  38%] replaying ETH-USDT @ 1787238000
[replaying  38%] replaying BTC-USDT @ 1787238060
[replaying  38%] replaying ETH-USDT @ 1787238060
[replaying  38%] replaying BTC-USDT @ 1787238120
[replaying  38%] replaying ETH-USDT @ 1787238120
[replaying  38%] replaying BTC-USDT @ 1787238180
[replaying  38%] replaying ETH-USDT @ 1787238180
[replaying  38%] replaying BTC-USDT @ 1787238240
[replaying  38%] replaying ETH-USDT @ 1787238240
[replaying  38%] replaying BTC-USDT @ 1787238300
[replaying  38%] replaying ETH-USDT @ 1787238300
[replaying  38%] replaying BTC-USDT @ 1787238360
[replaying  38%] replaying ETH-USDT @ 1787238360
[replaying  38%] replaying BTC-USDT @ 1787238420
[replaying  38%] replaying ETH-USDT @ 1787238420
[replaying  38%] replaying BTC-USDT @ 1787238480
[replaying  38%] replaying ETH-USDT @ 1787238480
[replaying  38%] replaying BTC-USDT @ 1787238540
[replaying  38%] replaying ETH-USDT @ 1787238540
[replaying  38%] replaying BTC-USDT @ 1787238600
[replaying  38%] replaying ETH-USDT @ 1787238600
[replaying  38%] replaying BTC-USDT @ 1787238660
[replaying  38%] replaying ETH-USDT @ 1787238660
[replaying  38%] replaying BTC-USDT @ 1787238720
[replaying  38%] replaying ETH-USDT @ 1787238720
[replaying  38%] replaying BTC-USDT @ 1787238780
[replaying  38%] replaying ETH-USDT @ 1787238780
[replaying  38%] replaying BTC-USDT @ 1787238840
[replaying  38%] replaying ETH-USDT @ 1787238840
[replaying  38%] replaying BTC-USDT @ 1787238900
[replaying  38%] replaying ETH-USDT @ 1787238900
[replaying  38%] replaying BTC-USDT @ 1787238960
[replaying  38%] replaying ETH-USDT @ 1787238960
[replaying  38%] replaying BTC-USDT @ 1787239020
[replaying  38%] replaying ETH-USDT @ 1787239020
[replaying  38%] replaying BTC-USDT @ 1787239080
[replaying  38%] replaying ETH-USDT @ 1787239080
[replaying  38%] replaying BTC-USDT @ 1787239140
[replaying  38%] replaying ETH-USDT @ 1787239140
[replaying  38%] replaying BTC-USDT @ 1787239200
[replaying  38%] replaying ETH-USDT @ 1787239200
[replaying  38%] replaying BTC-USDT @ 1787239260
[replaying  38%] replaying ETH-USDT @ 1787239260
[replaying  38%] replaying BTC-USDT @ 1787239320
[replaying  38%] replaying ETH-USDT @ 1787239320
[replaying  38%] replaying BTC-USDT @ 1787239380
[replaying  38%] replaying ETH-USDT @ 1787239380
[replaying  38%] replaying BTC-USDT @ 1787239440
[replaying  38%] replaying ETH-USDT @ 1787239440
[replaying  38%] replaying BTC-USDT @ 1787239500
[replaying  38%] replaying ETH-USDT @ 1787239500
[replaying  38%] replaying BTC-USDT @ 1787239560
[replaying  38%] replaying ETH-USDT @ 1787239560
[replaying  38%] replaying BTC-USDT @ 1787239620
[replaying  38%] replaying ETH-USDT @ 1787239620
[replaying  38%] replaying BTC-USDT @ 1787239680
[replaying  38%] replaying ETH-USDT @ 1787239680
[replaying  38%] replaying BTC-USDT @ 1787239740
[replaying  38%] replaying ETH-USDT @ 1787239740
[replaying  38%] replaying BTC-USDT @ 1787239800
[replaying  38%] replaying ETH-USDT @ 1787239800
[replaying  38%] replaying BTC-USDT @ 1787239860
[replaying  38%] replaying ETH-USDT @ 1787239860
[replaying  38%] replaying BTC-USDT @ 1787239920
[replaying  38%] replaying ETH-USDT @ 1787239920
[replaying  38%] replaying BTC-USDT @ 1787239980
[replaying  38%] replaying ETH-USDT @ 1787239980
[replaying  38%] replaying BTC-USDT @ 1787240040
[replaying  38%] replaying ETH-USDT @ 1787240040
[replaying  38%] replaying BTC-USDT @ 1787240100
[replaying  38%] replaying ETH-USDT @ 1787240100
[replaying  38%] replaying BTC-USDT @ 1787240160
[replaying  38%] replaying ETH-USDT @ 1787240160
[replaying  38%] replaying BTC-USDT @ 1787240220
[replaying  38%] replaying ETH-USDT @ 1787240220
[replaying  38%] replaying BTC-USDT @ 1787240280
[replaying  38%] replaying ETH-USDT @ 1787240280
[replaying  38%] replaying BTC-USDT @ 1787240340
[replaying  38%] replaying ETH-USDT @ 1787240340
[replaying  38%] replaying BTC-USDT @ 1787240400
[replaying  38%] replaying ETH-USDT @ 1787240400
[replaying  38%] replaying BTC-USDT @ 1787240460
[replaying  38%] replaying ETH-USDT @ 1787240460
[replaying  38%] replaying BTC-USDT @ 1787240520
[replaying  38%] replaying ETH-USDT @ 1787240520
[replaying  38%] replaying BTC-USDT @ 1787240580
[replaying  38%] replaying ETH-USDT @ 1787240580
[replaying  38%] replaying BTC-USDT @ 1787240640
[replaying  38%] replaying ETH-USDT @ 1787240640
[replaying  38%] replaying BTC-USDT @ 1787240700
[replaying  38%] replaying ETH-USDT @ 1787240700
[replaying  38%] replaying BTC-USDT @ 1787240760
[replaying  38%] replaying ETH-USDT @ 1787240760
[replaying  38%] replaying BTC-USDT @ 1787240820
[replaying  38%] replaying ETH-USDT @ 1787240820
[replaying  38%] replaying BTC-USDT @ 1787240880
[replaying  38%] replaying ETH-USDT @ 1787240880
[replaying  38%] replaying BTC-USDT @ 1787240940
[replaying  38%] replaying ETH-USDT @ 1787240940
[replaying  38%] replaying BTC-USDT @ 1787241000
[replaying  38%] replaying ETH-USDT @ 1787241000
[replaying  38%] replaying BTC-USDT @ 1787241060
[replaying  38%] replaying ETH-USDT @ 1787241060
[replaying  38%] replaying BTC-USDT @ 1787241120
[replaying  39%] replaying ETH-USDT @ 1787241120
[replaying  39%] replaying BTC-USDT @ 1787241180
[replaying  39%] replaying ETH-USDT @ 1787241180
[replaying  39%] replaying BTC-USDT @ 1787241240
[replaying  39%] replaying ETH-USDT @ 1787241240
[replaying  39%] replaying BTC-USDT @ 1787241300
[replaying  39%] replaying ETH-USDT @ 1787241300
[replaying  39%] replaying BTC-USDT @ 1787241360
[replaying  39%] replaying ETH-USDT @ 1787241360
[replaying  39%] replaying BTC-USDT @ 1787241420
[replaying  39%] replaying ETH-USDT @ 1787241420
[replaying  39%] replaying BTC-USDT @ 1787241480
[replaying  39%] replaying ETH-USDT @ 1787241480
[replaying  39%] replaying BTC-USDT @ 1787241540
[replaying  39%] replaying ETH-USDT @ 1787241540
[replaying  39%] replaying BTC-USDT @ 1787241600
[replaying  39%] replaying ETH-USDT @ 1787241600
[replaying  39%] replaying BTC-USDT @ 1787241660
[replaying  39%] replaying ETH-USDT @ 1787241660
[replaying  39%] replaying BTC-USDT @ 1787241720
[replaying  39%] replaying ETH-USDT @ 1787241720
[replaying  39%] replaying BTC-USDT @ 1787241780
[replaying  39%] replaying ETH-USDT @ 1787241780
[replaying  39%] replaying BTC-USDT @ 1787241840
[replaying  39%] replaying ETH-USDT @ 1787241840
[replaying  39%] replaying BTC-USDT @ 1787241900
[replaying  39%] replaying ETH-USDT @ 1787241900
[replaying  39%] replaying BTC-USDT @ 1787241960
[replaying  39%] replaying ETH-USDT @ 1787241960
[replaying  39%] replaying BTC-USDT @ 1787242020
[replaying  39%] replaying ETH-USDT @ 1787242020
[replaying  39%] replaying BTC-USDT @ 1787242080
[replaying  39%] replaying ETH-USDT @ 1787242080
[replaying  39%] replaying BTC-USDT @ 1787242140
[replaying  39%] replaying ETH-USDT @ 1787242140
[replaying  39%] replaying BTC-USDT @ 1787242200
[replaying  39%] replaying ETH-USDT @ 1787242200
[replaying  39%] replaying BTC-USDT @ 1787242260
[replaying  39%] replaying ETH-USDT @ 1787242260
[replaying  39%] replaying BTC-USDT @ 1787242320
[replaying  39%] replaying ETH-USDT @ 1787242320
[replaying  39%] replaying BTC-USDT @ 1787242380
[replaying  39%] replaying ETH-USDT @ 1787242380
[replaying  39%] replaying BTC-USDT @ 1787242440
[replaying  39%] replaying ETH-USDT @ 1787242440
[replaying  39%] replaying BTC-USDT @ 1787242500
[replaying  39%] replaying ETH-USDT @ 1787242500
[replaying  39%] replaying BTC-USDT @ 1787242560
[replaying  39%] replaying ETH-USDT @ 1787242560
[replaying  39%] replaying BTC-USDT @ 1787242620
[replaying  39%] replaying ETH-USDT @ 1787242620
[replaying  39%] replaying BTC-USDT @ 1787242680
[replaying  39%] replaying ETH-USDT @ 1787242680
[replaying  39%] replaying BTC-USDT @ 1787242740
[replaying  39%] replaying ETH-USDT @ 1787242740
[replaying  39%] replaying BTC-USDT @ 1787242800
[replaying  39%] replaying ETH-USDT @ 1787242800
[replaying  39%] replaying BTC-USDT @ 1787242860
[replaying  39%] replaying ETH-USDT @ 1787242860
[replaying  39%] replaying BTC-USDT @ 1787242920
[replaying  39%] replaying ETH-USDT @ 1787242920
[replaying  39%] replaying BTC-USDT @ 1787242980
[replaying  39%] replaying ETH-USDT @ 1787242980
[replaying  39%] replaying BTC-USDT @ 1787243040
[replaying  39%] replaying ETH-USDT @ 1787243040
[replaying  39%] replaying BTC-USDT @ 1787243100
[replaying  39%] replaying ETH-USDT @ 1787243100
[replaying  39%] replaying BTC-USDT @ 1787243160
[replaying  39%] replaying ETH-USDT @ 1787243160
[replaying  39%] replaying BTC-USDT @ 1787243220
[replaying  39%] replaying ETH-USDT @ 1787243220
[replaying  39%] replaying BTC-USDT @ 1787243280
[replaying  39%] replaying ETH-USDT @ 1787243280
[replaying  39%] replaying BTC-USDT @ 1787243340
[replaying  39%] replaying ETH-USDT @ 1787243340
[replaying  39%] replaying BTC-USDT @ 1787243400
[replaying  39%] replaying ETH-USDT @ 1787243400
[replaying  39%] replaying BTC-USDT @ 1787243460
[replaying  39%] replaying ETH-USDT @ 1787243460
[replaying  39%] replaying BTC-USDT @ 1787243520
[replaying  39%] replaying ETH-USDT @ 1787243520
[replaying  39%] replaying BTC-USDT @ 1787243580
[replaying  39%] replaying ETH-USDT @ 1787243580
[replaying  39%] replaying BTC-USDT @ 1787243640
[replaying  39%] replaying ETH-USDT @ 1787243640
[replaying  39%] replaying BTC-USDT @ 1787243700
[replaying  39%] replaying ETH-USDT @ 1787243700
[replaying  39%] replaying BTC-USDT @ 1787243760
[replaying  39%] replaying ETH-USDT @ 1787243760
[replaying  39%] replaying BTC-USDT @ 1787243820
[replaying  39%] replaying ETH-USDT @ 1787243820
[replaying  39%] replaying BTC-USDT @ 1787243880
[replaying  39%] replaying ETH-USDT @ 1787243880
[replaying  39%] replaying BTC-USDT @ 1787243940
[replaying  39%] replaying ETH-USDT @ 1787243940
[replaying  39%] replaying BTC-USDT @ 1787244000
[replaying  39%] replaying ETH-USDT @ 1787244000
[replaying  39%] replaying BTC-USDT @ 1787244060
[replaying  39%] replaying ETH-USDT @ 1787244060
[replaying  39%] replaying BTC-USDT @ 1787244120
[replaying  39%] replaying ETH-USDT @ 1787244120
[replaying  39%] replaying BTC-USDT @ 1787244180
[replaying  39%] replaying ETH-USDT @ 1787244180
[replaying  39%] replaying BTC-USDT @ 1787244240
[replaying  39%] replaying ETH-USDT @ 1787244240
[replaying  39%] replaying BTC-USDT @ 1787244300
[replaying  39%] replaying ETH-USDT @ 1787244300
[replaying  39%] replaying BTC-USDT @ 1787244360
[replaying  39%] replaying ETH-USDT @ 1787244360
[replaying  39%] replaying BTC-USDT @ 1787244420
[replaying  39%] replaying ETH-USDT @ 1787244420
[replaying  40%] replaying BTC-USDT @ 1787244480
[replaying  40%] replaying ETH-USDT @ 1787244480
[replaying  40%] replaying BTC-USDT @ 1787244540
[replaying  40%] replaying ETH-USDT @ 1787244540
[replaying  40%] replaying BTC-USDT @ 1787244600
[replaying  40%] replaying ETH-USDT @ 1787244600
[replaying  40%] replaying BTC-USDT @ 1787244660
[replaying  40%] replaying ETH-USDT @ 1787244660
[replaying  40%] replaying BTC-USDT @ 1787244720
[replaying  40%] replaying ETH-USDT @ 1787244720
[replaying  40%] replaying BTC-USDT @ 1787244780
[replaying  40%] replaying ETH-USDT @ 1787244780
[replaying  40%] replaying BTC-USDT @ 1787244840
[replaying  40%] replaying ETH-USDT @ 1787244840
[replaying  40%] replaying BTC-USDT @ 1787244900
[replaying  40%] replaying ETH-USDT @ 1787244900
[replaying  40%] replaying BTC-USDT @ 1787244960
[replaying  40%] replaying ETH-USDT @ 1787244960
[replaying  40%] replaying BTC-USDT @ 1787245020
[replaying  40%] replaying ETH-USDT @ 1787245020
[replaying  40%] replaying BTC-USDT @ 1787245080
[replaying  40%] replaying ETH-USDT @ 1787245080
[replaying  40%] replaying BTC-USDT @ 1787245140
[replaying  40%] replaying ETH-USDT @ 1787245140
[replaying  40%] replaying BTC-USDT @ 1787245200
[replaying  40%] replaying ETH-USDT @ 1787245200
[replaying  40%] replaying BTC-USDT @ 1787245260
[replaying  40%] replaying ETH-USDT @ 1787245260
[replaying  40%] replaying BTC-USDT @ 1787245320
[replaying  40%] replaying ETH-USDT @ 1787245320
[replaying  40%] replaying BTC-USDT @ 1787245380
[replaying  40%] replaying ETH-USDT @ 1787245380
[replaying  40%] replaying BTC-USDT @ 1787245440
[replaying  40%] replaying ETH-USDT @ 1787245440
[replaying  40%] replaying BTC-USDT @ 1787245500
[replaying  40%] replaying ETH-USDT @ 1787245500
[replaying  40%] replaying BTC-USDT @ 1787245560
[replaying  40%] replaying ETH-USDT @ 1787245560
[replaying  40%] replaying BTC-USDT @ 1787245620
[replaying  40%] replaying ETH-USDT @ 1787245620
[replaying  40%] replaying BTC-USDT @ 1787245680
[replaying  40%] replaying ETH-USDT @ 1787245680
[replaying  40%] replaying BTC-USDT @ 1787245740
[replaying  40%] replaying ETH-USDT @ 1787245740
[replaying  40%] replaying BTC-USDT @ 1787245800
[replaying  40%] replaying ETH-USDT @ 1787245800
[replaying  40%] replaying BTC-USDT @ 1787245860
[replaying  40%] replaying ETH-USDT @ 1787245860
[replaying  40%] replaying BTC-USDT @ 1787245920
[replaying  40%] replaying ETH-USDT @ 1787245920
[replaying  40%] replaying BTC-USDT @ 1787245980
[replaying  40%] replaying ETH-USDT @ 1787245980
[replaying  40%] replaying BTC-USDT @ 1787246040
[replaying  40%] replaying ETH-USDT @ 1787246040
[replaying  40%] replaying BTC-USDT @ 1787246100
[replaying  40%] replaying ETH-USDT @ 1787246100
[replaying  40%] replaying BTC-USDT @ 1787246160
[replaying  40%] replaying ETH-USDT @ 1787246160
[replaying  40%] replaying BTC-USDT @ 1787246220
[replaying  40%] replaying ETH-USDT @ 1787246220
[replaying  40%] replaying BTC-USDT @ 1787246280
[replaying  40%] replaying ETH-USDT @ 1787246280
[replaying  40%] replaying BTC-USDT @ 1787246340
[replaying  40%] replaying ETH-USDT @ 1787246340
[replaying  40%] replaying BTC-USDT @ 1787246400
[replaying  40%] replaying ETH-USDT @ 1787246400
[replaying  40%] replaying BTC-USDT @ 1787246460
[replaying  40%] replaying ETH-USDT @ 1787246460
[replaying  40%] replaying BTC-USDT @ 1787246520
[replaying  40%] replaying ETH-USDT @ 1787246520
[replaying  40%] replaying BTC-USDT @ 1787246580
[replaying  40%] replaying ETH-USDT @ 1787246580
[replaying  40%] replaying BTC-USDT @ 1787246640
[replaying  40%] replaying ETH-USDT @ 1787246640
[replaying  40%] replaying BTC-USDT @ 1787246700
[replaying  40%] replaying ETH-USDT @ 1787246700
[replaying  40%] replaying BTC-USDT @ 1787246760
[replaying  40%] replaying ETH-USDT @ 1787246760
[replaying  40%] replaying BTC-USDT @ 1787246820
[replaying  40%] replaying ETH-USDT @ 1787246820
[replaying  40%] replaying BTC-USDT @ 1787246880
[replaying  40%] replaying ETH-USDT @ 1787246880
[replaying  40%] replaying BTC-USDT @ 1787246940
[replaying  40%] replaying ETH-USDT @ 1787246940
[replaying  40%] replaying BTC-USDT @ 1787247000
[replaying  40%] replaying ETH-USDT @ 1787247000
[replaying  40%] replaying BTC-USDT @ 1787247060
[replaying  40%] replaying ETH-USDT @ 1787247060
[replaying  40%] replaying BTC-USDT @ 1787247120
[replaying  40%] replaying ETH-USDT @ 1787247120
[replaying  40%] replaying BTC-USDT @ 1787247180
[replaying  40%] replaying ETH-USDT @ 1787247180
[replaying  40%] replaying BTC-USDT @ 1787247240
[replaying  40%] replaying ETH-USDT @ 1787247240
[replaying  40%] replaying BTC-USDT @ 1787247300
[replaying  40%] replaying ETH-USDT @ 1787247300
[replaying  40%] replaying BTC-USDT @ 1787247360
[replaying  40%] replaying ETH-USDT @ 1787247360
[replaying  40%] replaying BTC-USDT @ 1787247420
[replaying  40%] replaying ETH-USDT @ 1787247420
[replaying  40%] replaying BTC-USDT @ 1787247480
[replaying  40%] replaying ETH-USDT @ 1787247480
[replaying  40%] replaying BTC-USDT @ 1787247540
[replaying  40%] replaying ETH-USDT @ 1787247540
[replaying  40%] replaying BTC-USDT @ 1787247600
[replaying  40%] replaying ETH-USDT @ 1787247600
[replaying  40%] replaying BTC-USDT @ 1787247660
[replaying  40%] replaying ETH-USDT @ 1787247660
[replaying  40%] replaying BTC-USDT @ 1787247720
[replaying  40%] replaying ETH-USDT @ 1787247720
[replaying  40%] replaying BTC-USDT @ 1787247780
[replaying  40%] replaying ETH-USDT @ 1787247780
[replaying  41%] replaying BTC-USDT @ 1787247840
[replaying  41%] replaying ETH-USDT @ 1787247840
[replaying  41%] replaying BTC-USDT @ 1787247900
[replaying  41%] replaying ETH-USDT @ 1787247900
[replaying  41%] replaying BTC-USDT @ 1787247960
[replaying  41%] replaying ETH-USDT @ 1787247960
[replaying  41%] replaying BTC-USDT @ 1787248020
[replaying  41%] replaying ETH-USDT @ 1787248020
[replaying  41%] replaying BTC-USDT @ 1787248080
[replaying  41%] replaying ETH-USDT @ 1787248080
[replaying  41%] replaying BTC-USDT @ 1787248140
[replaying  41%] replaying ETH-USDT @ 1787248140
[replaying  41%] replaying BTC-USDT @ 1787248200
[replaying  41%] replaying ETH-USDT @ 1787248200
[replaying  41%] replaying BTC-USDT @ 1787248260
[replaying  41%] replaying ETH-USDT @ 1787248260
[replaying  41%] replaying BTC-USDT @ 1787248320
[replaying  41%] replaying ETH-USDT @ 1787248320
[replaying  41%] replaying BTC-USDT @ 1787248380
[replaying  41%] replaying ETH-USDT @ 1787248380
[replaying  41%] replaying BTC-USDT @ 1787248440
[replaying  41%] replaying ETH-USDT @ 1787248440
[replaying  41%] replaying BTC-USDT @ 1787248500
[replaying  41%] replaying ETH-USDT @ 1787248500
[replaying  41%] replaying BTC-USDT @ 1787248560
[replaying  41%] replaying ETH-USDT @ 1787248560
[replaying  41%] replaying BTC-USDT @ 1787248620
[replaying  41%] replaying ETH-USDT @ 1787248620
[replaying  41%] replaying BTC-USDT @ 1787248680
[replaying  41%] replaying ETH-USDT @ 1787248680
[replaying  41%] replaying BTC-USDT @ 1787248740
[replaying  41%] replaying ETH-USDT @ 1787248740
[replaying  41%] replaying BTC-USDT @ 1787248800
[replaying  41%] replaying ETH-USDT @ 1787248800
[replaying  41%] replaying BTC-USDT @ 1787248860
[replaying  41%] replaying ETH-USDT @ 1787248860
[replaying  41%] replaying BTC-USDT @ 1787248920
[replaying  41%] replaying ETH-USDT @ 1787248920
[replaying  41%] replaying BTC-USDT @ 1787248980
[replaying  41%] replaying ETH-USDT @ 1787248980
[replaying  41%] replaying BTC-USDT @ 1787249040
[replaying  41%] replaying ETH-USDT @ 1787249040
[replaying  41%] replaying BTC-USDT @ 1787249100
[replaying  41%] replaying ETH-USDT @ 1787249100
[replaying  41%] replaying BTC-USDT @ 1787249160
[replaying  41%] replaying ETH-USDT @ 1787249160
[replaying  41%] replaying BTC-USDT @ 1787249220
[replaying  41%] replaying ETH-USDT @ 1787249220
[replaying  41%] replaying BTC-USDT @ 1787249280
[replaying  41%] replaying ETH-USDT @ 1787249280
[replaying  41%] replaying BTC-USDT @ 1787249340
[replaying  41%] replaying ETH-USDT @ 1787249340
[replaying  41%] replaying BTC-USDT @ 1787249400
[replaying  41%] replaying ETH-USDT @ 1787249400
[replaying  41%] replaying BTC-USDT @ 1787249460
[replaying  41%] replaying ETH-USDT @ 1787249460
[replaying  41%] replaying BTC-USDT @ 1787249520
[replaying  41%] replaying ETH-USDT @ 1787249520
[replaying  41%] replaying BTC-USDT @ 1787249580
[replaying  41%] replaying ETH-USDT @ 1787249580
[replaying  41%] replaying BTC-USDT @ 1787249640
[replaying  41%] replaying ETH-USDT @ 1787249640
[replaying  41%] replaying BTC-USDT @ 1787249700
[replaying  41%] replaying ETH-USDT @ 1787249700
[replaying  41%] replaying BTC-USDT @ 1787249760
[replaying  41%] replaying ETH-USDT @ 1787249760
[replaying  41%] replaying BTC-USDT @ 1787249820
[replaying  41%] replaying ETH-USDT @ 1787249820
[replaying  41%] replaying BTC-USDT @ 1787249880
[replaying  41%] replaying ETH-USDT @ 1787249880
[replaying  41%] replaying BTC-USDT @ 1787249940
[replaying  41%] replaying ETH-USDT @ 1787249940
[replaying  41%] replaying BTC-USDT @ 1787250000
[replaying  41%] replaying ETH-USDT @ 1787250000
[replaying  41%] replaying BTC-USDT @ 1787250060
[replaying  41%] replaying ETH-USDT @ 1787250060
[replaying  41%] replaying BTC-USDT @ 1787250120
[replaying  41%] replaying ETH-USDT @ 1787250120
[replaying  41%] replaying BTC-USDT @ 1787250180
[replaying  41%] replaying ETH-USDT @ 1787250180
[replaying  41%] replaying BTC-USDT @ 1787250240
[replaying  41%] replaying ETH-USDT @ 1787250240
[replaying  41%] replaying BTC-USDT @ 1787250300
[replaying  41%] replaying ETH-USDT @ 1787250300
[replaying  41%] replaying BTC-USDT @ 1787250360
[replaying  41%] replaying ETH-USDT @ 1787250360
[replaying  41%] replaying BTC-USDT @ 1787250420
[replaying  41%] replaying ETH-USDT @ 1787250420
[replaying  41%] replaying BTC-USDT @ 1787250480
[replaying  41%] replaying ETH-USDT @ 1787250480
[replaying  41%] replaying BTC-USDT @ 1787250540
[replaying  41%] replaying ETH-USDT @ 1787250540
[replaying  41%] replaying BTC-USDT @ 1787250600
[replaying  41%] replaying ETH-USDT @ 1787250600
[replaying  41%] replaying BTC-USDT @ 1787250660
[replaying  41%] replaying ETH-USDT @ 1787250660
[replaying  41%] replaying BTC-USDT @ 1787250720
[replaying  41%] replaying ETH-USDT @ 1787250720
[replaying  41%] replaying BTC-USDT @ 1787250780
[replaying  41%] replaying ETH-USDT @ 1787250780
[replaying  41%] replaying BTC-USDT @ 1787250840
[replaying  41%] replaying ETH-USDT @ 1787250840
[replaying  41%] replaying BTC-USDT @ 1787250900
[replaying  41%] replaying ETH-USDT @ 1787250900
[replaying  41%] replaying BTC-USDT @ 1787250960
[replaying  41%] replaying ETH-USDT @ 1787250960
[replaying  41%] replaying BTC-USDT @ 1787251020
[replaying  41%] replaying ETH-USDT @ 1787251020
[replaying  41%] replaying BTC-USDT @ 1787251080
[replaying  41%] replaying ETH-USDT @ 1787251080
[replaying  41%] replaying BTC-USDT @ 1787251140
[replaying  42%] replaying ETH-USDT @ 1787251140
[replaying  42%] replaying BTC-USDT @ 1787251200
[replaying  42%] replaying ETH-USDT @ 1787251200
[replaying  42%] replaying BTC-USDT @ 1787251260
[replaying  42%] replaying ETH-USDT @ 1787251260
[replaying  42%] replaying BTC-USDT @ 1787251320
[replaying  42%] replaying ETH-USDT @ 1787251320
[replaying  42%] replaying BTC-USDT @ 1787251380
[replaying  42%] replaying ETH-USDT @ 1787251380
[replaying  42%] replaying BTC-USDT @ 1787251440
[replaying  42%] replaying ETH-USDT @ 1787251440
[replaying  42%] replaying BTC-USDT @ 1787251500
[replaying  42%] replaying ETH-USDT @ 1787251500
[replaying  42%] replaying BTC-USDT @ 1787251560
[replaying  42%] replaying ETH-USDT @ 1787251560
[replaying  42%] replaying BTC-USDT @ 1787251620
[replaying  42%] replaying ETH-USDT @ 1787251620
[replaying  42%] replaying BTC-USDT @ 1787251680
[replaying  42%] replaying ETH-USDT @ 1787251680
[replaying  42%] replaying BTC-USDT @ 1787251740
[replaying  42%] replaying ETH-USDT @ 1787251740
[replaying  42%] replaying BTC-USDT @ 1787251800
[replaying  42%] replaying ETH-USDT @ 1787251800
[replaying  42%] replaying BTC-USDT @ 1787251860
[replaying  42%] replaying ETH-USDT @ 1787251860
[replaying  42%] replaying BTC-USDT @ 1787251920
[replaying  42%] replaying ETH-USDT @ 1787251920
[replaying  42%] replaying BTC-USDT @ 1787251980
[replaying  42%] replaying ETH-USDT @ 1787251980
[replaying  42%] replaying BTC-USDT @ 1787252040
[replaying  42%] replaying ETH-USDT @ 1787252040
[replaying  42%] replaying BTC-USDT @ 1787252100
[replaying  42%] replaying ETH-USDT @ 1787252100
[replaying  42%] replaying BTC-USDT @ 1787252160
[replaying  42%] replaying ETH-USDT @ 1787252160
[replaying  42%] replaying BTC-USDT @ 1787252220
[replaying  42%] replaying ETH-USDT @ 1787252220
[replaying  42%] replaying BTC-USDT @ 1787252280
[replaying  42%] replaying ETH-USDT @ 1787252280
[replaying  42%] replaying BTC-USDT @ 1787252340
[replaying  42%] replaying ETH-USDT @ 1787252340
[replaying  42%] replaying BTC-USDT @ 1787252400
[replaying  42%] replaying ETH-USDT @ 1787252400
[replaying  42%] replaying BTC-USDT @ 1787252460
[replaying  42%] replaying ETH-USDT @ 1787252460
[replaying  42%] replaying BTC-USDT @ 1787252520
[replaying  42%] replaying ETH-USDT @ 1787252520
[replaying  42%] replaying BTC-USDT @ 1787252580
[replaying  42%] replaying ETH-USDT @ 1787252580
[replaying  42%] replaying BTC-USDT @ 1787252640
[replaying  42%] replaying ETH-USDT @ 1787252640
[replaying  42%] replaying BTC-USDT @ 1787252700
[replaying  42%] replaying ETH-USDT @ 1787252700
[replaying  42%] replaying BTC-USDT @ 1787252760
[replaying  42%] replaying ETH-USDT @ 1787252760
[replaying  42%] replaying BTC-USDT @ 1787252820
[replaying  42%] replaying ETH-USDT @ 1787252820
[replaying  42%] replaying BTC-USDT @ 1787252880
[replaying  42%] replaying ETH-USDT @ 1787252880
[replaying  42%] replaying BTC-USDT @ 1787252940
[replaying  42%] replaying ETH-USDT @ 1787252940
[replaying  42%] replaying BTC-USDT @ 1787253000
[replaying  42%] replaying ETH-USDT @ 1787253000
[replaying  42%] replaying BTC-USDT @ 1787253060
[replaying  42%] replaying ETH-USDT @ 1787253060
[replaying  42%] replaying BTC-USDT @ 1787253120
[replaying  42%] replaying ETH-USDT @ 1787253120
[replaying  42%] replaying BTC-USDT @ 1787253180
[replaying  42%] replaying ETH-USDT @ 1787253180
[replaying  42%] replaying BTC-USDT @ 1787253240
[replaying  42%] replaying ETH-USDT @ 1787253240
[replaying  42%] replaying BTC-USDT @ 1787253300
[replaying  42%] replaying ETH-USDT @ 1787253300
[replaying  42%] replaying BTC-USDT @ 1787253360
[replaying  42%] replaying ETH-USDT @ 1787253360
[replaying  42%] replaying BTC-USDT @ 1787253420
[replaying  42%] replaying ETH-USDT @ 1787253420
[replaying  42%] replaying BTC-USDT @ 1787253480
[replaying  42%] replaying ETH-USDT @ 1787253480
[replaying  42%] replaying BTC-USDT @ 1787253540
[replaying  42%] replaying ETH-USDT @ 1787253540
[replaying  42%] replaying BTC-USDT @ 1787253600
[replaying  42%] replaying ETH-USDT @ 1787253600
[replaying  42%] replaying BTC-USDT @ 1787253660
[replaying  42%] replaying ETH-USDT @ 1787253660
[replaying  42%] replaying BTC-USDT @ 1787253720
[replaying  42%] replaying ETH-USDT @ 1787253720
[replaying  42%] replaying BTC-USDT @ 1787253780
[replaying  42%] replaying ETH-USDT @ 1787253780
[replaying  42%] replaying BTC-USDT @ 1787253840
[replaying  42%] replaying ETH-USDT @ 1787253840
[replaying  42%] replaying BTC-USDT @ 1787253900
[replaying  42%] replaying ETH-USDT @ 1787253900
[replaying  42%] replaying BTC-USDT @ 1787253960
[replaying  42%] replaying ETH-USDT @ 1787253960
[replaying  42%] replaying BTC-USDT @ 1787254020
[replaying  42%] replaying ETH-USDT @ 1787254020
[replaying  42%] replaying BTC-USDT @ 1787254080
[replaying  42%] replaying ETH-USDT @ 1787254080
[replaying  42%] replaying BTC-USDT @ 1787254140
[replaying  42%] replaying ETH-USDT @ 1787254140
[replaying  42%] replaying BTC-USDT @ 1787254200
[replaying  42%] replaying ETH-USDT @ 1787254200
[replaying  42%] replaying BTC-USDT @ 1787254260
[replaying  42%] replaying ETH-USDT @ 1787254260
[replaying  42%] replaying BTC-USDT @ 1787254320
[replaying  42%] replaying ETH-USDT @ 1787254320
[replaying  42%] replaying BTC-USDT @ 1787254380
[replaying  42%] replaying ETH-USDT @ 1787254380
[replaying  42%] replaying BTC-USDT @ 1787254440
[replaying  42%] replaying ETH-USDT @ 1787254440
[replaying  43%] replaying BTC-USDT @ 1787254500
[replaying  43%] replaying ETH-USDT @ 1787254500
[replaying  43%] replaying BTC-USDT @ 1787254560
[replaying  43%] replaying ETH-USDT @ 1787254560
[replaying  43%] replaying BTC-USDT @ 1787254620
[replaying  43%] replaying ETH-USDT @ 1787254620
[replaying  43%] replaying BTC-USDT @ 1787254680
[replaying  43%] replaying ETH-USDT @ 1787254680
[replaying  43%] replaying BTC-USDT @ 1787254740
[replaying  43%] replaying ETH-USDT @ 1787254740
[replaying  43%] replaying BTC-USDT @ 1787254800
[replaying  43%] replaying ETH-USDT @ 1787254800
[replaying  43%] replaying BTC-USDT @ 1787254860
[replaying  43%] replaying ETH-USDT @ 1787254860
[replaying  43%] replaying BTC-USDT @ 1787254920
[replaying  43%] replaying ETH-USDT @ 1787254920
[replaying  43%] replaying BTC-USDT @ 1787254980
[replaying  43%] replaying ETH-USDT @ 1787254980
[replaying  43%] replaying BTC-USDT @ 1787255040
[replaying  43%] replaying ETH-USDT @ 1787255040
[replaying  43%] replaying BTC-USDT @ 1787255100
[replaying  43%] replaying ETH-USDT @ 1787255100
[replaying  43%] replaying BTC-USDT @ 1787255160
[replaying  43%] replaying ETH-USDT @ 1787255160
[replaying  43%] replaying BTC-USDT @ 1787255220
[replaying  43%] replaying ETH-USDT @ 1787255220
[replaying  43%] replaying BTC-USDT @ 1787255280
[replaying  43%] replaying ETH-USDT @ 1787255280
[replaying  43%] replaying BTC-USDT @ 1787255340
[replaying  43%] replaying ETH-USDT @ 1787255340
[replaying  43%] replaying BTC-USDT @ 1787255400
[replaying  43%] replaying ETH-USDT @ 1787255400
[replaying  43%] replaying BTC-USDT @ 1787255460
[replaying  43%] replaying ETH-USDT @ 1787255460
[replaying  43%] replaying BTC-USDT @ 1787255520
[replaying  43%] replaying ETH-USDT @ 1787255520
[replaying  43%] replaying BTC-USDT @ 1787255580
[replaying  43%] replaying ETH-USDT @ 1787255580
[replaying  43%] replaying BTC-USDT @ 1787255640
[replaying  43%] replaying ETH-USDT @ 1787255640
[replaying  43%] replaying BTC-USDT @ 1787255700
[replaying  43%] replaying ETH-USDT @ 1787255700
[replaying  43%] replaying BTC-USDT @ 1787255760
[replaying  43%] replaying ETH-USDT @ 1787255760
[replaying  43%] replaying BTC-USDT @ 1787255820
[replaying  43%] replaying ETH-USDT @ 1787255820
[replaying  43%] replaying BTC-USDT @ 1787255880
[replaying  43%] replaying ETH-USDT @ 1787255880
[replaying  43%] replaying BTC-USDT @ 1787255940
[replaying  43%] replaying ETH-USDT @ 1787255940
[replaying  43%] replaying BTC-USDT @ 1787256000
[replaying  43%] replaying ETH-USDT @ 1787256000
[replaying  43%] replaying BTC-USDT @ 1787256060
[replaying  43%] replaying ETH-USDT @ 1787256060
[replaying  43%] replaying BTC-USDT @ 1787256120
[replaying  43%] replaying ETH-USDT @ 1787256120
[replaying  43%] replaying BTC-USDT @ 1787256180
[replaying  43%] replaying ETH-USDT @ 1787256180
[replaying  43%] replaying BTC-USDT @ 1787256240
[replaying  43%] replaying ETH-USDT @ 1787256240
[replaying  43%] replaying BTC-USDT @ 1787256300
[replaying  43%] replaying ETH-USDT @ 1787256300
[replaying  43%] replaying BTC-USDT @ 1787256360
[replaying  43%] replaying ETH-USDT @ 1787256360
[replaying  43%] replaying BTC-USDT @ 1787256420
[replaying  43%] replaying ETH-USDT @ 1787256420
[replaying  43%] replaying BTC-USDT @ 1787256480
[replaying  43%] replaying ETH-USDT @ 1787256480
[replaying  43%] replaying BTC-USDT @ 1787256540
[replaying  43%] replaying ETH-USDT @ 1787256540
[replaying  43%] replaying BTC-USDT @ 1787256600
[replaying  43%] replaying ETH-USDT @ 1787256600
[replaying  43%] replaying BTC-USDT @ 1787256660
[replaying  43%] replaying ETH-USDT @ 1787256660
[replaying  43%] replaying BTC-USDT @ 1787256720
[replaying  43%] replaying ETH-USDT @ 1787256720
[replaying  43%] replaying BTC-USDT @ 1787256780
[replaying  43%] replaying ETH-USDT @ 1787256780
[replaying  43%] replaying BTC-USDT @ 1787256840
[replaying  43%] replaying ETH-USDT @ 1787256840
[replaying  43%] replaying BTC-USDT @ 1787256900
[replaying  43%] replaying ETH-USDT @ 1787256900
[replaying  43%] replaying BTC-USDT @ 1787256960
[replaying  43%] replaying ETH-USDT @ 1787256960
[replaying  43%] replaying BTC-USDT @ 1787257020
[replaying  43%] replaying ETH-USDT @ 1787257020
[replaying  43%] replaying BTC-USDT @ 1787257080
[replaying  43%] replaying ETH-USDT @ 1787257080
[replaying  43%] replaying BTC-USDT @ 1787257140
[replaying  43%] replaying ETH-USDT @ 1787257140
[replaying  43%] replaying BTC-USDT @ 1787257200
[replaying  43%] replaying ETH-USDT @ 1787257200
[replaying  43%] replaying BTC-USDT @ 1787257260
[replaying  43%] replaying ETH-USDT @ 1787257260
[replaying  43%] replaying BTC-USDT @ 1787257320
[replaying  43%] replaying ETH-USDT @ 1787257320
[replaying  43%] replaying BTC-USDT @ 1787257380
[replaying  43%] replaying ETH-USDT @ 1787257380
[replaying  43%] replaying BTC-USDT @ 1787257440
[replaying  43%] replaying ETH-USDT @ 1787257440
[replaying  43%] replaying BTC-USDT @ 1787257500
[replaying  43%] replaying ETH-USDT @ 1787257500
[replaying  43%] replaying BTC-USDT @ 1787257560
[replaying  43%] replaying ETH-USDT @ 1787257560
[replaying  43%] replaying BTC-USDT @ 1787257620
[replaying  43%] replaying ETH-USDT @ 1787257620
[replaying  43%] replaying BTC-USDT @ 1787257680
[replaying  43%] replaying ETH-USDT @ 1787257680
[replaying  43%] replaying BTC-USDT @ 1787257740
[replaying  43%] replaying ETH-USDT @ 1787257740
[replaying  43%] replaying BTC-USDT @ 1787257800
[replaying  43%] replaying ETH-USDT @ 1787257800
[replaying  44%] replaying BTC-USDT @ 1787257860
[replaying  44%] replaying ETH-USDT @ 1787257860
[replaying  44%] replaying BTC-USDT @ 1787257920
[replaying  44%] replaying ETH-USDT @ 1787257920
[replaying  44%] replaying BTC-USDT @ 1787257980
[replaying  44%] replaying ETH-USDT @ 1787257980
[replaying  44%] replaying BTC-USDT @ 1787258040
[replaying  44%] replaying ETH-USDT @ 1787258040
[replaying  44%] replaying BTC-USDT @ 1787258100
[replaying  44%] replaying ETH-USDT @ 1787258100
[replaying  44%] replaying BTC-USDT @ 1787258160
[replaying  44%] replaying ETH-USDT @ 1787258160
[replaying  44%] replaying BTC-USDT @ 1787258220
[replaying  44%] replaying ETH-USDT @ 1787258220
[replaying  44%] replaying BTC-USDT @ 1787258280
[replaying  44%] replaying ETH-USDT @ 1787258280
[replaying  44%] replaying BTC-USDT @ 1787258340
[replaying  44%] replaying ETH-USDT @ 1787258340
[replaying  44%] replaying BTC-USDT @ 1787258400
[replaying  44%] replaying ETH-USDT @ 1787258400
[replaying  44%] replaying BTC-USDT @ 1787258460
[replaying  44%] replaying ETH-USDT @ 1787258460
[replaying  44%] replaying BTC-USDT @ 1787258520
[replaying  44%] replaying ETH-USDT @ 1787258520
[replaying  44%] replaying BTC-USDT @ 1787258580
[replaying  44%] replaying ETH-USDT @ 1787258580
[replaying  44%] replaying BTC-USDT @ 1787258640
[replaying  44%] replaying ETH-USDT @ 1787258640
[replaying  44%] replaying BTC-USDT @ 1787258700
[replaying  44%] replaying ETH-USDT @ 1787258700
[replaying  44%] replaying BTC-USDT @ 1787258760
[replaying  44%] replaying ETH-USDT @ 1787258760
[replaying  44%] replaying BTC-USDT @ 1787258820
[replaying  44%] replaying ETH-USDT @ 1787258820
[replaying  44%] replaying BTC-USDT @ 1787258880
[replaying  44%] replaying ETH-USDT @ 1787258880
[replaying  44%] replaying BTC-USDT @ 1787258940
[replaying  44%] replaying ETH-USDT @ 1787258940
[replaying  44%] replaying BTC-USDT @ 1787259000
[replaying  44%] replaying ETH-USDT @ 1787259000
[replaying  44%] replaying BTC-USDT @ 1787259060
[replaying  44%] replaying ETH-USDT @ 1787259060
[replaying  44%] replaying BTC-USDT @ 1787259120
[replaying  44%] replaying ETH-USDT @ 1787259120
[replaying  44%] replaying BTC-USDT @ 1787259180
[replaying  44%] replaying ETH-USDT @ 1787259180
[replaying  44%] replaying BTC-USDT @ 1787259240
[replaying  44%] replaying ETH-USDT @ 1787259240
[replaying  44%] replaying BTC-USDT @ 1787259300
[replaying  44%] replaying ETH-USDT @ 1787259300
[replaying  44%] replaying BTC-USDT @ 1787259360
[replaying  44%] replaying ETH-USDT @ 1787259360
[replaying  44%] replaying BTC-USDT @ 1787259420
[replaying  44%] replaying ETH-USDT @ 1787259420
[replaying  44%] replaying BTC-USDT @ 1787259480
[replaying  44%] replaying ETH-USDT @ 1787259480
[replaying  44%] replaying BTC-USDT @ 1787259540
[replaying  44%] replaying ETH-USDT @ 1787259540
[replaying  44%] replaying BTC-USDT @ 1787259600
[replaying  44%] replaying ETH-USDT @ 1787259600
[replaying  44%] replaying BTC-USDT @ 1787259660
[replaying  44%] replaying ETH-USDT @ 1787259660
[replaying  44%] replaying BTC-USDT @ 1787259720
[replaying  44%] replaying ETH-USDT @ 1787259720
[replaying  44%] replaying BTC-USDT @ 1787259780
[replaying  44%] replaying ETH-USDT @ 1787259780
[replaying  44%] replaying BTC-USDT @ 1787259840
[replaying  44%] replaying ETH-USDT @ 1787259840
[replaying  44%] replaying BTC-USDT @ 1787259900
[replaying  44%] replaying ETH-USDT @ 1787259900
[replaying  44%] replaying BTC-USDT @ 1787259960
[replaying  44%] replaying ETH-USDT @ 1787259960
[replaying  44%] replaying BTC-USDT @ 1787260020
[replaying  44%] replaying ETH-USDT @ 1787260020
[replaying  44%] replaying BTC-USDT @ 1787260080
[replaying  44%] replaying ETH-USDT @ 1787260080
[replaying  44%] replaying BTC-USDT @ 1787260140
[replaying  44%] replaying ETH-USDT @ 1787260140
[replaying  44%] replaying BTC-USDT @ 1787260200
[replaying  44%] replaying ETH-USDT @ 1787260200
[replaying  44%] replaying BTC-USDT @ 1787260260
[replaying  44%] replaying ETH-USDT @ 1787260260
[replaying  44%] replaying BTC-USDT @ 1787260320
[replaying  44%] replaying ETH-USDT @ 1787260320
[replaying  44%] replaying BTC-USDT @ 1787260380
[replaying  44%] replaying ETH-USDT @ 1787260380
[replaying  44%] replaying BTC-USDT @ 1787260440
[replaying  44%] replaying ETH-USDT @ 1787260440
[replaying  44%] replaying BTC-USDT @ 1787260500
[replaying  44%] replaying ETH-USDT @ 1787260500
[replaying  44%] replaying BTC-USDT @ 1787260560
[replaying  44%] replaying ETH-USDT @ 1787260560
[replaying  44%] replaying BTC-USDT @ 1787260620
[replaying  44%] replaying ETH-USDT @ 1787260620
[replaying  44%] replaying BTC-USDT @ 1787260680
[replaying  44%] replaying ETH-USDT @ 1787260680
[replaying  44%] replaying BTC-USDT @ 1787260740
[replaying  44%] replaying ETH-USDT @ 1787260740
[replaying  44%] replaying BTC-USDT @ 1787260800
[replaying  44%] replaying ETH-USDT @ 1787260800
[replaying  44%] replaying BTC-USDT @ 1787260860
[replaying  44%] replaying ETH-USDT @ 1787260860
[replaying  44%] replaying BTC-USDT @ 1787260920
[replaying  44%] replaying ETH-USDT @ 1787260920
[replaying  44%] replaying BTC-USDT @ 1787260980
[replaying  44%] replaying ETH-USDT @ 1787260980
[replaying  44%] replaying BTC-USDT @ 1787261040
[replaying  44%] replaying ETH-USDT @ 1787261040
[replaying  44%] replaying BTC-USDT @ 1787261100
[replaying  44%] replaying ETH-USDT @ 1787261100
[replaying  44%] replaying BTC-USDT @ 1787261160
[replaying  45%] replaying ETH-USDT @ 1787261160
[replaying  45%] replaying BTC-USDT @ 1787261220
[replaying  45%] replaying ETH-USDT @ 1787261220
[replaying  45%] replaying BTC-USDT @ 1787261280
[replaying  45%] replaying ETH-USDT @ 1787261280
[replaying  45%] replaying BTC-USDT @ 1787261340
[replaying  45%] replaying ETH-USDT @ 1787261340
[replaying  45%] replaying BTC-USDT @ 1787261400
[replaying  45%] replaying ETH-USDT @ 1787261400
[replaying  45%] replaying BTC-USDT @ 1787261460
[replaying  45%] replaying ETH-USDT @ 1787261460
[replaying  45%] replaying BTC-USDT @ 1787261520
[replaying  45%] replaying ETH-USDT @ 1787261520
[replaying  45%] replaying BTC-USDT @ 1787261580
[replaying  45%] replaying ETH-USDT @ 1787261580
[replaying  45%] replaying BTC-USDT @ 1787261640
[replaying  45%] replaying ETH-USDT @ 1787261640
[replaying  45%] replaying BTC-USDT @ 1787261700
[replaying  45%] replaying ETH-USDT @ 1787261700
[replaying  45%] replaying BTC-USDT @ 1787261760
[replaying  45%] replaying ETH-USDT @ 1787261760
[replaying  45%] replaying BTC-USDT @ 1787261820
[replaying  45%] replaying ETH-USDT @ 1787261820
[replaying  45%] replaying BTC-USDT @ 1787261880
[replaying  45%] replaying ETH-USDT @ 1787261880
[replaying  45%] replaying BTC-USDT @ 1787261940
[replaying  45%] replaying ETH-USDT @ 1787261940
[replaying  45%] replaying BTC-USDT @ 1787262000
[replaying  45%] replaying ETH-USDT @ 1787262000
[replaying  45%] replaying BTC-USDT @ 1787262060
[replaying  45%] replaying ETH-USDT @ 1787262060
[replaying  45%] replaying BTC-USDT @ 1787262120
[replaying  45%] replaying ETH-USDT @ 1787262120
[replaying  45%] replaying BTC-USDT @ 1787262180
[replaying  45%] replaying ETH-USDT @ 1787262180
[replaying  45%] replaying BTC-USDT @ 1787262240
[replaying  45%] replaying ETH-USDT @ 1787262240
[replaying  45%] replaying BTC-USDT @ 1787262300
[replaying  45%] replaying ETH-USDT @ 1787262300
[replaying  45%] replaying BTC-USDT @ 1787262360
[replaying  45%] replaying ETH-USDT @ 1787262360
[replaying  45%] replaying BTC-USDT @ 1787262420
[replaying  45%] replaying ETH-USDT @ 1787262420
[replaying  45%] replaying BTC-USDT @ 1787262480
[replaying  45%] replaying ETH-USDT @ 1787262480
[replaying  45%] replaying BTC-USDT @ 1787262540
[replaying  45%] replaying ETH-USDT @ 1787262540
[replaying  45%] replaying BTC-USDT @ 1787262600
[replaying  45%] replaying ETH-USDT @ 1787262600
[replaying  45%] replaying BTC-USDT @ 1787262660
[replaying  45%] replaying ETH-USDT @ 1787262660
[replaying  45%] replaying BTC-USDT @ 1787262720
[replaying  45%] replaying ETH-USDT @ 1787262720
[replaying  45%] replaying BTC-USDT @ 1787262780
[replaying  45%] replaying ETH-USDT @ 1787262780
[replaying  45%] replaying BTC-USDT @ 1787262840
[replaying  45%] replaying ETH-USDT @ 1787262840
[replaying  45%] replaying BTC-USDT @ 1787262900
[replaying  45%] replaying ETH-USDT @ 1787262900
[replaying  45%] replaying BTC-USDT @ 1787262960
[replaying  45%] replaying ETH-USDT @ 1787262960
[replaying  45%] replaying BTC-USDT @ 1787263020
[replaying  45%] replaying ETH-USDT @ 1787263020
[replaying  45%] replaying BTC-USDT @ 1787263080
[replaying  45%] replaying ETH-USDT @ 1787263080
[replaying  45%] replaying BTC-USDT @ 1787263140
[replaying  45%] replaying ETH-USDT @ 1787263140
[replaying  45%] replaying BTC-USDT @ 1787263200
[replaying  45%] replaying ETH-USDT @ 1787263200
[replaying  45%] replaying BTC-USDT @ 1787263260
[replaying  45%] replaying ETH-USDT @ 1787263260
[replaying  45%] replaying BTC-USDT @ 1787263320
[replaying  45%] replaying ETH-USDT @ 1787263320
[replaying  45%] replaying BTC-USDT @ 1787263380
[replaying  45%] replaying ETH-USDT @ 1787263380
[replaying  45%] replaying BTC-USDT @ 1787263440
[replaying  45%] replaying ETH-USDT @ 1787263440
[replaying  45%] replaying BTC-USDT @ 1787263500
[replaying  45%] replaying ETH-USDT @ 1787263500
[replaying  45%] replaying BTC-USDT @ 1787263560
[replaying  45%] replaying ETH-USDT @ 1787263560
[replaying  45%] replaying BTC-USDT @ 1787263620
[replaying  45%] replaying ETH-USDT @ 1787263620
[replaying  45%] replaying BTC-USDT @ 1787263680
[replaying  45%] replaying ETH-USDT @ 1787263680
[replaying  45%] replaying BTC-USDT @ 1787263740
[replaying  45%] replaying ETH-USDT @ 1787263740
[replaying  45%] replaying BTC-USDT @ 1787263800
[replaying  45%] replaying ETH-USDT @ 1787263800
[replaying  45%] replaying BTC-USDT @ 1787263860
[replaying  45%] replaying ETH-USDT @ 1787263860
[replaying  45%] replaying BTC-USDT @ 1787263920
[replaying  45%] replaying ETH-USDT @ 1787263920
[replaying  45%] replaying BTC-USDT @ 1787263980
[replaying  45%] replaying ETH-USDT @ 1787263980
[replaying  45%] replaying BTC-USDT @ 1787264040
[replaying  45%] replaying ETH-USDT @ 1787264040
[replaying  45%] replaying BTC-USDT @ 1787264100
[replaying  45%] replaying ETH-USDT @ 1787264100
[replaying  45%] replaying BTC-USDT @ 1787264160
[replaying  45%] replaying ETH-USDT @ 1787264160
[replaying  45%] replaying BTC-USDT @ 1787264220
[replaying  45%] replaying ETH-USDT @ 1787264220
[replaying  45%] replaying BTC-USDT @ 1787264280
[replaying  45%] replaying ETH-USDT @ 1787264280
[replaying  45%] replaying BTC-USDT @ 1787264340
[replaying  45%] replaying ETH-USDT @ 1787264340
[replaying  45%] replaying BTC-USDT @ 1787264400
[replaying  45%] replaying ETH-USDT @ 1787264400
[replaying  45%] replaying BTC-USDT @ 1787264460
[replaying  45%] replaying ETH-USDT @ 1787264460
[replaying  46%] replaying BTC-USDT @ 1787264520
[replaying  46%] replaying ETH-USDT @ 1787264520
[replaying  46%] replaying BTC-USDT @ 1787264580
[replaying  46%] replaying ETH-USDT @ 1787264580
[replaying  46%] replaying BTC-USDT @ 1787264640
[replaying  46%] replaying ETH-USDT @ 1787264640
[replaying  46%] replaying BTC-USDT @ 1787264700
[replaying  46%] replaying ETH-USDT @ 1787264700
[replaying  46%] replaying BTC-USDT @ 1787264760
[replaying  46%] replaying ETH-USDT @ 1787264760
[replaying  46%] replaying BTC-USDT @ 1787264820
[replaying  46%] replaying ETH-USDT @ 1787264820
[replaying  46%] replaying BTC-USDT @ 1787264880
[replaying  46%] replaying ETH-USDT @ 1787264880
[replaying  46%] replaying BTC-USDT @ 1787264940
[replaying  46%] replaying ETH-USDT @ 1787264940
[replaying  46%] replaying BTC-USDT @ 1787265000
[replaying  46%] replaying ETH-USDT @ 1787265000
[replaying  46%] replaying BTC-USDT @ 1787265060
[replaying  46%] replaying ETH-USDT @ 1787265060
[replaying  46%] replaying BTC-USDT @ 1787265120
[replaying  46%] replaying ETH-USDT @ 1787265120
[replaying  46%] replaying BTC-USDT @ 1787265180
[replaying  46%] replaying ETH-USDT @ 1787265180
[replaying  46%] replaying BTC-USDT @ 1787265240
[replaying  46%] replaying ETH-USDT @ 1787265240
[replaying  46%] replaying BTC-USDT @ 1787265300
[replaying  46%] replaying ETH-USDT @ 1787265300
[replaying  46%] replaying BTC-USDT @ 1787265360
[replaying  46%] replaying ETH-USDT @ 1787265360
[replaying  46%] replaying BTC-USDT @ 1787265420
[replaying  46%] replaying ETH-USDT @ 1787265420
[replaying  46%] replaying BTC-USDT @ 1787265480
[replaying  46%] replaying ETH-USDT @ 1787265480
[replaying  46%] replaying BTC-USDT @ 1787265540
[replaying  46%] replaying ETH-USDT @ 1787265540
[replaying  46%] replaying BTC-USDT @ 1787265600
[replaying  46%] replaying ETH-USDT @ 1787265600
[replaying  46%] replaying BTC-USDT @ 1787265660
[replaying  46%] replaying ETH-USDT @ 1787265660
[replaying  46%] replaying BTC-USDT @ 1787265720
[replaying  46%] replaying ETH-USDT @ 1787265720
[replaying  46%] replaying BTC-USDT @ 1787265780
[replaying  46%] replaying ETH-USDT @ 1787265780
[replaying  46%] replaying BTC-USDT @ 1787265840
[replaying  46%] replaying ETH-USDT @ 1787265840
[replaying  46%] replaying BTC-USDT @ 1787265900
[replaying  46%] replaying ETH-USDT @ 1787265900
[replaying  46%] replaying BTC-USDT @ 1787265960
[replaying  46%] replaying ETH-USDT @ 1787265960
[replaying  46%] replaying BTC-USDT @ 1787266020
[replaying  46%] replaying ETH-USDT @ 1787266020
[replaying  46%] replaying BTC-USDT @ 1787266080
[replaying  46%] replaying ETH-USDT @ 1787266080
[replaying  46%] replaying BTC-USDT @ 1787266140
[replaying  46%] replaying ETH-USDT @ 1787266140
[replaying  46%] replaying BTC-USDT @ 1787266200
[replaying  46%] replaying ETH-USDT @ 1787266200
[replaying  46%] replaying BTC-USDT @ 1787266260
[replaying  46%] replaying ETH-USDT @ 1787266260
[replaying  46%] replaying BTC-USDT @ 1787266320
[replaying  46%] replaying ETH-USDT @ 1787266320
[replaying  46%] replaying BTC-USDT @ 1787266380
[replaying  46%] replaying ETH-USDT @ 1787266380
[replaying  46%] replaying BTC-USDT @ 1787266440
[replaying  46%] replaying ETH-USDT @ 1787266440
[replaying  46%] replaying BTC-USDT @ 1787266500
[replaying  46%] replaying ETH-USDT @ 1787266500
[replaying  46%] replaying BTC-USDT @ 1787266560
[replaying  46%] replaying ETH-USDT @ 1787266560
[replaying  46%] replaying BTC-USDT @ 1787266620
[replaying  46%] replaying ETH-USDT @ 1787266620
[replaying  46%] replaying BTC-USDT @ 1787266680
[replaying  46%] replaying ETH-USDT @ 1787266680
[replaying  46%] replaying BTC-USDT @ 1787266740
[replaying  46%] replaying ETH-USDT @ 1787266740
[replaying  46%] replaying BTC-USDT @ 1787266800
[replaying  46%] replaying ETH-USDT @ 1787266800
[replaying  46%] replaying BTC-USDT @ 1787266860
[replaying  46%] replaying ETH-USDT @ 1787266860
[replaying  46%] replaying BTC-USDT @ 1787266920
[replaying  46%] replaying ETH-USDT @ 1787266920
[replaying  46%] replaying BTC-USDT @ 1787266980
[replaying  46%] replaying ETH-USDT @ 1787266980
[replaying  46%] replaying BTC-USDT @ 1787267040
[replaying  46%] replaying ETH-USDT @ 1787267040
[replaying  46%] replaying BTC-USDT @ 1787267100
[replaying  46%] replaying ETH-USDT @ 1787267100
[replaying  46%] replaying BTC-USDT @ 1787267160
[replaying  46%] replaying ETH-USDT @ 1787267160
[replaying  46%] replaying BTC-USDT @ 1787267220
[replaying  46%] replaying ETH-USDT @ 1787267220
[replaying  46%] replaying BTC-USDT @ 1787267280
[replaying  46%] replaying ETH-USDT @ 1787267280
[replaying  46%] replaying BTC-USDT @ 1787267340
[replaying  46%] replaying ETH-USDT @ 1787267340
[replaying  46%] replaying BTC-USDT @ 1787267400
[replaying  46%] replaying ETH-USDT @ 1787267400
[replaying  46%] replaying BTC-USDT @ 1787267460
[replaying  46%] replaying ETH-USDT @ 1787267460
[replaying  46%] replaying BTC-USDT @ 1787267520
[replaying  46%] replaying ETH-USDT @ 1787267520
[replaying  46%] replaying BTC-USDT @ 1787267580
[replaying  46%] replaying ETH-USDT @ 1787267580
[replaying  46%] replaying BTC-USDT @ 1787267640
[replaying  46%] replaying ETH-USDT @ 1787267640
[replaying  46%] replaying BTC-USDT @ 1787267700
[replaying  46%] replaying ETH-USDT @ 1787267700
[replaying  46%] replaying BTC-USDT @ 1787267760
[replaying  46%] replaying ETH-USDT @ 1787267760
[replaying  46%] replaying BTC-USDT @ 1787267820
[replaying  46%] replaying ETH-USDT @ 1787267820
[replaying  47%] replaying BTC-USDT @ 1787267880
[replaying  47%] replaying ETH-USDT @ 1787267880
[replaying  47%] replaying BTC-USDT @ 1787267940
[replaying  47%] replaying ETH-USDT @ 1787267940
[replaying  47%] replaying BTC-USDT @ 1787268000
[replaying  47%] replaying ETH-USDT @ 1787268000
[replaying  47%] replaying BTC-USDT @ 1787268060
[replaying  47%] replaying ETH-USDT @ 1787268060
[replaying  47%] replaying BTC-USDT @ 1787268120
[replaying  47%] replaying ETH-USDT @ 1787268120
[replaying  47%] replaying BTC-USDT @ 1787268180
[replaying  47%] replaying ETH-USDT @ 1787268180
[replaying  47%] replaying BTC-USDT @ 1787268240
[replaying  47%] replaying ETH-USDT @ 1787268240
[replaying  47%] replaying BTC-USDT @ 1787268300
[replaying  47%] replaying ETH-USDT @ 1787268300
[replaying  47%] replaying BTC-USDT @ 1787268360
[replaying  47%] replaying ETH-USDT @ 1787268360
[replaying  47%] replaying BTC-USDT @ 1787268420
[replaying  47%] replaying ETH-USDT @ 1787268420
[replaying  47%] replaying BTC-USDT @ 1787268480
[replaying  47%] replaying ETH-USDT @ 1787268480
[replaying  47%] replaying BTC-USDT @ 1787268540
[replaying  47%] replaying ETH-USDT @ 1787268540
[replaying  47%] replaying BTC-USDT @ 1787268600
[replaying  47%] replaying ETH-USDT @ 1787268600
[replaying  47%] replaying BTC-USDT @ 1787268660
[replaying  47%] replaying ETH-USDT @ 1787268660
[replaying  47%] replaying BTC-USDT @ 1787268720
[replaying  47%] replaying ETH-USDT @ 1787268720
[replaying  47%] replaying BTC-USDT @ 1787268780
[replaying  47%] replaying ETH-USDT @ 1787268780
[replaying  47%] replaying BTC-USDT @ 1787268840
[replaying  47%] replaying ETH-USDT @ 1787268840
[replaying  47%] replaying BTC-USDT @ 1787268900
[replaying  47%] replaying ETH-USDT @ 1787268900
[replaying  47%] replaying BTC-USDT @ 1787268960
[replaying  47%] replaying ETH-USDT @ 1787268960
[replaying  47%] replaying BTC-USDT @ 1787269020
[replaying  47%] replaying ETH-USDT @ 1787269020
[replaying  47%] replaying BTC-USDT @ 1787269080
[replaying  47%] replaying ETH-USDT @ 1787269080
[replaying  47%] replaying BTC-USDT @ 1787269140
[replaying  47%] replaying ETH-USDT @ 1787269140
[replaying  47%] replaying BTC-USDT @ 1787269200
[replaying  47%] replaying ETH-USDT @ 1787269200
[replaying  47%] replaying BTC-USDT @ 1787269260
[replaying  47%] replaying ETH-USDT @ 1787269260
[replaying  47%] replaying BTC-USDT @ 1787269320
[replaying  47%] replaying ETH-USDT @ 1787269320
[replaying  47%] replaying BTC-USDT @ 1787269380
[replaying  47%] replaying ETH-USDT @ 1787269380
[replaying  47%] replaying BTC-USDT @ 1787269440
[replaying  47%] replaying ETH-USDT @ 1787269440
[replaying  47%] replaying BTC-USDT @ 1787269500
[replaying  47%] replaying ETH-USDT @ 1787269500
[replaying  47%] replaying BTC-USDT @ 1787269560
[replaying  47%] replaying ETH-USDT @ 1787269560
[replaying  47%] replaying BTC-USDT @ 1787269620
[replaying  47%] replaying ETH-USDT @ 1787269620
[replaying  47%] replaying BTC-USDT @ 1787269680
[replaying  47%] replaying ETH-USDT @ 1787269680
[replaying  47%] replaying BTC-USDT @ 1787269740
[replaying  47%] replaying ETH-USDT @ 1787269740
[replaying  47%] replaying BTC-USDT @ 1787269800
[replaying  47%] replaying ETH-USDT @ 1787269800
[replaying  47%] replaying BTC-USDT @ 1787269860
[replaying  47%] replaying ETH-USDT @ 1787269860
[replaying  47%] replaying BTC-USDT @ 1787269920
[replaying  47%] replaying ETH-USDT @ 1787269920
[replaying  47%] replaying BTC-USDT @ 1787269980
[replaying  47%] replaying ETH-USDT @ 1787269980
[replaying  47%] replaying BTC-USDT @ 1787270040
[replaying  47%] replaying ETH-USDT @ 1787270040
[replaying  47%] replaying BTC-USDT @ 1787270100
[replaying  47%] replaying ETH-USDT @ 1787270100
[replaying  47%] replaying BTC-USDT @ 1787270160
[replaying  47%] replaying ETH-USDT @ 1787270160
[replaying  47%] replaying BTC-USDT @ 1787270220
[replaying  47%] replaying ETH-USDT @ 1787270220
[replaying  47%] replaying BTC-USDT @ 1787270280
[replaying  47%] replaying ETH-USDT @ 1787270280
[replaying  47%] replaying BTC-USDT @ 1787270340
[replaying  47%] replaying ETH-USDT @ 1787270340
[replaying  47%] replaying BTC-USDT @ 1787270400
[replaying  47%] replaying ETH-USDT @ 1787270400
[replaying  47%] replaying BTC-USDT @ 1787270460
[replaying  47%] replaying ETH-USDT @ 1787270460
[replaying  47%] replaying BTC-USDT @ 1787270520
[replaying  47%] replaying ETH-USDT @ 1787270520
[replaying  47%] replaying BTC-USDT @ 1787270580
[replaying  47%] replaying ETH-USDT @ 1787270580
[replaying  47%] replaying BTC-USDT @ 1787270640
[replaying  47%] replaying ETH-USDT @ 1787270640
[replaying  47%] replaying BTC-USDT @ 1787270700
[replaying  47%] replaying ETH-USDT @ 1787270700
[replaying  47%] replaying BTC-USDT @ 1787270760
[replaying  47%] replaying ETH-USDT @ 1787270760
[replaying  47%] replaying BTC-USDT @ 1787270820
[replaying  47%] replaying ETH-USDT @ 1787270820
[replaying  47%] replaying BTC-USDT @ 1787270880
[replaying  47%] replaying ETH-USDT @ 1787270880
[replaying  47%] replaying BTC-USDT @ 1787270940
[replaying  47%] replaying ETH-USDT @ 1787270940
[replaying  47%] replaying BTC-USDT @ 1787271000
[replaying  47%] replaying ETH-USDT @ 1787271000
[replaying  47%] replaying BTC-USDT @ 1787271060
[replaying  47%] replaying ETH-USDT @ 1787271060
[replaying  47%] replaying BTC-USDT @ 1787271120
[replaying  47%] replaying ETH-USDT @ 1787271120
[replaying  47%] replaying BTC-USDT @ 1787271180
[replaying  48%] replaying ETH-USDT @ 1787271180
[replaying  48%] replaying BTC-USDT @ 1787271240
[replaying  48%] replaying ETH-USDT @ 1787271240
[replaying  48%] replaying BTC-USDT @ 1787271300
[replaying  48%] replaying ETH-USDT @ 1787271300
[replaying  48%] replaying BTC-USDT @ 1787271360
[replaying  48%] replaying ETH-USDT @ 1787271360
[replaying  48%] replaying BTC-USDT @ 1787271420
[replaying  48%] replaying ETH-USDT @ 1787271420
[replaying  48%] replaying BTC-USDT @ 1787271480
[replaying  48%] replaying ETH-USDT @ 1787271480
[replaying  48%] replaying BTC-USDT @ 1787271540
[replaying  48%] replaying ETH-USDT @ 1787271540
[replaying  48%] replaying BTC-USDT @ 1787271600
[replaying  48%] replaying ETH-USDT @ 1787271600
[replaying  48%] replaying BTC-USDT @ 1787271660
[replaying  48%] replaying ETH-USDT @ 1787271660
[replaying  48%] replaying BTC-USDT @ 1787271720
[replaying  48%] replaying ETH-USDT @ 1787271720
[replaying  48%] replaying BTC-USDT @ 1787271780
[replaying  48%] replaying ETH-USDT @ 1787271780
[replaying  48%] replaying BTC-USDT @ 1787271840
[replaying  48%] replaying ETH-USDT @ 1787271840
[replaying  48%] replaying BTC-USDT @ 1787271900
[replaying  48%] replaying ETH-USDT @ 1787271900
[replaying  48%] replaying BTC-USDT @ 1787271960
[replaying  48%] replaying ETH-USDT @ 1787271960
[replaying  48%] replaying BTC-USDT @ 1787272020
[replaying  48%] replaying ETH-USDT @ 1787272020
[replaying  48%] replaying BTC-USDT @ 1787272080
[replaying  48%] replaying ETH-USDT @ 1787272080
[replaying  48%] replaying BTC-USDT @ 1787272140
[replaying  48%] replaying ETH-USDT @ 1787272140
[replaying  48%] replaying BTC-USDT @ 1787272200
[replaying  48%] replaying ETH-USDT @ 1787272200
[replaying  48%] replaying BTC-USDT @ 1787272260
[replaying  48%] replaying ETH-USDT @ 1787272260
[replaying  48%] replaying BTC-USDT @ 1787272320
[replaying  48%] replaying ETH-USDT @ 1787272320
[replaying  48%] replaying BTC-USDT @ 1787272380
[replaying  48%] replaying ETH-USDT @ 1787272380
[replaying  48%] replaying BTC-USDT @ 1787272440
[replaying  48%] replaying ETH-USDT @ 1787272440
[replaying  48%] replaying BTC-USDT @ 1787272500
[replaying  48%] replaying ETH-USDT @ 1787272500
[replaying  48%] replaying BTC-USDT @ 1787272560
[replaying  48%] replaying ETH-USDT @ 1787272560
[replaying  48%] replaying BTC-USDT @ 1787272620
[replaying  48%] replaying ETH-USDT @ 1787272620
[replaying  48%] replaying BTC-USDT @ 1787272680
[replaying  48%] replaying ETH-USDT @ 1787272680
[replaying  48%] replaying BTC-USDT @ 1787272740
[replaying  48%] replaying ETH-USDT @ 1787272740
[replaying  48%] replaying BTC-USDT @ 1787272800
[replaying  48%] replaying ETH-USDT @ 1787272800
[replaying  48%] replaying BTC-USDT @ 1787272860
[replaying  48%] replaying ETH-USDT @ 1787272860
[replaying  48%] replaying BTC-USDT @ 1787272920
[replaying  48%] replaying ETH-USDT @ 1787272920
[replaying  48%] replaying BTC-USDT @ 1787272980
[replaying  48%] replaying ETH-USDT @ 1787272980
[replaying  48%] replaying BTC-USDT @ 1787273040
[replaying  48%] replaying ETH-USDT @ 1787273040
[replaying  48%] replaying BTC-USDT @ 1787273100
[replaying  48%] replaying ETH-USDT @ 1787273100
[replaying  48%] replaying BTC-USDT @ 1787273160
[replaying  48%] replaying ETH-USDT @ 1787273160
[replaying  48%] replaying BTC-USDT @ 1787273220
[replaying  48%] replaying ETH-USDT @ 1787273220
[replaying  48%] replaying BTC-USDT @ 1787273280
[replaying  48%] replaying ETH-USDT @ 1787273280
[replaying  48%] replaying BTC-USDT @ 1787273340
[replaying  48%] replaying ETH-USDT @ 1787273340
[replaying  48%] replaying BTC-USDT @ 1787273400
[replaying  48%] replaying ETH-USDT @ 1787273400
[replaying  48%] replaying BTC-USDT @ 1787273460
[replaying  48%] replaying ETH-USDT @ 1787273460
[replaying  48%] replaying BTC-USDT @ 1787273520
[replaying  48%] replaying ETH-USDT @ 1787273520
[replaying  48%] replaying BTC-USDT @ 1787273580
[replaying  48%] replaying ETH-USDT @ 1787273580
[replaying  48%] replaying BTC-USDT @ 1787273640
[replaying  48%] replaying ETH-USDT @ 1787273640
[replaying  48%] replaying BTC-USDT @ 1787273700
[replaying  48%] replaying ETH-USDT @ 1787273700
[replaying  48%] replaying BTC-USDT @ 1787273760
[replaying  48%] replaying ETH-USDT @ 1787273760
[replaying  48%] replaying BTC-USDT @ 1787273820
[replaying  48%] replaying ETH-USDT @ 1787273820
[replaying  48%] replaying BTC-USDT @ 1787273880
[replaying  48%] replaying ETH-USDT @ 1787273880
[replaying  48%] replaying BTC-USDT @ 1787273940
[replaying  48%] replaying ETH-USDT @ 1787273940
[replaying  48%] replaying BTC-USDT @ 1787274000
[replaying  48%] replaying ETH-USDT @ 1787274000
[replaying  48%] replaying BTC-USDT @ 1787274060
[replaying  48%] replaying ETH-USDT @ 1787274060
[replaying  48%] replaying BTC-USDT @ 1787274120
[replaying  48%] replaying ETH-USDT @ 1787274120
[replaying  48%] replaying BTC-USDT @ 1787274180
[replaying  48%] replaying ETH-USDT @ 1787274180
[replaying  48%] replaying BTC-USDT @ 1787274240
[replaying  48%] replaying ETH-USDT @ 1787274240
[replaying  48%] replaying BTC-USDT @ 1787274300
[replaying  48%] replaying ETH-USDT @ 1787274300
[replaying  48%] replaying BTC-USDT @ 1787274360
[replaying  48%] replaying ETH-USDT @ 1787274360
[replaying  48%] replaying BTC-USDT @ 1787274420
[replaying  48%] replaying ETH-USDT @ 1787274420
[replaying  48%] replaying BTC-USDT @ 1787274480
[replaying  48%] replaying ETH-USDT @ 1787274480
[replaying  49%] replaying BTC-USDT @ 1787274540
[replaying  49%] replaying ETH-USDT @ 1787274540
[replaying  49%] replaying BTC-USDT @ 1787274600
[replaying  49%] replaying ETH-USDT @ 1787274600
[replaying  49%] replaying BTC-USDT @ 1787274660
[replaying  49%] replaying ETH-USDT @ 1787274660
[replaying  49%] replaying BTC-USDT @ 1787274720
[replaying  49%] replaying ETH-USDT @ 1787274720
[replaying  49%] replaying BTC-USDT @ 1787274780
[replaying  49%] replaying ETH-USDT @ 1787274780
[replaying  49%] replaying BTC-USDT @ 1787274840
[replaying  49%] replaying ETH-USDT @ 1787274840
[replaying  49%] replaying BTC-USDT @ 1787274900
[replaying  49%] replaying ETH-USDT @ 1787274900
[replaying  49%] replaying BTC-USDT @ 1787274960
[replaying  49%] replaying ETH-USDT @ 1787274960
[replaying  49%] replaying BTC-USDT @ 1787275020
[replaying  49%] replaying ETH-USDT @ 1787275020
[replaying  49%] replaying BTC-USDT @ 1787275080
[replaying  49%] replaying ETH-USDT @ 1787275080
[replaying  49%] replaying BTC-USDT @ 1787275140
[replaying  49%] replaying ETH-USDT @ 1787275140
[replaying  49%] replaying BTC-USDT @ 1787275200
[replaying  49%] replaying ETH-USDT @ 1787275200
[replaying  49%] replaying BTC-USDT @ 1787275260
[replaying  49%] replaying ETH-USDT @ 1787275260
[replaying  49%] replaying BTC-USDT @ 1787275320
[replaying  49%] replaying ETH-USDT @ 1787275320
[replaying  49%] replaying BTC-USDT @ 1787275380
[replaying  49%] replaying ETH-USDT @ 1787275380
[replaying  49%] replaying BTC-USDT @ 1787275440
[replaying  49%] replaying ETH-USDT @ 1787275440
[replaying  49%] replaying BTC-USDT @ 1787275500
[replaying  49%] replaying ETH-USDT @ 1787275500
[replaying  49%] replaying BTC-USDT @ 1787275560
[replaying  49%] replaying ETH-USDT @ 1787275560
[replaying  49%] replaying BTC-USDT @ 1787275620
[replaying  49%] replaying ETH-USDT @ 1787275620
[replaying  49%] replaying BTC-USDT @ 1787275680
[replaying  49%] replaying ETH-USDT @ 1787275680
[replaying  49%] replaying BTC-USDT @ 1787275740
[replaying  49%] replaying ETH-USDT @ 1787275740
[replaying  49%] replaying BTC-USDT @ 1787275800
[replaying  49%] replaying ETH-USDT @ 1787275800
[replaying  49%] replaying BTC-USDT @ 1787275860
[replaying  49%] replaying ETH-USDT @ 1787275860
[replaying  49%] replaying BTC-USDT @ 1787275920
[replaying  49%] replaying ETH-USDT @ 1787275920
[replaying  49%] replaying BTC-USDT @ 1787275980
[replaying  49%] replaying ETH-USDT @ 1787275980
[replaying  49%] replaying BTC-USDT @ 1787276040
[replaying  49%] replaying ETH-USDT @ 1787276040
[replaying  49%] replaying BTC-USDT @ 1787276100
[replaying  49%] replaying ETH-USDT @ 1787276100
[replaying  49%] replaying BTC-USDT @ 1787276160
[replaying  49%] replaying ETH-USDT @ 1787276160
[replaying  49%] replaying BTC-USDT @ 1787276220
[replaying  49%] replaying ETH-USDT @ 1787276220
[replaying  49%] replaying BTC-USDT @ 1787276280
[replaying  49%] replaying ETH-USDT @ 1787276280
[replaying  49%] replaying BTC-USDT @ 1787276340
[replaying  49%] replaying ETH-USDT @ 1787276340
[replaying  49%] replaying BTC-USDT @ 1787276400
[replaying  49%] replaying ETH-USDT @ 1787276400
[replaying  49%] replaying BTC-USDT @ 1787276460
[replaying  49%] replaying ETH-USDT @ 1787276460
[replaying  49%] replaying BTC-USDT @ 1787276520
[replaying  49%] replaying ETH-USDT @ 1787276520
[replaying  49%] replaying BTC-USDT @ 1787276580
[replaying  49%] replaying ETH-USDT @ 1787276580
[replaying  49%] replaying BTC-USDT @ 1787276640
[replaying  49%] replaying ETH-USDT @ 1787276640
[replaying  49%] replaying BTC-USDT @ 1787276700
[replaying  49%] replaying ETH-USDT @ 1787276700
[replaying  49%] replaying BTC-USDT @ 1787276760
[replaying  49%] replaying ETH-USDT @ 1787276760
[replaying  49%] replaying BTC-USDT @ 1787276820
[replaying  49%] replaying ETH-USDT @ 1787276820
[replaying  49%] replaying BTC-USDT @ 1787276880
[replaying  49%] replaying ETH-USDT @ 1787276880
[replaying  49%] replaying BTC-USDT @ 1787276940
[replaying  49%] replaying ETH-USDT @ 1787276940
[replaying  49%] replaying BTC-USDT @ 1787277000
[replaying  49%] replaying ETH-USDT @ 1787277000
[replaying  49%] replaying BTC-USDT @ 1787277060
[replaying  49%] replaying ETH-USDT @ 1787277060
[replaying  49%] replaying BTC-USDT @ 1787277120
[replaying  49%] replaying ETH-USDT @ 1787277120
[replaying  49%] replaying BTC-USDT @ 1787277180
[replaying  49%] replaying ETH-USDT @ 1787277180
[replaying  49%] replaying BTC-USDT @ 1787277240
[replaying  49%] replaying ETH-USDT @ 1787277240
[replaying  49%] replaying BTC-USDT @ 1787277300
[replaying  49%] replaying ETH-USDT @ 1787277300
[replaying  49%] replaying BTC-USDT @ 1787277360
[replaying  49%] replaying ETH-USDT @ 1787277360
[replaying  49%] replaying BTC-USDT @ 1787277420
[replaying  49%] replaying ETH-USDT @ 1787277420
[replaying  49%] replaying BTC-USDT @ 1787277480
[replaying  49%] replaying ETH-USDT @ 1787277480
[replaying  49%] replaying BTC-USDT @ 1787277540
[replaying  49%] replaying ETH-USDT @ 1787277540
[replaying  49%] replaying BTC-USDT @ 1787277600
[replaying  49%] replaying ETH-USDT @ 1787277600
[replaying  49%] replaying BTC-USDT @ 1787277660
[replaying  49%] replaying ETH-USDT @ 1787277660
[replaying  49%] replaying BTC-USDT @ 1787277720
[replaying  49%] replaying ETH-USDT @ 1787277720
[replaying  49%] replaying BTC-USDT @ 1787277780
[replaying  49%] replaying ETH-USDT @ 1787277780
[replaying  49%] replaying BTC-USDT @ 1787277840
[replaying  49%] replaying ETH-USDT @ 1787277840
[replaying  50%] replaying BTC-USDT @ 1787277900
[replaying  50%] replaying ETH-USDT @ 1787277900
[replaying  50%] replaying BTC-USDT @ 1787277960
[replaying  50%] replaying ETH-USDT @ 1787277960
[replaying  50%] replaying BTC-USDT @ 1787278020
[replaying  50%] replaying ETH-USDT @ 1787278020
[replaying  50%] replaying BTC-USDT @ 1787278080
[replaying  50%] replaying ETH-USDT @ 1787278080
[replaying  50%] replaying BTC-USDT @ 1787278140
[replaying  50%] replaying ETH-USDT @ 1787278140
[replaying  50%] replaying BTC-USDT @ 1787278200
[replaying  50%] replaying ETH-USDT @ 1787278200
[replaying  50%] replaying BTC-USDT @ 1787278260
[replaying  50%] replaying ETH-USDT @ 1787278260
[replaying  50%] replaying BTC-USDT @ 1787278320
[replaying  50%] replaying ETH-USDT @ 1787278320
[replaying  50%] replaying BTC-USDT @ 1787278380
[replaying  50%] replaying ETH-USDT @ 1787278380
[replaying  50%] replaying BTC-USDT @ 1787278440
[replaying  50%] replaying ETH-USDT @ 1787278440
[replaying  50%] replaying BTC-USDT @ 1787278500
[replaying  50%] replaying ETH-USDT @ 1787278500
[replaying  50%] replaying BTC-USDT @ 1787278560
[replaying  50%] replaying ETH-USDT @ 1787278560
[replaying  50%] replaying BTC-USDT @ 1787278620
[replaying  50%] replaying ETH-USDT @ 1787278620
[replaying  50%] replaying BTC-USDT @ 1787278680
[replaying  50%] replaying ETH-USDT @ 1787278680
[replaying  50%] replaying BTC-USDT @ 1787278740
[replaying  50%] replaying ETH-USDT @ 1787278740
[replaying  50%] replaying BTC-USDT @ 1787278800
[replaying  50%] replaying ETH-USDT @ 1787278800
[replaying  50%] replaying BTC-USDT @ 1787278860
[replaying  50%] replaying ETH-USDT @ 1787278860
[replaying  50%] replaying BTC-USDT @ 1787278920
[replaying  50%] replaying ETH-USDT @ 1787278920
[replaying  50%] replaying BTC-USDT @ 1787278980
[replaying  50%] replaying ETH-USDT @ 1787278980
[replaying  50%] replaying BTC-USDT @ 1787279040
[replaying  50%] replaying ETH-USDT @ 1787279040
[replaying  50%] replaying BTC-USDT @ 1787279100
[replaying  50%] replaying ETH-USDT @ 1787279100
[replaying  50%] replaying BTC-USDT @ 1787279160
[replaying  50%] replaying ETH-USDT @ 1787279160
[replaying  50%] replaying BTC-USDT @ 1787279220
[replaying  50%] replaying ETH-USDT @ 1787279220
[replaying  50%] replaying BTC-USDT @ 1787279280
[replaying  50%] replaying ETH-USDT @ 1787279280
[replaying  50%] replaying BTC-USDT @ 1787279340
[replaying  50%] replaying ETH-USDT @ 1787279340
[replaying  50%] replaying BTC-USDT @ 1787279400
[replaying  50%] replaying ETH-USDT @ 1787279400
[replaying  50%] replaying BTC-USDT @ 1787279460
[replaying  50%] replaying ETH-USDT @ 1787279460
[replaying  50%] replaying BTC-USDT @ 1787279520
[replaying  50%] replaying ETH-USDT @ 1787279520
[replaying  50%] replaying BTC-USDT @ 1787279580
[replaying  50%] replaying ETH-USDT @ 1787279580
[replaying  50%] replaying BTC-USDT @ 1787279640
[replaying  50%] replaying ETH-USDT @ 1787279640
[replaying  50%] replaying BTC-USDT @ 1787279700
[replaying  50%] replaying ETH-USDT @ 1787279700
[replaying  50%] replaying BTC-USDT @ 1787279760
[replaying  50%] replaying ETH-USDT @ 1787279760
[replaying  50%] replaying BTC-USDT @ 1787279820
[replaying  50%] replaying ETH-USDT @ 1787279820
[replaying  50%] replaying BTC-USDT @ 1787279880
[replaying  50%] replaying ETH-USDT @ 1787279880
[replaying  50%] replaying BTC-USDT @ 1787279940
[replaying  50%] replaying ETH-USDT @ 1787279940
[replaying  50%] replaying BTC-USDT @ 1787280000
[replaying  50%] replaying ETH-USDT @ 1787280000
[replaying  50%] replaying BTC-USDT @ 1787280060
[replaying  50%] replaying ETH-USDT @ 1787280060
[replaying  50%] replaying BTC-USDT @ 1787280120
[replaying  50%] replaying ETH-USDT @ 1787280120
[replaying  50%] replaying BTC-USDT @ 1787280180
[replaying  50%] replaying ETH-USDT @ 1787280180
[replaying  50%] replaying BTC-USDT @ 1787280240
[replaying  50%] replaying ETH-USDT @ 1787280240
[replaying  50%] replaying BTC-USDT @ 1787280300
[replaying  50%] replaying ETH-USDT @ 1787280300
[replaying  50%] replaying BTC-USDT @ 1787280360
[replaying  50%] replaying ETH-USDT @ 1787280360
[replaying  50%] replaying BTC-USDT @ 1787280420
[replaying  50%] replaying ETH-USDT @ 1787280420
[replaying  50%] replaying BTC-USDT @ 1787280480
[replaying  50%] replaying ETH-USDT @ 1787280480
[replaying  50%] replaying BTC-USDT @ 1787280540
[replaying  50%] replaying ETH-USDT @ 1787280540
[replaying  50%] replaying BTC-USDT @ 1787280600
[replaying  50%] replaying ETH-USDT @ 1787280600
[replaying  50%] replaying BTC-USDT @ 1787280660
[replaying  50%] replaying ETH-USDT @ 1787280660
[replaying  50%] replaying BTC-USDT @ 1787280720
[replaying  50%] replaying ETH-USDT @ 1787280720
[replaying  50%] replaying BTC-USDT @ 1787280780
[replaying  50%] replaying ETH-USDT @ 1787280780
[replaying  50%] replaying BTC-USDT @ 1787280840
[replaying  50%] replaying ETH-USDT @ 1787280840
[replaying  50%] replaying BTC-USDT @ 1787280900
[replaying  50%] replaying ETH-USDT @ 1787280900
[replaying  50%] replaying BTC-USDT @ 1787280960
[replaying  50%] replaying ETH-USDT @ 1787280960
[replaying  50%] replaying BTC-USDT @ 1787281020
[replaying  50%] replaying ETH-USDT @ 1787281020
[replaying  50%] replaying BTC-USDT @ 1787281080
[replaying  50%] replaying ETH-USDT @ 1787281080
[replaying  50%] replaying BTC-USDT @ 1787281140
[replaying  50%] replaying ETH-USDT @ 1787281140
[replaying  50%] replaying BTC-USDT @ 1787281200
[replaying  51%] replaying ETH-USDT @ 1787281200
[replaying  51%] replaying BTC-USDT @ 1787281260
[replaying  51%] replaying ETH-USDT @ 1787281260
[replaying  51%] replaying BTC-USDT @ 1787281320
[replaying  51%] replaying ETH-USDT @ 1787281320
[replaying  51%] replaying BTC-USDT @ 1787281380
[replaying  51%] replaying ETH-USDT @ 1787281380
[replaying  51%] replaying BTC-USDT @ 1787281440
[replaying  51%] replaying ETH-USDT @ 1787281440
[replaying  51%] replaying BTC-USDT @ 1787281500
[replaying  51%] replaying ETH-USDT @ 1787281500
[replaying  51%] replaying BTC-USDT @ 1787281560
[replaying  51%] replaying ETH-USDT @ 1787281560
[replaying  51%] replaying BTC-USDT @ 1787281620
[replaying  51%] replaying ETH-USDT @ 1787281620
[replaying  51%] replaying BTC-USDT @ 1787281680
[replaying  51%] replaying ETH-USDT @ 1787281680
[replaying  51%] replaying BTC-USDT @ 1787281740
[replaying  51%] replaying ETH-USDT @ 1787281740
[replaying  51%] replaying BTC-USDT @ 1787281800
[replaying  51%] replaying ETH-USDT @ 1787281800
[replaying  51%] replaying BTC-USDT @ 1787281860
[replaying  51%] replaying ETH-USDT @ 1787281860
[replaying  51%] replaying BTC-USDT @ 1787281920
[replaying  51%] replaying ETH-USDT @ 1787281920
[replaying  51%] replaying BTC-USDT @ 1787281980
[replaying  51%] replaying ETH-USDT @ 1787281980
[replaying  51%] replaying BTC-USDT @ 1787282040
[replaying  51%] replaying ETH-USDT @ 1787282040
[replaying  51%] replaying BTC-USDT @ 1787282100
[replaying  51%] replaying ETH-USDT @ 1787282100
[replaying  51%] replaying BTC-USDT @ 1787282160
[replaying  51%] replaying ETH-USDT @ 1787282160
[replaying  51%] replaying BTC-USDT @ 1787282220
[replaying  51%] replaying ETH-USDT @ 1787282220
[replaying  51%] replaying BTC-USDT @ 1787282280
[replaying  51%] replaying ETH-USDT @ 1787282280
[replaying  51%] replaying BTC-USDT @ 1787282340
[replaying  51%] replaying ETH-USDT @ 1787282340
[replaying  51%] replaying BTC-USDT @ 1787282400
[replaying  51%] replaying ETH-USDT @ 1787282400
[replaying  51%] replaying BTC-USDT @ 1787282460
[replaying  51%] replaying ETH-USDT @ 1787282460
[replaying  51%] replaying BTC-USDT @ 1787282520
[replaying  51%] replaying ETH-USDT @ 1787282520
[replaying  51%] replaying BTC-USDT @ 1787282580
[replaying  51%] replaying ETH-USDT @ 1787282580
[replaying  51%] replaying BTC-USDT @ 1787282640
[replaying  51%] replaying ETH-USDT @ 1787282640
[replaying  51%] replaying BTC-USDT @ 1787282700
[replaying  51%] replaying ETH-USDT @ 1787282700
[replaying  51%] replaying BTC-USDT @ 1787282760
[replaying  51%] replaying ETH-USDT @ 1787282760
[replaying  51%] replaying BTC-USDT @ 1787282820
[replaying  51%] replaying ETH-USDT @ 1787282820
[replaying  51%] replaying BTC-USDT @ 1787282880
[replaying  51%] replaying ETH-USDT @ 1787282880
[replaying  51%] replaying BTC-USDT @ 1787282940
[replaying  51%] replaying ETH-USDT @ 1787282940
[replaying  51%] replaying BTC-USDT @ 1787283000
[replaying  51%] replaying ETH-USDT @ 1787283000
[replaying  51%] replaying BTC-USDT @ 1787283060
[replaying  51%] replaying ETH-USDT @ 1787283060
[replaying  51%] replaying BTC-USDT @ 1787283120
[replaying  51%] replaying ETH-USDT @ 1787283120
[replaying  51%] replaying BTC-USDT @ 1787283180
[replaying  51%] replaying ETH-USDT @ 1787283180
[replaying  51%] replaying BTC-USDT @ 1787283240
[replaying  51%] replaying ETH-USDT @ 1787283240
[replaying  51%] replaying BTC-USDT @ 1787283300
[replaying  51%] replaying ETH-USDT @ 1787283300
[replaying  51%] replaying BTC-USDT @ 1787283360
[replaying  51%] replaying ETH-USDT @ 1787283360
[replaying  51%] replaying BTC-USDT @ 1787283420
[replaying  51%] replaying ETH-USDT @ 1787283420
[replaying  51%] replaying BTC-USDT @ 1787283480
[replaying  51%] replaying ETH-USDT @ 1787283480
[replaying  51%] replaying BTC-USDT @ 1787283540
[replaying  51%] replaying ETH-USDT @ 1787283540
[replaying  51%] replaying BTC-USDT @ 1787283600
[replaying  51%] replaying ETH-USDT @ 1787283600
[replaying  51%] replaying BTC-USDT @ 1787283660
[replaying  51%] replaying ETH-USDT @ 1787283660
[replaying  51%] replaying BTC-USDT @ 1787283720
[replaying  51%] replaying ETH-USDT @ 1787283720
[replaying  51%] replaying BTC-USDT @ 1787283780
[replaying  51%] replaying ETH-USDT @ 1787283780
[replaying  51%] replaying BTC-USDT @ 1787283840
[replaying  51%] replaying ETH-USDT @ 1787283840
[replaying  51%] replaying BTC-USDT @ 1787283900
[replaying  51%] replaying ETH-USDT @ 1787283900
[replaying  51%] replaying BTC-USDT @ 1787283960
[replaying  51%] replaying ETH-USDT @ 1787283960
[replaying  51%] replaying BTC-USDT @ 1787284020
[replaying  51%] replaying ETH-USDT @ 1787284020
[replaying  51%] replaying BTC-USDT @ 1787284080
[replaying  51%] replaying ETH-USDT @ 1787284080
[replaying  51%] replaying BTC-USDT @ 1787284140
[replaying  51%] replaying ETH-USDT @ 1787284140
[replaying  51%] replaying BTC-USDT @ 1787284200
[replaying  51%] replaying ETH-USDT @ 1787284200
[replaying  51%] replaying BTC-USDT @ 1787284260
[replaying  51%] replaying ETH-USDT @ 1787284260
[replaying  51%] replaying BTC-USDT @ 1787284320
[replaying  51%] replaying ETH-USDT @ 1787284320
[replaying  51%] replaying BTC-USDT @ 1787284380
[replaying  51%] replaying ETH-USDT @ 1787284380
[replaying  51%] replaying BTC-USDT @ 1787284440
[replaying  51%] replaying ETH-USDT @ 1787284440
[replaying  51%] replaying BTC-USDT @ 1787284500
[replaying  51%] replaying ETH-USDT @ 1787284500
[replaying  51%] replaying BTC-USDT @ 1787284560
[replaying  52%] replaying ETH-USDT @ 1787284560
[replaying  52%] replaying BTC-USDT @ 1787284620
[replaying  52%] replaying ETH-USDT @ 1787284620
[replaying  52%] replaying BTC-USDT @ 1787284680
[replaying  52%] replaying ETH-USDT @ 1787284680
[replaying  52%] replaying BTC-USDT @ 1787284740
[replaying  52%] replaying ETH-USDT @ 1787284740
[replaying  52%] replaying BTC-USDT @ 1787284800
[replaying  52%] replaying ETH-USDT @ 1787284800
[replaying  52%] replaying BTC-USDT @ 1787284860
[replaying  52%] replaying ETH-USDT @ 1787284860
[replaying  52%] replaying BTC-USDT @ 1787284920
[replaying  52%] replaying ETH-USDT @ 1787284920
[replaying  52%] replaying BTC-USDT @ 1787284980
[replaying  52%] replaying ETH-USDT @ 1787284980
[replaying  52%] replaying BTC-USDT @ 1787285040
[replaying  52%] replaying ETH-USDT @ 1787285040
[replaying  52%] replaying BTC-USDT @ 1787285100
[replaying  52%] replaying ETH-USDT @ 1787285100
[replaying  52%] replaying BTC-USDT @ 1787285160
[replaying  52%] replaying ETH-USDT @ 1787285160
[replaying  52%] replaying BTC-USDT @ 1787285220
[replaying  52%] replaying ETH-USDT @ 1787285220
[replaying  52%] replaying BTC-USDT @ 1787285280
[replaying  52%] replaying ETH-USDT @ 1787285280
[replaying  52%] replaying BTC-USDT @ 1787285340
[replaying  52%] replaying ETH-USDT @ 1787285340
[replaying  52%] replaying BTC-USDT @ 1787285400
[replaying  52%] replaying ETH-USDT @ 1787285400
[replaying  52%] replaying BTC-USDT @ 1787285460
[replaying  52%] replaying ETH-USDT @ 1787285460
[replaying  52%] replaying BTC-USDT @ 1787285520
[replaying  52%] replaying ETH-USDT @ 1787285520
[replaying  52%] replaying BTC-USDT @ 1787285580
[replaying  52%] replaying ETH-USDT @ 1787285580
[replaying  52%] replaying BTC-USDT @ 1787285640
[replaying  52%] replaying ETH-USDT @ 1787285640
[replaying  52%] replaying BTC-USDT @ 1787285700
[replaying  52%] replaying ETH-USDT @ 1787285700
[replaying  52%] replaying BTC-USDT @ 1787285760
[replaying  52%] replaying ETH-USDT @ 1787285760
[replaying  52%] replaying BTC-USDT @ 1787285820
[replaying  52%] replaying ETH-USDT @ 1787285820
[replaying  52%] replaying BTC-USDT @ 1787285880
[replaying  52%] replaying ETH-USDT @ 1787285880
[replaying  52%] replaying BTC-USDT @ 1787285940
[replaying  52%] replaying ETH-USDT @ 1787285940
[replaying  52%] replaying BTC-USDT @ 1787286000
[replaying  52%] replaying ETH-USDT @ 1787286000
[replaying  52%] replaying BTC-USDT @ 1787286060
[replaying  52%] replaying ETH-USDT @ 1787286060
[replaying  52%] replaying BTC-USDT @ 1787286120
[replaying  52%] replaying ETH-USDT @ 1787286120
[replaying  52%] replaying BTC-USDT @ 1787286180
[replaying  52%] replaying ETH-USDT @ 1787286180
[replaying  52%] replaying BTC-USDT @ 1787286240
[replaying  52%] replaying ETH-USDT @ 1787286240
[replaying  52%] replaying BTC-USDT @ 1787286300
[replaying  52%] replaying ETH-USDT @ 1787286300
[replaying  52%] replaying BTC-USDT @ 1787286360
[replaying  52%] replaying ETH-USDT @ 1787286360
[replaying  52%] replaying BTC-USDT @ 1787286420
[replaying  52%] replaying ETH-USDT @ 1787286420
[replaying  52%] replaying BTC-USDT @ 1787286480
[replaying  52%] replaying ETH-USDT @ 1787286480
[replaying  52%] replaying BTC-USDT @ 1787286540
[replaying  52%] replaying ETH-USDT @ 1787286540
[replaying  52%] replaying BTC-USDT @ 1787286600
[replaying  52%] replaying ETH-USDT @ 1787286600
[replaying  52%] replaying BTC-USDT @ 1787286660
[replaying  52%] replaying ETH-USDT @ 1787286660
[replaying  52%] replaying BTC-USDT @ 1787286720
[replaying  52%] replaying ETH-USDT @ 1787286720
[replaying  52%] replaying BTC-USDT @ 1787286780
[replaying  52%] replaying ETH-USDT @ 1787286780
[replaying  52%] replaying BTC-USDT @ 1787286840
[replaying  52%] replaying ETH-USDT @ 1787286840
[replaying  52%] replaying BTC-USDT @ 1787286900
[replaying  52%] replaying ETH-USDT @ 1787286900
[replaying  52%] replaying BTC-USDT @ 1787286960
[replaying  52%] replaying ETH-USDT @ 1787286960
[replaying  52%] replaying BTC-USDT @ 1787287020
[replaying  52%] replaying ETH-USDT @ 1787287020
[replaying  52%] replaying BTC-USDT @ 1787287080
[replaying  52%] replaying ETH-USDT @ 1787287080
[replaying  52%] replaying BTC-USDT @ 1787287140
[replaying  52%] replaying ETH-USDT @ 1787287140
[replaying  52%] replaying BTC-USDT @ 1787287200
[replaying  52%] replaying ETH-USDT @ 1787287200
[replaying  52%] replaying BTC-USDT @ 1787287260
[replaying  52%] replaying ETH-USDT @ 1787287260
[replaying  52%] replaying BTC-USDT @ 1787287320
[replaying  52%] replaying ETH-USDT @ 1787287320
[replaying  52%] replaying BTC-USDT @ 1787287380
[replaying  52%] replaying ETH-USDT @ 1787287380
[replaying  52%] replaying BTC-USDT @ 1787287440
[replaying  52%] replaying ETH-USDT @ 1787287440
[replaying  52%] replaying BTC-USDT @ 1787287500
[replaying  52%] replaying ETH-USDT @ 1787287500
[replaying  52%] replaying BTC-USDT @ 1787287560
[replaying  52%] replaying ETH-USDT @ 1787287560
[replaying  52%] replaying BTC-USDT @ 1787287620
[replaying  52%] replaying ETH-USDT @ 1787287620
[replaying  52%] replaying BTC-USDT @ 1787287680
[replaying  52%] replaying ETH-USDT @ 1787287680
[replaying  52%] replaying BTC-USDT @ 1787287740
[replaying  52%] replaying ETH-USDT @ 1787287740
[replaying  52%] replaying BTC-USDT @ 1787287800
[replaying  52%] replaying ETH-USDT @ 1787287800
[replaying  52%] replaying BTC-USDT @ 1787287860
[replaying  52%] replaying ETH-USDT @ 1787287860
[replaying  53%] replaying BTC-USDT @ 1787287920
[replaying  53%] replaying ETH-USDT @ 1787287920
[replaying  53%] replaying BTC-USDT @ 1787287980
[replaying  53%] replaying ETH-USDT @ 1787287980
[replaying  53%] replaying BTC-USDT @ 1787288040
[replaying  53%] replaying ETH-USDT @ 1787288040
[replaying  53%] replaying BTC-USDT @ 1787288100
[replaying  53%] replaying ETH-USDT @ 1787288100
[replaying  53%] replaying BTC-USDT @ 1787288160
[replaying  53%] replaying ETH-USDT @ 1787288160
[replaying  53%] replaying BTC-USDT @ 1787288220
[replaying  53%] replaying ETH-USDT @ 1787288220
[replaying  53%] replaying BTC-USDT @ 1787288280
[replaying  53%] replaying ETH-USDT @ 1787288280
[replaying  53%] replaying BTC-USDT @ 1787288340
[replaying  53%] replaying ETH-USDT @ 1787288340
[replaying  53%] replaying BTC-USDT @ 1787288400
[replaying  53%] replaying ETH-USDT @ 1787288400
[replaying  53%] replaying BTC-USDT @ 1787288460
[replaying  53%] replaying ETH-USDT @ 1787288460
[replaying  53%] replaying BTC-USDT @ 1787288520
[replaying  53%] replaying ETH-USDT @ 1787288520
[replaying  53%] replaying BTC-USDT @ 1787288580
[replaying  53%] replaying ETH-USDT @ 1787288580
[replaying  53%] replaying BTC-USDT @ 1787288640
[replaying  53%] replaying ETH-USDT @ 1787288640
[replaying  53%] replaying BTC-USDT @ 1787288700
[replaying  53%] replaying ETH-USDT @ 1787288700
[replaying  53%] replaying BTC-USDT @ 1787288760
[replaying  53%] replaying ETH-USDT @ 1787288760
[replaying  53%] replaying BTC-USDT @ 1787288820
[replaying  53%] replaying ETH-USDT @ 1787288820
[replaying  53%] replaying BTC-USDT @ 1787288880
[replaying  53%] replaying ETH-USDT @ 1787288880
[replaying  53%] replaying BTC-USDT @ 1787288940
[replaying  53%] replaying ETH-USDT @ 1787288940
[replaying  53%] replaying BTC-USDT @ 1787289000
[replaying  53%] replaying ETH-USDT @ 1787289000
[replaying  53%] replaying BTC-USDT @ 1787289060
[replaying  53%] replaying ETH-USDT @ 1787289060
[replaying  53%] replaying BTC-USDT @ 1787289120
[replaying  53%] replaying ETH-USDT @ 1787289120
[replaying  53%] replaying BTC-USDT @ 1787289180
[replaying  53%] replaying ETH-USDT @ 1787289180
[replaying  53%] replaying BTC-USDT @ 1787289240
[replaying  53%] replaying ETH-USDT @ 1787289240
[replaying  53%] replaying BTC-USDT @ 1787289300
[replaying  53%] replaying ETH-USDT @ 1787289300
[replaying  53%] replaying BTC-USDT @ 1787289360
[replaying  53%] replaying ETH-USDT @ 1787289360
[replaying  53%] replaying BTC-USDT @ 1787289420
[replaying  53%] replaying ETH-USDT @ 1787289420
[replaying  53%] replaying BTC-USDT @ 1787289480
[replaying  53%] replaying ETH-USDT @ 1787289480
[replaying  53%] replaying BTC-USDT @ 1787289540
[replaying  53%] replaying ETH-USDT @ 1787289540
[replaying  53%] replaying BTC-USDT @ 1787289600
[replaying  53%] replaying ETH-USDT @ 1787289600
[replaying  53%] replaying BTC-USDT @ 1787289660
[replaying  53%] replaying ETH-USDT @ 1787289660
[replaying  53%] replaying BTC-USDT @ 1787289720
[replaying  53%] replaying ETH-USDT @ 1787289720
[replaying  53%] replaying BTC-USDT @ 1787289780
[replaying  53%] replaying ETH-USDT @ 1787289780
[replaying  53%] replaying BTC-USDT @ 1787289840
[replaying  53%] replaying ETH-USDT @ 1787289840
[replaying  53%] replaying BTC-USDT @ 1787289900
[replaying  53%] replaying ETH-USDT @ 1787289900
[replaying  53%] replaying BTC-USDT @ 1787289960
[replaying  53%] replaying ETH-USDT @ 1787289960
[replaying  53%] replaying BTC-USDT @ 1787290020
[replaying  53%] replaying ETH-USDT @ 1787290020
[replaying  53%] replaying BTC-USDT @ 1787290080
[replaying  53%] replaying ETH-USDT @ 1787290080
[replaying  53%] replaying BTC-USDT @ 1787290140
[replaying  53%] replaying ETH-USDT @ 1787290140
[replaying  53%] replaying BTC-USDT @ 1787290200
[replaying  53%] replaying ETH-USDT @ 1787290200
[replaying  53%] replaying BTC-USDT @ 1787290260
[replaying  53%] replaying ETH-USDT @ 1787290260
[replaying  53%] replaying BTC-USDT @ 1787290320
[replaying  53%] replaying ETH-USDT @ 1787290320
[replaying  53%] replaying BTC-USDT @ 1787290380
[replaying  53%] replaying ETH-USDT @ 1787290380
[replaying  53%] replaying BTC-USDT @ 1787290440
[replaying  53%] replaying ETH-USDT @ 1787290440
[replaying  53%] replaying BTC-USDT @ 1787290500
[replaying  53%] replaying ETH-USDT @ 1787290500
[replaying  53%] replaying BTC-USDT @ 1787290560
[replaying  53%] replaying ETH-USDT @ 1787290560
[replaying  53%] replaying BTC-USDT @ 1787290620
[replaying  53%] replaying ETH-USDT @ 1787290620
[replaying  53%] replaying BTC-USDT @ 1787290680
[replaying  53%] replaying ETH-USDT @ 1787290680
[replaying  53%] replaying BTC-USDT @ 1787290740
[replaying  53%] replaying ETH-USDT @ 1787290740
[replaying  53%] replaying BTC-USDT @ 1787290800
[replaying  53%] replaying ETH-USDT @ 1787290800
[replaying  53%] replaying BTC-USDT @ 1787290860
[replaying  53%] replaying ETH-USDT @ 1787290860
[replaying  53%] replaying BTC-USDT @ 1787290920
[replaying  53%] replaying ETH-USDT @ 1787290920
[replaying  53%] replaying BTC-USDT @ 1787290980
[replaying  53%] replaying ETH-USDT @ 1787290980
[replaying  53%] replaying BTC-USDT @ 1787291040
[replaying  53%] replaying ETH-USDT @ 1787291040
[replaying  53%] replaying BTC-USDT @ 1787291100
[replaying  53%] replaying ETH-USDT @ 1787291100
[replaying  53%] replaying BTC-USDT @ 1787291160
[replaying  53%] replaying ETH-USDT @ 1787291160
[replaying  53%] replaying BTC-USDT @ 1787291220
[replaying  54%] replaying ETH-USDT @ 1787291220
[replaying  54%] replaying BTC-USDT @ 1787291280
[replaying  54%] replaying ETH-USDT @ 1787291280
[replaying  54%] replaying BTC-USDT @ 1787291340
[replaying  54%] replaying ETH-USDT @ 1787291340
[replaying  54%] replaying BTC-USDT @ 1787291400
[replaying  54%] replaying ETH-USDT @ 1787291400
[replaying  54%] replaying BTC-USDT @ 1787291460
[replaying  54%] replaying ETH-USDT @ 1787291460
[replaying  54%] replaying BTC-USDT @ 1787291520
[replaying  54%] replaying ETH-USDT @ 1787291520
[replaying  54%] replaying BTC-USDT @ 1787291580
[replaying  54%] replaying ETH-USDT @ 1787291580
[replaying  54%] replaying BTC-USDT @ 1787291640
[replaying  54%] replaying ETH-USDT @ 1787291640
[replaying  54%] replaying BTC-USDT @ 1787291700
[replaying  54%] replaying ETH-USDT @ 1787291700
[replaying  54%] replaying BTC-USDT @ 1787291760
[replaying  54%] replaying ETH-USDT @ 1787291760
[replaying  54%] replaying BTC-USDT @ 1787291820
[replaying  54%] replaying ETH-USDT @ 1787291820
[replaying  54%] replaying BTC-USDT @ 1787291880
[replaying  54%] replaying ETH-USDT @ 1787291880
[replaying  54%] replaying BTC-USDT @ 1787291940
[replaying  54%] replaying ETH-USDT @ 1787291940
[replaying  54%] replaying BTC-USDT @ 1787292000
[replaying  54%] replaying ETH-USDT @ 1787292000
[replaying  54%] replaying BTC-USDT @ 1787292060
[replaying  54%] replaying ETH-USDT @ 1787292060
[replaying  54%] replaying BTC-USDT @ 1787292120
[replaying  54%] replaying ETH-USDT @ 1787292120
[replaying  54%] replaying BTC-USDT @ 1787292180
[replaying  54%] replaying ETH-USDT @ 1787292180
[replaying  54%] replaying BTC-USDT @ 1787292240
[replaying  54%] replaying ETH-USDT @ 1787292240
[replaying  54%] replaying BTC-USDT @ 1787292300
[replaying  54%] replaying ETH-USDT @ 1787292300
[replaying  54%] replaying BTC-USDT @ 1787292360
[replaying  54%] replaying ETH-USDT @ 1787292360
[replaying  54%] replaying BTC-USDT @ 1787292420
[replaying  54%] replaying ETH-USDT @ 1787292420
[replaying  54%] replaying BTC-USDT @ 1787292480
[replaying  54%] replaying ETH-USDT @ 1787292480
[replaying  54%] replaying BTC-USDT @ 1787292540
[replaying  54%] replaying ETH-USDT @ 1787292540
[replaying  54%] replaying BTC-USDT @ 1787292600
[replaying  54%] replaying ETH-USDT @ 1787292600
[replaying  54%] replaying BTC-USDT @ 1787292660
[replaying  54%] replaying ETH-USDT @ 1787292660
[replaying  54%] replaying BTC-USDT @ 1787292720
[replaying  54%] replaying ETH-USDT @ 1787292720
[replaying  54%] replaying BTC-USDT @ 1787292780
[replaying  54%] replaying ETH-USDT @ 1787292780
[replaying  54%] replaying BTC-USDT @ 1787292840
[replaying  54%] replaying ETH-USDT @ 1787292840
[replaying  54%] replaying BTC-USDT @ 1787292900
[replaying  54%] replaying ETH-USDT @ 1787292900
[replaying  54%] replaying BTC-USDT @ 1787292960
[replaying  54%] replaying ETH-USDT @ 1787292960
[replaying  54%] replaying BTC-USDT @ 1787293020
[replaying  54%] replaying ETH-USDT @ 1787293020
[replaying  54%] replaying BTC-USDT @ 1787293080
[replaying  54%] replaying ETH-USDT @ 1787293080
[replaying  54%] replaying BTC-USDT @ 1787293140
[replaying  54%] replaying ETH-USDT @ 1787293140
[replaying  54%] replaying BTC-USDT @ 1787293200
[replaying  54%] replaying ETH-USDT @ 1787293200
[replaying  54%] replaying BTC-USDT @ 1787293260
[replaying  54%] replaying ETH-USDT @ 1787293260
[replaying  54%] replaying BTC-USDT @ 1787293320
[replaying  54%] replaying ETH-USDT @ 1787293320
[replaying  54%] replaying BTC-USDT @ 1787293380
[replaying  54%] replaying ETH-USDT @ 1787293380
[replaying  54%] replaying BTC-USDT @ 1787293440
[replaying  54%] replaying ETH-USDT @ 1787293440
[replaying  54%] replaying BTC-USDT @ 1787293500
[replaying  54%] replaying ETH-USDT @ 1787293500
[replaying  54%] replaying BTC-USDT @ 1787293560
[replaying  54%] replaying ETH-USDT @ 1787293560
[replaying  54%] replaying BTC-USDT @ 1787293620
[replaying  54%] replaying ETH-USDT @ 1787293620
[replaying  54%] replaying BTC-USDT @ 1787293680
[replaying  54%] replaying ETH-USDT @ 1787293680
[replaying  54%] replaying BTC-USDT @ 1787293740
[replaying  54%] replaying ETH-USDT @ 1787293740
[replaying  54%] replaying BTC-USDT @ 1787293800
[replaying  54%] replaying ETH-USDT @ 1787293800
[replaying  54%] replaying BTC-USDT @ 1787293860
[replaying  54%] replaying ETH-USDT @ 1787293860
[replaying  54%] replaying BTC-USDT @ 1787293920
[replaying  54%] replaying ETH-USDT @ 1787293920
[replaying  54%] replaying BTC-USDT @ 1787293980
[replaying  54%] replaying ETH-USDT @ 1787293980
[replaying  54%] replaying BTC-USDT @ 1787294040
[replaying  54%] replaying ETH-USDT @ 1787294040
[replaying  54%] replaying BTC-USDT @ 1787294100
[replaying  54%] replaying ETH-USDT @ 1787294100
[replaying  54%] replaying BTC-USDT @ 1787294160
[replaying  54%] replaying ETH-USDT @ 1787294160
[replaying  54%] replaying BTC-USDT @ 1787294220
[replaying  54%] replaying ETH-USDT @ 1787294220
[replaying  54%] replaying BTC-USDT @ 1787294280
[replaying  54%] replaying ETH-USDT @ 1787294280
[replaying  54%] replaying BTC-USDT @ 1787294340
[replaying  54%] replaying ETH-USDT @ 1787294340
[replaying  54%] replaying BTC-USDT @ 1787294400
[replaying  54%] replaying ETH-USDT @ 1787294400
[replaying  54%] replaying BTC-USDT @ 1787294460
[replaying  54%] replaying ETH-USDT @ 1787294460
[replaying  54%] replaying BTC-USDT @ 1787294520
[replaying  54%] replaying ETH-USDT @ 1787294520
[replaying  54%] replaying BTC-USDT @ 1787294580
[replaying  55%] replaying ETH-USDT @ 1787294580
[replaying  55%] replaying BTC-USDT @ 1787294640
[replaying  55%] replaying ETH-USDT @ 1787294640
[replaying  55%] replaying BTC-USDT @ 1787294700
[replaying  55%] replaying ETH-USDT @ 1787294700
[replaying  55%] replaying BTC-USDT @ 1787294760
[replaying  55%] replaying ETH-USDT @ 1787294760
[replaying  55%] replaying BTC-USDT @ 1787294820
[replaying  55%] replaying ETH-USDT @ 1787294820
[replaying  55%] replaying BTC-USDT @ 1787294880
[replaying  55%] replaying ETH-USDT @ 1787294880
[replaying  55%] replaying BTC-USDT @ 1787294940
[replaying  55%] replaying ETH-USDT @ 1787294940
[replaying  55%] replaying BTC-USDT @ 1787295000
[replaying  55%] replaying ETH-USDT @ 1787295000
[replaying  55%] replaying BTC-USDT @ 1787295060
[replaying  55%] replaying ETH-USDT @ 1787295060
[replaying  55%] replaying BTC-USDT @ 1787295120
[replaying  55%] replaying ETH-USDT @ 1787295120
[replaying  55%] replaying BTC-USDT @ 1787295180
[replaying  55%] replaying ETH-USDT @ 1787295180
[replaying  55%] replaying BTC-USDT @ 1787295240
[replaying  55%] replaying ETH-USDT @ 1787295240
[replaying  55%] replaying BTC-USDT @ 1787295300
[replaying  55%] replaying ETH-USDT @ 1787295300
[replaying  55%] replaying BTC-USDT @ 1787295360
[replaying  55%] replaying ETH-USDT @ 1787295360
[replaying  55%] replaying BTC-USDT @ 1787295420
[replaying  55%] replaying ETH-USDT @ 1787295420
[replaying  55%] replaying BTC-USDT @ 1787295480
[replaying  55%] replaying ETH-USDT @ 1787295480
[replaying  55%] replaying BTC-USDT @ 1787295540
[replaying  55%] replaying ETH-USDT @ 1787295540
[replaying  55%] replaying BTC-USDT @ 1787295600
[replaying  55%] replaying ETH-USDT @ 1787295600
[replaying  55%] replaying BTC-USDT @ 1787295660
[replaying  55%] replaying ETH-USDT @ 1787295660
[replaying  55%] replaying BTC-USDT @ 1787295720
[replaying  55%] replaying ETH-USDT @ 1787295720
[replaying  55%] replaying BTC-USDT @ 1787295780
[replaying  55%] replaying ETH-USDT @ 1787295780
[replaying  55%] replaying BTC-USDT @ 1787295840
[replaying  55%] replaying ETH-USDT @ 1787295840
[replaying  55%] replaying BTC-USDT @ 1787295900
[replaying  55%] replaying ETH-USDT @ 1787295900
[replaying  55%] replaying BTC-USDT @ 1787295960
[replaying  55%] replaying ETH-USDT @ 1787295960
[replaying  55%] replaying BTC-USDT @ 1787296020
[replaying  55%] replaying ETH-USDT @ 1787296020
[replaying  55%] replaying BTC-USDT @ 1787296080
[replaying  55%] replaying ETH-USDT @ 1787296080
[replaying  55%] replaying BTC-USDT @ 1787296140
[replaying  55%] replaying ETH-USDT @ 1787296140
[replaying  55%] replaying BTC-USDT @ 1787296200
[replaying  55%] replaying ETH-USDT @ 1787296200
[replaying  55%] replaying BTC-USDT @ 1787296260
[replaying  55%] replaying ETH-USDT @ 1787296260
[replaying  55%] replaying BTC-USDT @ 1787296320
[replaying  55%] replaying ETH-USDT @ 1787296320
[replaying  55%] replaying BTC-USDT @ 1787296380
[replaying  55%] replaying ETH-USDT @ 1787296380
[replaying  55%] replaying BTC-USDT @ 1787296440
[replaying  55%] replaying ETH-USDT @ 1787296440
[replaying  55%] replaying BTC-USDT @ 1787296500
[replaying  55%] replaying ETH-USDT @ 1787296500
[replaying  55%] replaying BTC-USDT @ 1787296560
[replaying  55%] replaying ETH-USDT @ 1787296560
[replaying  55%] replaying BTC-USDT @ 1787296620
[replaying  55%] replaying ETH-USDT @ 1787296620
[replaying  55%] replaying BTC-USDT @ 1787296680
[replaying  55%] replaying ETH-USDT @ 1787296680
[replaying  55%] replaying BTC-USDT @ 1787296740
[replaying  55%] replaying ETH-USDT @ 1787296740
[replaying  55%] replaying BTC-USDT @ 1787296800
[replaying  55%] replaying ETH-USDT @ 1787296800
[replaying  55%] replaying BTC-USDT @ 1787296860
[replaying  55%] replaying ETH-USDT @ 1787296860
[replaying  55%] replaying BTC-USDT @ 1787296920
[replaying  55%] replaying ETH-USDT @ 1787296920
[replaying  55%] replaying BTC-USDT @ 1787296980
[replaying  55%] replaying ETH-USDT @ 1787296980
[replaying  55%] replaying BTC-USDT @ 1787297040
[replaying  55%] replaying ETH-USDT @ 1787297040
[replaying  55%] replaying BTC-USDT @ 1787297100
[replaying  55%] replaying ETH-USDT @ 1787297100
[replaying  55%] replaying BTC-USDT @ 1787297160
[replaying  55%] replaying ETH-USDT @ 1787297160
[replaying  55%] replaying BTC-USDT @ 1787297220
[replaying  55%] replaying ETH-USDT @ 1787297220
[replaying  55%] replaying BTC-USDT @ 1787297280
[replaying  55%] replaying ETH-USDT @ 1787297280
[replaying  55%] replaying BTC-USDT @ 1787297340
[replaying  55%] replaying ETH-USDT @ 1787297340
[replaying  55%] replaying BTC-USDT @ 1787297400
[replaying  55%] replaying ETH-USDT @ 1787297400
[replaying  55%] replaying BTC-USDT @ 1787297460
[replaying  55%] replaying ETH-USDT @ 1787297460
[replaying  55%] replaying BTC-USDT @ 1787297520
[replaying  55%] replaying ETH-USDT @ 1787297520
[replaying  55%] replaying BTC-USDT @ 1787297580
[replaying  55%] replaying ETH-USDT @ 1787297580
[replaying  55%] replaying BTC-USDT @ 1787297640
[replaying  55%] replaying ETH-USDT @ 1787297640
[replaying  55%] replaying BTC-USDT @ 1787297700
[replaying  55%] replaying ETH-USDT @ 1787297700
[replaying  55%] replaying BTC-USDT @ 1787297760
[replaying  55%] replaying ETH-USDT @ 1787297760
[replaying  55%] replaying BTC-USDT @ 1787297820
[replaying  55%] replaying ETH-USDT @ 1787297820
[replaying  55%] replaying BTC-USDT @ 1787297880
[replaying  55%] replaying ETH-USDT @ 1787297880
[replaying  56%] replaying BTC-USDT @ 1787297940
[replaying  56%] replaying ETH-USDT @ 1787297940
[replaying  56%] replaying BTC-USDT @ 1787298000
[replaying  56%] replaying ETH-USDT @ 1787298000
[replaying  56%] replaying BTC-USDT @ 1787298060
[replaying  56%] replaying ETH-USDT @ 1787298060
[replaying  56%] replaying BTC-USDT @ 1787298120
[replaying  56%] replaying ETH-USDT @ 1787298120
[replaying  56%] replaying BTC-USDT @ 1787298180
[replaying  56%] replaying ETH-USDT @ 1787298180
[replaying  56%] replaying BTC-USDT @ 1787298240
[replaying  56%] replaying ETH-USDT @ 1787298240
[replaying  56%] replaying BTC-USDT @ 1787298300
[replaying  56%] replaying ETH-USDT @ 1787298300
[replaying  56%] replaying BTC-USDT @ 1787298360
[replaying  56%] replaying ETH-USDT @ 1787298360
[replaying  56%] replaying BTC-USDT @ 1787298420
[replaying  56%] replaying ETH-USDT @ 1787298420
[replaying  56%] replaying BTC-USDT @ 1787298480
[replaying  56%] replaying ETH-USDT @ 1787298480
[replaying  56%] replaying BTC-USDT @ 1787298540
[replaying  56%] replaying ETH-USDT @ 1787298540
[replaying  56%] replaying BTC-USDT @ 1787298600
[replaying  56%] replaying ETH-USDT @ 1787298600
[replaying  56%] replaying BTC-USDT @ 1787298660
[replaying  56%] replaying ETH-USDT @ 1787298660
[replaying  56%] replaying BTC-USDT @ 1787298720
[replaying  56%] replaying ETH-USDT @ 1787298720
[replaying  56%] replaying BTC-USDT @ 1787298780
[replaying  56%] replaying ETH-USDT @ 1787298780
[replaying  56%] replaying BTC-USDT @ 1787298840
[replaying  56%] replaying ETH-USDT @ 1787298840
[replaying  56%] replaying BTC-USDT @ 1787298900
[replaying  56%] replaying ETH-USDT @ 1787298900
[replaying  56%] replaying BTC-USDT @ 1787298960
[replaying  56%] replaying ETH-USDT @ 1787298960
[replaying  56%] replaying BTC-USDT @ 1787299020
[replaying  56%] replaying ETH-USDT @ 1787299020
[replaying  56%] replaying BTC-USDT @ 1787299080
[replaying  56%] replaying ETH-USDT @ 1787299080
[replaying  56%] replaying BTC-USDT @ 1787299140
[replaying  56%] replaying ETH-USDT @ 1787299140
[replaying  56%] replaying BTC-USDT @ 1787299200
[replaying  56%] replaying ETH-USDT @ 1787299200
[replaying  56%] replaying BTC-USDT @ 1787299260
[replaying  56%] replaying ETH-USDT @ 1787299260
[replaying  56%] replaying BTC-USDT @ 1787299320
[replaying  56%] replaying ETH-USDT @ 1787299320
[replaying  56%] replaying BTC-USDT @ 1787299380
[replaying  56%] replaying ETH-USDT @ 1787299380
[replaying  56%] replaying BTC-USDT @ 1787299440
[replaying  56%] replaying ETH-USDT @ 1787299440
[replaying  56%] replaying BTC-USDT @ 1787299500
[replaying  56%] replaying ETH-USDT @ 1787299500
[replaying  56%] replaying BTC-USDT @ 1787299560
[replaying  56%] replaying ETH-USDT @ 1787299560
[replaying  56%] replaying BTC-USDT @ 1787299620
[replaying  56%] replaying ETH-USDT @ 1787299620
[replaying  56%] replaying BTC-USDT @ 1787299680
[replaying  56%] replaying ETH-USDT @ 1787299680
[replaying  56%] replaying BTC-USDT @ 1787299740
[replaying  56%] replaying ETH-USDT @ 1787299740
[replaying  56%] replaying BTC-USDT @ 1787299800
[replaying  56%] replaying ETH-USDT @ 1787299800
[replaying  56%] replaying BTC-USDT @ 1787299860
[replaying  56%] replaying ETH-USDT @ 1787299860
[replaying  56%] replaying BTC-USDT @ 1787299920
[replaying  56%] replaying ETH-USDT @ 1787299920
[replaying  56%] replaying BTC-USDT @ 1787299980
[replaying  56%] replaying ETH-USDT @ 1787299980
[replaying  56%] replaying BTC-USDT @ 1787300040
[replaying  56%] replaying ETH-USDT @ 1787300040
[replaying  56%] replaying BTC-USDT @ 1787300100
[replaying  56%] replaying ETH-USDT @ 1787300100
[replaying  56%] replaying BTC-USDT @ 1787300160
[replaying  56%] replaying ETH-USDT @ 1787300160
[replaying  56%] replaying BTC-USDT @ 1787300220
[replaying  56%] replaying ETH-USDT @ 1787300220
[replaying  56%] replaying BTC-USDT @ 1787300280
[replaying  56%] replaying ETH-USDT @ 1787300280
[replaying  56%] replaying BTC-USDT @ 1787300340
[replaying  56%] replaying ETH-USDT @ 1787300340
[replaying  56%] replaying BTC-USDT @ 1787300400
[replaying  56%] replaying ETH-USDT @ 1787300400
[replaying  56%] replaying BTC-USDT @ 1787300460
[replaying  56%] replaying ETH-USDT @ 1787300460
[replaying  56%] replaying BTC-USDT @ 1787300520
[replaying  56%] replaying ETH-USDT @ 1787300520
[replaying  56%] replaying BTC-USDT @ 1787300580
[replaying  56%] replaying ETH-USDT @ 1787300580
[replaying  56%] replaying BTC-USDT @ 1787300640
[replaying  56%] replaying ETH-USDT @ 1787300640
[replaying  56%] replaying BTC-USDT @ 1787300700
[replaying  56%] replaying ETH-USDT @ 1787300700
[replaying  56%] replaying BTC-USDT @ 1787300760
[replaying  56%] replaying ETH-USDT @ 1787300760
[replaying  56%] replaying BTC-USDT @ 1787300820
[replaying  56%] replaying ETH-USDT @ 1787300820
[replaying  56%] replaying BTC-USDT @ 1787300880
[replaying  56%] replaying ETH-USDT @ 1787300880
[replaying  56%] replaying BTC-USDT @ 1787300940
[replaying  56%] replaying ETH-USDT @ 1787300940
[replaying  56%] replaying BTC-USDT @ 1787301000
[replaying  56%] replaying ETH-USDT @ 1787301000
[replaying  56%] replaying BTC-USDT @ 1787301060
[replaying  56%] replaying ETH-USDT @ 1787301060
[replaying  56%] replaying BTC-USDT @ 1787301120
[replaying  56%] replaying ETH-USDT @ 1787301120
[replaying  56%] replaying BTC-USDT @ 1787301180
[replaying  56%] replaying ETH-USDT @ 1787301180
[replaying  56%] replaying BTC-USDT @ 1787301240
[replaying  57%] replaying ETH-USDT @ 1787301240
[replaying  57%] replaying BTC-USDT @ 1787301300
[replaying  57%] replaying ETH-USDT @ 1787301300
[replaying  57%] replaying BTC-USDT @ 1787301360
[replaying  57%] replaying ETH-USDT @ 1787301360
[replaying  57%] replaying BTC-USDT @ 1787301420
[replaying  57%] replaying ETH-USDT @ 1787301420
[replaying  57%] replaying BTC-USDT @ 1787301480
[replaying  57%] replaying ETH-USDT @ 1787301480
[replaying  57%] replaying BTC-USDT @ 1787301540
[replaying  57%] replaying ETH-USDT @ 1787301540
[replaying  57%] replaying BTC-USDT @ 1787301600
[replaying  57%] replaying ETH-USDT @ 1787301600
[replaying  57%] replaying BTC-USDT @ 1787301660
[replaying  57%] replaying ETH-USDT @ 1787301660
[replaying  57%] replaying BTC-USDT @ 1787301720
[replaying  57%] replaying ETH-USDT @ 1787301720
[replaying  57%] replaying BTC-USDT @ 1787301780
[replaying  57%] replaying ETH-USDT @ 1787301780
[replaying  57%] replaying BTC-USDT @ 1787301840
[replaying  57%] replaying ETH-USDT @ 1787301840
[replaying  57%] replaying BTC-USDT @ 1787301900
[replaying  57%] replaying ETH-USDT @ 1787301900
[replaying  57%] replaying BTC-USDT @ 1787301960
[replaying  57%] replaying ETH-USDT @ 1787301960
[replaying  57%] replaying BTC-USDT @ 1787302020
[replaying  57%] replaying ETH-USDT @ 1787302020
[replaying  57%] replaying BTC-USDT @ 1787302080
[replaying  57%] replaying ETH-USDT @ 1787302080
[replaying  57%] replaying BTC-USDT @ 1787302140
[replaying  57%] replaying ETH-USDT @ 1787302140
[replaying  57%] replaying BTC-USDT @ 1787302200
[replaying  57%] replaying ETH-USDT @ 1787302200
[replaying  57%] replaying BTC-USDT @ 1787302260
[replaying  57%] replaying ETH-USDT @ 1787302260
[replaying  57%] replaying BTC-USDT @ 1787302320
[replaying  57%] replaying ETH-USDT @ 1787302320
[replaying  57%] replaying BTC-USDT @ 1787302380
[replaying  57%] replaying ETH-USDT @ 1787302380
[replaying  57%] replaying BTC-USDT @ 1787302440
[replaying  57%] replaying ETH-USDT @ 1787302440
[replaying  57%] replaying BTC-USDT @ 1787302500
[replaying  57%] replaying ETH-USDT @ 1787302500
[replaying  57%] replaying BTC-USDT @ 1787302560
[replaying  57%] replaying ETH-USDT @ 1787302560
[replaying  57%] replaying BTC-USDT @ 1787302620
[replaying  57%] replaying ETH-USDT @ 1787302620
[replaying  57%] replaying BTC-USDT @ 1787302680
[replaying  57%] replaying ETH-USDT @ 1787302680
[replaying  57%] replaying BTC-USDT @ 1787302740
[replaying  57%] replaying ETH-USDT @ 1787302740
[replaying  57%] replaying BTC-USDT @ 1787302800
[replaying  57%] replaying ETH-USDT @ 1787302800
[replaying  57%] replaying BTC-USDT @ 1787302860
[replaying  57%] replaying ETH-USDT @ 1787302860
[replaying  57%] replaying BTC-USDT @ 1787302920
[replaying  57%] replaying ETH-USDT @ 1787302920
[replaying  57%] replaying BTC-USDT @ 1787302980
[replaying  57%] replaying ETH-USDT @ 1787302980
[replaying  57%] replaying BTC-USDT @ 1787303040
[replaying  57%] replaying ETH-USDT @ 1787303040
[replaying  57%] replaying BTC-USDT @ 1787303100
[replaying  57%] replaying ETH-USDT @ 1787303100
[replaying  57%] replaying BTC-USDT @ 1787303160
[replaying  57%] replaying ETH-USDT @ 1787303160
[replaying  57%] replaying BTC-USDT @ 1787303220
[replaying  57%] replaying ETH-USDT @ 1787303220
[replaying  57%] replaying BTC-USDT @ 1787303280
[replaying  57%] replaying ETH-USDT @ 1787303280
[replaying  57%] replaying BTC-USDT @ 1787303340
[replaying  57%] replaying ETH-USDT @ 1787303340
[replaying  57%] replaying BTC-USDT @ 1787303400
[replaying  57%] replaying ETH-USDT @ 1787303400
[replaying  57%] replaying BTC-USDT @ 1787303460
[replaying  57%] replaying ETH-USDT @ 1787303460
[replaying  57%] replaying BTC-USDT @ 1787303520
[replaying  57%] replaying ETH-USDT @ 1787303520
[replaying  57%] replaying BTC-USDT @ 1787303580
[replaying  57%] replaying ETH-USDT @ 1787303580
[replaying  57%] replaying BTC-USDT @ 1787303640
[replaying  57%] replaying ETH-USDT @ 1787303640
[replaying  57%] replaying BTC-USDT @ 1787303700
[replaying  57%] replaying ETH-USDT @ 1787303700
[replaying  57%] replaying BTC-USDT @ 1787303760
[replaying  57%] replaying ETH-USDT @ 1787303760
[replaying  57%] replaying BTC-USDT @ 1787303820
[replaying  57%] replaying ETH-USDT @ 1787303820
[replaying  57%] replaying BTC-USDT @ 1787303880
[replaying  57%] replaying ETH-USDT @ 1787303880
[replaying  57%] replaying BTC-USDT @ 1787303940
[replaying  57%] replaying ETH-USDT @ 1787303940
[replaying  57%] replaying BTC-USDT @ 1787304000
[replaying  57%] replaying ETH-USDT @ 1787304000
[replaying  57%] replaying BTC-USDT @ 1787304060
[replaying  57%] replaying ETH-USDT @ 1787304060
[replaying  57%] replaying BTC-USDT @ 1787304120
[replaying  57%] replaying ETH-USDT @ 1787304120
[replaying  57%] replaying BTC-USDT @ 1787304180
[replaying  57%] replaying ETH-USDT @ 1787304180
[replaying  57%] replaying BTC-USDT @ 1787304240
[replaying  57%] replaying ETH-USDT @ 1787304240
[replaying  57%] replaying BTC-USDT @ 1787304300
[replaying  57%] replaying ETH-USDT @ 1787304300
[replaying  57%] replaying BTC-USDT @ 1787304360
[replaying  57%] replaying ETH-USDT @ 1787304360
[replaying  57%] replaying BTC-USDT @ 1787304420
[replaying  57%] replaying ETH-USDT @ 1787304420
[replaying  57%] replaying BTC-USDT @ 1787304480
[replaying  57%] replaying ETH-USDT @ 1787304480
[replaying  57%] replaying BTC-USDT @ 1787304540
[replaying  57%] replaying ETH-USDT @ 1787304540
[replaying  57%] replaying BTC-USDT @ 1787304600
[replaying  58%] replaying ETH-USDT @ 1787304600
[replaying  58%] replaying BTC-USDT @ 1787304660
[replaying  58%] replaying ETH-USDT @ 1787304660
[replaying  58%] replaying BTC-USDT @ 1787304720
[replaying  58%] replaying ETH-USDT @ 1787304720
[replaying  58%] replaying BTC-USDT @ 1787304780
[replaying  58%] replaying ETH-USDT @ 1787304780
[replaying  58%] replaying BTC-USDT @ 1787304840
[replaying  58%] replaying ETH-USDT @ 1787304840
[replaying  58%] replaying BTC-USDT @ 1787304900
[replaying  58%] replaying ETH-USDT @ 1787304900
[replaying  58%] replaying BTC-USDT @ 1787304960
[replaying  58%] replaying ETH-USDT @ 1787304960
[replaying  58%] replaying BTC-USDT @ 1787305020
[replaying  58%] replaying ETH-USDT @ 1787305020
[replaying  58%] replaying BTC-USDT @ 1787305080
[replaying  58%] replaying ETH-USDT @ 1787305080
[replaying  58%] replaying BTC-USDT @ 1787305140
[replaying  58%] replaying ETH-USDT @ 1787305140
[replaying  58%] replaying BTC-USDT @ 1787305200
[replaying  58%] replaying ETH-USDT @ 1787305200
[replaying  58%] replaying BTC-USDT @ 1787305260
[replaying  58%] replaying ETH-USDT @ 1787305260
[replaying  58%] replaying BTC-USDT @ 1787305320
[replaying  58%] replaying ETH-USDT @ 1787305320
[replaying  58%] replaying BTC-USDT @ 1787305380
[replaying  58%] replaying ETH-USDT @ 1787305380
[replaying  58%] replaying BTC-USDT @ 1787305440
[replaying  58%] replaying ETH-USDT @ 1787305440
[replaying  58%] replaying BTC-USDT @ 1787305500
[replaying  58%] replaying ETH-USDT @ 1787305500
[replaying  58%] replaying BTC-USDT @ 1787305560
[replaying  58%] replaying ETH-USDT @ 1787305560
[replaying  58%] replaying BTC-USDT @ 1787305620
[replaying  58%] replaying ETH-USDT @ 1787305620
[replaying  58%] replaying BTC-USDT @ 1787305680
[replaying  58%] replaying ETH-USDT @ 1787305680
[replaying  58%] replaying BTC-USDT @ 1787305740
[replaying  58%] replaying ETH-USDT @ 1787305740
[replaying  58%] replaying BTC-USDT @ 1787305800
[replaying  58%] replaying ETH-USDT @ 1787305800
[replaying  58%] replaying BTC-USDT @ 1787305860
[replaying  58%] replaying ETH-USDT @ 1787305860
[replaying  58%] replaying BTC-USDT @ 1787305920
[replaying  58%] replaying ETH-USDT @ 1787305920
[replaying  58%] replaying BTC-USDT @ 1787305980
[replaying  58%] replaying ETH-USDT @ 1787305980
[replaying  58%] replaying BTC-USDT @ 1787306040
[replaying  58%] replaying ETH-USDT @ 1787306040
[replaying  58%] replaying BTC-USDT @ 1787306100
[replaying  58%] replaying ETH-USDT @ 1787306100
[replaying  58%] replaying BTC-USDT @ 1787306160
[replaying  58%] replaying ETH-USDT @ 1787306160
[replaying  58%] replaying BTC-USDT @ 1787306220
[replaying  58%] replaying ETH-USDT @ 1787306220
[replaying  58%] replaying BTC-USDT @ 1787306280
[replaying  58%] replaying ETH-USDT @ 1787306280
[replaying  58%] replaying BTC-USDT @ 1787306340
[replaying  58%] replaying ETH-USDT @ 1787306340
[replaying  58%] replaying BTC-USDT @ 1787306400
[replaying  58%] replaying ETH-USDT @ 1787306400
[replaying  58%] replaying BTC-USDT @ 1787306460
[replaying  58%] replaying ETH-USDT @ 1787306460
[replaying  58%] replaying BTC-USDT @ 1787306520
[replaying  58%] replaying ETH-USDT @ 1787306520
[replaying  58%] replaying BTC-USDT @ 1787306580
[replaying  58%] replaying ETH-USDT @ 1787306580
[replaying  58%] replaying BTC-USDT @ 1787306640
[replaying  58%] replaying ETH-USDT @ 1787306640
[replaying  58%] replaying BTC-USDT @ 1787306700
[replaying  58%] replaying ETH-USDT @ 1787306700
[replaying  58%] replaying BTC-USDT @ 1787306760
[replaying  58%] replaying ETH-USDT @ 1787306760
[replaying  58%] replaying BTC-USDT @ 1787306820
[replaying  58%] replaying ETH-USDT @ 1787306820
[replaying  58%] replaying BTC-USDT @ 1787306880
[replaying  58%] replaying ETH-USDT @ 1787306880
[replaying  58%] replaying BTC-USDT @ 1787306940
[replaying  58%] replaying ETH-USDT @ 1787306940
[replaying  58%] replaying BTC-USDT @ 1787307000
[replaying  58%] replaying ETH-USDT @ 1787307000
[replaying  58%] replaying BTC-USDT @ 1787307060
[replaying  58%] replaying ETH-USDT @ 1787307060
[replaying  58%] replaying BTC-USDT @ 1787307120
[replaying  58%] replaying ETH-USDT @ 1787307120
[replaying  58%] replaying BTC-USDT @ 1787307180
[replaying  58%] replaying ETH-USDT @ 1787307180
[replaying  58%] replaying BTC-USDT @ 1787307240
[replaying  58%] replaying ETH-USDT @ 1787307240
[replaying  58%] replaying BTC-USDT @ 1787307300
[replaying  58%] replaying ETH-USDT @ 1787307300
[replaying  58%] replaying BTC-USDT @ 1787307360
[replaying  58%] replaying ETH-USDT @ 1787307360
[replaying  58%] replaying BTC-USDT @ 1787307420
[replaying  58%] replaying ETH-USDT @ 1787307420
[replaying  58%] replaying BTC-USDT @ 1787307480
[replaying  58%] replaying ETH-USDT @ 1787307480
[replaying  58%] replaying BTC-USDT @ 1787307540
[replaying  58%] replaying ETH-USDT @ 1787307540
[replaying  58%] replaying BTC-USDT @ 1787307600
[replaying  58%] replaying ETH-USDT @ 1787307600
[replaying  58%] replaying BTC-USDT @ 1787307660
[replaying  58%] replaying ETH-USDT @ 1787307660
[replaying  58%] replaying BTC-USDT @ 1787307720
[replaying  58%] replaying ETH-USDT @ 1787307720
[replaying  58%] replaying BTC-USDT @ 1787307780
[replaying  58%] replaying ETH-USDT @ 1787307780
[replaying  58%] replaying BTC-USDT @ 1787307840
[replaying  58%] replaying ETH-USDT @ 1787307840
[replaying  58%] replaying BTC-USDT @ 1787307900
[replaying  58%] replaying ETH-USDT @ 1787307900
[replaying  59%] replaying BTC-USDT @ 1787307960
[replaying  59%] replaying ETH-USDT @ 1787307960
[replaying  59%] replaying BTC-USDT @ 1787308020
[replaying  59%] replaying ETH-USDT @ 1787308020
[replaying  59%] replaying BTC-USDT @ 1787308080
[replaying  59%] replaying ETH-USDT @ 1787308080
[replaying  59%] replaying BTC-USDT @ 1787308140
[replaying  59%] replaying ETH-USDT @ 1787308140
[replaying  59%] replaying BTC-USDT @ 1787308200
[replaying  59%] replaying ETH-USDT @ 1787308200
[replaying  59%] replaying BTC-USDT @ 1787308260
[replaying  59%] replaying ETH-USDT @ 1787308260
[replaying  59%] replaying BTC-USDT @ 1787308320
[replaying  59%] replaying ETH-USDT @ 1787308320
[replaying  59%] replaying BTC-USDT @ 1787308380
[replaying  59%] replaying ETH-USDT @ 1787308380
[replaying  59%] replaying BTC-USDT @ 1787308440
[replaying  59%] replaying ETH-USDT @ 1787308440
[replaying  59%] replaying BTC-USDT @ 1787308500
[replaying  59%] replaying ETH-USDT @ 1787308500
[replaying  59%] replaying BTC-USDT @ 1787308560
[replaying  59%] replaying ETH-USDT @ 1787308560
[replaying  59%] replaying BTC-USDT @ 1787308620
[replaying  59%] replaying ETH-USDT @ 1787308620
[replaying  59%] replaying BTC-USDT @ 1787308680
[replaying  59%] replaying ETH-USDT @ 1787308680
[replaying  59%] replaying BTC-USDT @ 1787308740
[replaying  59%] replaying ETH-USDT @ 1787308740
[replaying  59%] replaying BTC-USDT @ 1787308800
[replaying  59%] replaying ETH-USDT @ 1787308800
[replaying  59%] replaying BTC-USDT @ 1787308860
[replaying  59%] replaying ETH-USDT @ 1787308860
[replaying  59%] replaying BTC-USDT @ 1787308920
[replaying  59%] replaying ETH-USDT @ 1787308920
[replaying  59%] replaying BTC-USDT @ 1787308980
[replaying  59%] replaying ETH-USDT @ 1787308980
[replaying  59%] replaying BTC-USDT @ 1787309040
[replaying  59%] replaying ETH-USDT @ 1787309040
[replaying  59%] replaying BTC-USDT @ 1787309100
[replaying  59%] replaying ETH-USDT @ 1787309100
[replaying  59%] replaying BTC-USDT @ 1787309160
[replaying  59%] replaying ETH-USDT @ 1787309160
[replaying  59%] replaying BTC-USDT @ 1787309220
[replaying  59%] replaying ETH-USDT @ 1787309220
[replaying  59%] replaying BTC-USDT @ 1787309280
[replaying  59%] replaying ETH-USDT @ 1787309280
[replaying  59%] replaying BTC-USDT @ 1787309340
[replaying  59%] replaying ETH-USDT @ 1787309340
[replaying  59%] replaying BTC-USDT @ 1787309400
[replaying  59%] replaying ETH-USDT @ 1787309400
[replaying  59%] replaying BTC-USDT @ 1787309460
[replaying  59%] replaying ETH-USDT @ 1787309460
[replaying  59%] replaying BTC-USDT @ 1787309520
[replaying  59%] replaying ETH-USDT @ 1787309520
[replaying  59%] replaying BTC-USDT @ 1787309580
[replaying  59%] replaying ETH-USDT @ 1787309580
[replaying  59%] replaying BTC-USDT @ 1787309640
[replaying  59%] replaying ETH-USDT @ 1787309640
[replaying  59%] replaying BTC-USDT @ 1787309700
[replaying  59%] replaying ETH-USDT @ 1787309700
[replaying  59%] replaying BTC-USDT @ 1787309760
[replaying  59%] replaying ETH-USDT @ 1787309760
[replaying  59%] replaying BTC-USDT @ 1787309820
[replaying  59%] replaying ETH-USDT @ 1787309820
[replaying  59%] replaying BTC-USDT @ 1787309880
[replaying  59%] replaying ETH-USDT @ 1787309880
[replaying  59%] replaying BTC-USDT @ 1787309940
[replaying  59%] replaying ETH-USDT @ 1787309940
[replaying  59%] replaying BTC-USDT @ 1787310000
[replaying  59%] replaying ETH-USDT @ 1787310000
[replaying  59%] replaying BTC-USDT @ 1787310060
[replaying  59%] replaying ETH-USDT @ 1787310060
[replaying  59%] replaying BTC-USDT @ 1787310120
[replaying  59%] replaying ETH-USDT @ 1787310120
[replaying  59%] replaying BTC-USDT @ 1787310180
[replaying  59%] replaying ETH-USDT @ 1787310180
[replaying  59%] replaying BTC-USDT @ 1787310240
[replaying  59%] replaying ETH-USDT @ 1787310240
[replaying  59%] replaying BTC-USDT @ 1787310300
[replaying  59%] replaying ETH-USDT @ 1787310300
[replaying  59%] replaying BTC-USDT @ 1787310360
[replaying  59%] replaying ETH-USDT @ 1787310360
[replaying  59%] replaying BTC-USDT @ 1787310420
[replaying  59%] replaying ETH-USDT @ 1787310420
[replaying  59%] replaying BTC-USDT @ 1787310480
[replaying  59%] replaying ETH-USDT @ 1787310480
[replaying  59%] replaying BTC-USDT @ 1787310540
[replaying  59%] replaying ETH-USDT @ 1787310540
[replaying  59%] replaying BTC-USDT @ 1787310600
[replaying  59%] replaying ETH-USDT @ 1787310600
[replaying  59%] replaying BTC-USDT @ 1787310660
[replaying  59%] replaying ETH-USDT @ 1787310660
[replaying  59%] replaying BTC-USDT @ 1787310720
[replaying  59%] replaying ETH-USDT @ 1787310720
[replaying  59%] replaying BTC-USDT @ 1787310780
[replaying  59%] replaying ETH-USDT @ 1787310780
[replaying  59%] replaying BTC-USDT @ 1787310840
[replaying  59%] replaying ETH-USDT @ 1787310840
[replaying  59%] replaying BTC-USDT @ 1787310900
[replaying  59%] replaying ETH-USDT @ 1787310900
[replaying  59%] replaying BTC-USDT @ 1787310960
[replaying  59%] replaying ETH-USDT @ 1787310960
[replaying  59%] replaying BTC-USDT @ 1787311020
[replaying  59%] replaying ETH-USDT @ 1787311020
[replaying  59%] replaying BTC-USDT @ 1787311080
[replaying  59%] replaying ETH-USDT @ 1787311080
[replaying  59%] replaying BTC-USDT @ 1787311140
[replaying  59%] replaying ETH-USDT @ 1787311140
[replaying  59%] replaying BTC-USDT @ 1787311200
[replaying  59%] replaying ETH-USDT @ 1787311200
[replaying  59%] replaying BTC-USDT @ 1787311260
[replaying  60%] replaying ETH-USDT @ 1787311260
[replaying  60%] replaying BTC-USDT @ 1787311320
[replaying  60%] replaying ETH-USDT @ 1787311320
[replaying  60%] replaying BTC-USDT @ 1787311380
[replaying  60%] replaying ETH-USDT @ 1787311380
[replaying  60%] replaying BTC-USDT @ 1787311440
[replaying  60%] replaying ETH-USDT @ 1787311440
[replaying  60%] replaying BTC-USDT @ 1787311500
[replaying  60%] replaying ETH-USDT @ 1787311500
[replaying  60%] replaying BTC-USDT @ 1787311560
[replaying  60%] replaying ETH-USDT @ 1787311560
[replaying  60%] replaying BTC-USDT @ 1787311620
[replaying  60%] replaying ETH-USDT @ 1787311620
[replaying  60%] replaying BTC-USDT @ 1787311680
[replaying  60%] replaying ETH-USDT @ 1787311680
[replaying  60%] replaying BTC-USDT @ 1787311740
[replaying  60%] replaying ETH-USDT @ 1787311740
[replaying  60%] replaying BTC-USDT @ 1787311800
[replaying  60%] replaying ETH-USDT @ 1787311800
[replaying  60%] replaying BTC-USDT @ 1787311860
[replaying  60%] replaying ETH-USDT @ 1787311860
[replaying  60%] replaying BTC-USDT @ 1787311920
[replaying  60%] replaying ETH-USDT @ 1787311920
[replaying  60%] replaying BTC-USDT @ 1787311980
[replaying  60%] replaying ETH-USDT @ 1787311980
[replaying  60%] replaying BTC-USDT @ 1787312040
[replaying  60%] replaying ETH-USDT @ 1787312040
[replaying  60%] replaying BTC-USDT @ 1787312100
[replaying  60%] replaying ETH-USDT @ 1787312100
[replaying  60%] replaying BTC-USDT @ 1787312160
[replaying  60%] replaying ETH-USDT @ 1787312160
[replaying  60%] replaying BTC-USDT @ 1787312220
[replaying  60%] replaying ETH-USDT @ 1787312220
[replaying  60%] replaying BTC-USDT @ 1787312280
[replaying  60%] replaying ETH-USDT @ 1787312280
[replaying  60%] replaying BTC-USDT @ 1787312340
[replaying  60%] replaying ETH-USDT @ 1787312340
[replaying  60%] replaying BTC-USDT @ 1787312400
[replaying  60%] replaying ETH-USDT @ 1787312400
[replaying  60%] replaying BTC-USDT @ 1787312460
[replaying  60%] replaying ETH-USDT @ 1787312460
[replaying  60%] replaying BTC-USDT @ 1787312520
[replaying  60%] replaying ETH-USDT @ 1787312520
[replaying  60%] replaying BTC-USDT @ 1787312580
[replaying  60%] replaying ETH-USDT @ 1787312580
[replaying  60%] replaying BTC-USDT @ 1787312640
[replaying  60%] replaying ETH-USDT @ 1787312640
[replaying  60%] replaying BTC-USDT @ 1787312700
[replaying  60%] replaying ETH-USDT @ 1787312700
[replaying  60%] replaying BTC-USDT @ 1787312760
[replaying  60%] replaying ETH-USDT @ 1787312760
[replaying  60%] replaying BTC-USDT @ 1787312820
[replaying  60%] replaying ETH-USDT @ 1787312820
[replaying  60%] replaying BTC-USDT @ 1787312880
[replaying  60%] replaying ETH-USDT @ 1787312880
[replaying  60%] replaying BTC-USDT @ 1787312940
[replaying  60%] replaying ETH-USDT @ 1787312940
[replaying  60%] replaying BTC-USDT @ 1787313000
[replaying  60%] replaying ETH-USDT @ 1787313000
[replaying  60%] replaying BTC-USDT @ 1787313060
[replaying  60%] replaying ETH-USDT @ 1787313060
[replaying  60%] replaying BTC-USDT @ 1787313120
[replaying  60%] replaying ETH-USDT @ 1787313120
[replaying  60%] replaying BTC-USDT @ 1787313180
[replaying  60%] replaying ETH-USDT @ 1787313180
[replaying  60%] replaying BTC-USDT @ 1787313240
[replaying  60%] replaying ETH-USDT @ 1787313240
[replaying  60%] replaying BTC-USDT @ 1787313300
[replaying  60%] replaying ETH-USDT @ 1787313300
[replaying  60%] replaying BTC-USDT @ 1787313360
[replaying  60%] replaying ETH-USDT @ 1787313360
[replaying  60%] replaying BTC-USDT @ 1787313420
[replaying  60%] replaying ETH-USDT @ 1787313420
[replaying  60%] replaying BTC-USDT @ 1787313480
[replaying  60%] replaying ETH-USDT @ 1787313480
[replaying  60%] replaying BTC-USDT @ 1787313540
[replaying  60%] replaying ETH-USDT @ 1787313540
[replaying  60%] replaying BTC-USDT @ 1787313600
[replaying  60%] replaying ETH-USDT @ 1787313600
[replaying  60%] replaying BTC-USDT @ 1787313660
[replaying  60%] replaying ETH-USDT @ 1787313660
[replaying  60%] replaying BTC-USDT @ 1787313720
[replaying  60%] replaying ETH-USDT @ 1787313720
[replaying  60%] replaying BTC-USDT @ 1787313780
[replaying  60%] replaying ETH-USDT @ 1787313780
[replaying  60%] replaying BTC-USDT @ 1787313840
[replaying  60%] replaying ETH-USDT @ 1787313840
[replaying  60%] replaying BTC-USDT @ 1787313900
[replaying  60%] replaying ETH-USDT @ 1787313900
[replaying  60%] replaying BTC-USDT @ 1787313960
[replaying  60%] replaying ETH-USDT @ 1787313960
[replaying  60%] replaying BTC-USDT @ 1787314020
[replaying  60%] replaying ETH-USDT @ 1787314020
[replaying  60%] replaying BTC-USDT @ 1787314080
[replaying  60%] replaying ETH-USDT @ 1787314080
[replaying  60%] replaying BTC-USDT @ 1787314140
[replaying  60%] replaying ETH-USDT @ 1787314140
[replaying  60%] replaying BTC-USDT @ 1787314200
[replaying  60%] replaying ETH-USDT @ 1787314200
[replaying  60%] replaying BTC-USDT @ 1787314260
[replaying  60%] replaying ETH-USDT @ 1787314260
[replaying  60%] replaying BTC-USDT @ 1787314320
[replaying  60%] replaying ETH-USDT @ 1787314320
[replaying  60%] replaying BTC-USDT @ 1787314380
[replaying  60%] replaying ETH-USDT @ 1787314380
[replaying  60%] replaying BTC-USDT @ 1787314440
[replaying  60%] replaying ETH-USDT @ 1787314440
[replaying  60%] replaying BTC-USDT @ 1787314500
[replaying  60%] replaying ETH-USDT @ 1787314500
[replaying  60%] replaying BTC-USDT @ 1787314560
[replaying  60%] replaying ETH-USDT @ 1787314560
[replaying  60%] replaying BTC-USDT @ 1787314620
[replaying  61%] replaying ETH-USDT @ 1787314620
[replaying  61%] replaying BTC-USDT @ 1787314680
[replaying  61%] replaying ETH-USDT @ 1787314680
[replaying  61%] replaying BTC-USDT @ 1787314740
[replaying  61%] replaying ETH-USDT @ 1787314740
[replaying  61%] replaying BTC-USDT @ 1787314800
[replaying  61%] replaying ETH-USDT @ 1787314800
[replaying  61%] replaying BTC-USDT @ 1787314860
[replaying  61%] replaying ETH-USDT @ 1787314860
[replaying  61%] replaying BTC-USDT @ 1787314920
[replaying  61%] replaying ETH-USDT @ 1787314920
[replaying  61%] replaying BTC-USDT @ 1787314980
[replaying  61%] replaying ETH-USDT @ 1787314980
[replaying  61%] replaying BTC-USDT @ 1787315040
[replaying  61%] replaying ETH-USDT @ 1787315040
[replaying  61%] replaying BTC-USDT @ 1787315100
[replaying  61%] replaying ETH-USDT @ 1787315100
[replaying  61%] replaying BTC-USDT @ 1787315160
[replaying  61%] replaying ETH-USDT @ 1787315160
[replaying  61%] replaying BTC-USDT @ 1787315220
[replaying  61%] replaying ETH-USDT @ 1787315220
[replaying  61%] replaying BTC-USDT @ 1787315280
[replaying  61%] replaying ETH-USDT @ 1787315280
[replaying  61%] replaying BTC-USDT @ 1787315340
[replaying  61%] replaying ETH-USDT @ 1787315340
[replaying  61%] replaying BTC-USDT @ 1787315400
[replaying  61%] replaying ETH-USDT @ 1787315400
[replaying  61%] replaying BTC-USDT @ 1787315460
[replaying  61%] replaying ETH-USDT @ 1787315460
[replaying  61%] replaying BTC-USDT @ 1787315520
[replaying  61%] replaying ETH-USDT @ 1787315520
[replaying  61%] replaying BTC-USDT @ 1787315580
[replaying  61%] replaying ETH-USDT @ 1787315580
[replaying  61%] replaying BTC-USDT @ 1787315640
[replaying  61%] replaying ETH-USDT @ 1787315640
[replaying  61%] replaying BTC-USDT @ 1787315700
[replaying  61%] replaying ETH-USDT @ 1787315700
[replaying  61%] replaying BTC-USDT @ 1787315760
[replaying  61%] replaying ETH-USDT @ 1787315760
[replaying  61%] replaying BTC-USDT @ 1787315820
[replaying  61%] replaying ETH-USDT @ 1787315820
[replaying  61%] replaying BTC-USDT @ 1787315880
[replaying  61%] replaying ETH-USDT @ 1787315880
[replaying  61%] replaying BTC-USDT @ 1787315940
[replaying  61%] replaying ETH-USDT @ 1787315940
[replaying  61%] replaying BTC-USDT @ 1787316000
[replaying  61%] replaying ETH-USDT @ 1787316000
[replaying  61%] replaying BTC-USDT @ 1787316060
[replaying  61%] replaying ETH-USDT @ 1787316060
[replaying  61%] replaying BTC-USDT @ 1787316120
[replaying  61%] replaying ETH-USDT @ 1787316120
[replaying  61%] replaying BTC-USDT @ 1787316180
[replaying  61%] replaying ETH-USDT @ 1787316180
[replaying  61%] replaying BTC-USDT @ 1787316240
[replaying  61%] replaying ETH-USDT @ 1787316240
[replaying  61%] replaying BTC-USDT @ 1787316300
[replaying  61%] replaying ETH-USDT @ 1787316300
[replaying  61%] replaying BTC-USDT @ 1787316360
[replaying  61%] replaying ETH-USDT @ 1787316360
[replaying  61%] replaying BTC-USDT @ 1787316420
[replaying  61%] replaying ETH-USDT @ 1787316420
[replaying  61%] replaying BTC-USDT @ 1787316480
[replaying  61%] replaying ETH-USDT @ 1787316480
[replaying  61%] replaying BTC-USDT @ 1787316540
[replaying  61%] replaying ETH-USDT @ 1787316540
[replaying  61%] replaying BTC-USDT @ 1787316600
[replaying  61%] replaying ETH-USDT @ 1787316600
[replaying  61%] replaying BTC-USDT @ 1787316660
[replaying  61%] replaying ETH-USDT @ 1787316660
[replaying  61%] replaying BTC-USDT @ 1787316720
[replaying  61%] replaying ETH-USDT @ 1787316720
[replaying  61%] replaying BTC-USDT @ 1787316780
[replaying  61%] replaying ETH-USDT @ 1787316780
[replaying  61%] replaying BTC-USDT @ 1787316840
[replaying  61%] replaying ETH-USDT @ 1787316840
[replaying  61%] replaying BTC-USDT @ 1787316900
[replaying  61%] replaying ETH-USDT @ 1787316900
[replaying  61%] replaying BTC-USDT @ 1787316960
[replaying  61%] replaying ETH-USDT @ 1787316960
[replaying  61%] replaying BTC-USDT @ 1787317020
[replaying  61%] replaying ETH-USDT @ 1787317020
[replaying  61%] replaying BTC-USDT @ 1787317080
[replaying  61%] replaying ETH-USDT @ 1787317080
[replaying  61%] replaying BTC-USDT @ 1787317140
[replaying  61%] replaying ETH-USDT @ 1787317140
[replaying  61%] replaying BTC-USDT @ 1787317200
[replaying  61%] replaying ETH-USDT @ 1787317200
[replaying  61%] replaying BTC-USDT @ 1787317260
[replaying  61%] replaying ETH-USDT @ 1787317260
[replaying  61%] replaying BTC-USDT @ 1787317320
[replaying  61%] replaying ETH-USDT @ 1787317320
[replaying  61%] replaying BTC-USDT @ 1787317380
[replaying  61%] replaying ETH-USDT @ 1787317380
[replaying  61%] replaying BTC-USDT @ 1787317440
[replaying  61%] replaying ETH-USDT @ 1787317440
[replaying  61%] replaying BTC-USDT @ 1787317500
[replaying  61%] replaying ETH-USDT @ 1787317500
[replaying  61%] replaying BTC-USDT @ 1787317560
[replaying  61%] replaying ETH-USDT @ 1787317560
[replaying  61%] replaying BTC-USDT @ 1787317620
[replaying  61%] replaying ETH-USDT @ 1787317620
[replaying  61%] replaying BTC-USDT @ 1787317680
[replaying  61%] replaying ETH-USDT @ 1787317680
[replaying  61%] replaying BTC-USDT @ 1787317740
[replaying  61%] replaying ETH-USDT @ 1787317740
[replaying  61%] replaying BTC-USDT @ 1787317800
[replaying  61%] replaying ETH-USDT @ 1787317800
[replaying  61%] replaying BTC-USDT @ 1787317860
[replaying  61%] replaying ETH-USDT @ 1787317860
[replaying  61%] replaying BTC-USDT @ 1787317920
[replaying  61%] replaying ETH-USDT @ 1787317920
[replaying  62%] replaying BTC-USDT @ 1787317980
[replaying  62%] replaying ETH-USDT @ 1787317980
[replaying  62%] replaying BTC-USDT @ 1787318040
[replaying  62%] replaying ETH-USDT @ 1787318040
[replaying  62%] replaying BTC-USDT @ 1787318100
[replaying  62%] replaying ETH-USDT @ 1787318100
[replaying  62%] replaying BTC-USDT @ 1787318160
[replaying  62%] replaying ETH-USDT @ 1787318160
[replaying  62%] replaying BTC-USDT @ 1787318220
[replaying  62%] replaying ETH-USDT @ 1787318220
[replaying  62%] replaying BTC-USDT @ 1787318280
[replaying  62%] replaying ETH-USDT @ 1787318280
[replaying  62%] replaying BTC-USDT @ 1787318340
[replaying  62%] replaying ETH-USDT @ 1787318340
[replaying  62%] replaying BTC-USDT @ 1787318400
[replaying  62%] replaying ETH-USDT @ 1787318400
[replaying  62%] replaying BTC-USDT @ 1787318460
[replaying  62%] replaying ETH-USDT @ 1787318460
[replaying  62%] replaying BTC-USDT @ 1787318520
[replaying  62%] replaying ETH-USDT @ 1787318520
[replaying  62%] replaying BTC-USDT @ 1787318580
[replaying  62%] replaying ETH-USDT @ 1787318580
[replaying  62%] replaying BTC-USDT @ 1787318640
[replaying  62%] replaying ETH-USDT @ 1787318640
[replaying  62%] replaying BTC-USDT @ 1787318700
[replaying  62%] replaying ETH-USDT @ 1787318700
[replaying  62%] replaying BTC-USDT @ 1787318760
[replaying  62%] replaying ETH-USDT @ 1787318760
[replaying  62%] replaying BTC-USDT @ 1787318820
[replaying  62%] replaying ETH-USDT @ 1787318820
[replaying  62%] replaying BTC-USDT @ 1787318880
[replaying  62%] replaying ETH-USDT @ 1787318880
[replaying  62%] replaying BTC-USDT @ 1787318940
[replaying  62%] replaying ETH-USDT @ 1787318940
[replaying  62%] replaying BTC-USDT @ 1787319000
[replaying  62%] replaying ETH-USDT @ 1787319000
[replaying  62%] replaying BTC-USDT @ 1787319060
[replaying  62%] replaying ETH-USDT @ 1787319060
[replaying  62%] replaying BTC-USDT @ 1787319120
[replaying  62%] replaying ETH-USDT @ 1787319120
[replaying  62%] replaying BTC-USDT @ 1787319180
[replaying  62%] replaying ETH-USDT @ 1787319180
[replaying  62%] replaying BTC-USDT @ 1787319240
[replaying  62%] replaying ETH-USDT @ 1787319240
[replaying  62%] replaying BTC-USDT @ 1787319300
[replaying  62%] replaying ETH-USDT @ 1787319300
[replaying  62%] replaying BTC-USDT @ 1787319360
[replaying  62%] replaying ETH-USDT @ 1787319360
[replaying  62%] replaying BTC-USDT @ 1787319420
[replaying  62%] replaying ETH-USDT @ 1787319420
[replaying  62%] replaying BTC-USDT @ 1787319480
[replaying  62%] replaying ETH-USDT @ 1787319480
[replaying  62%] replaying BTC-USDT @ 1787319540
[replaying  62%] replaying ETH-USDT @ 1787319540
[replaying  62%] replaying BTC-USDT @ 1787319600
[replaying  62%] replaying ETH-USDT @ 1787319600
[replaying  62%] replaying BTC-USDT @ 1787319660
[replaying  62%] replaying ETH-USDT @ 1787319660
[replaying  62%] replaying BTC-USDT @ 1787319720
[replaying  62%] replaying ETH-USDT @ 1787319720
[replaying  62%] replaying BTC-USDT @ 1787319780
[replaying  62%] replaying ETH-USDT @ 1787319780
[replaying  62%] replaying BTC-USDT @ 1787319840
[replaying  62%] replaying ETH-USDT @ 1787319840
[replaying  62%] replaying BTC-USDT @ 1787319900
[replaying  62%] replaying ETH-USDT @ 1787319900
[replaying  62%] replaying BTC-USDT @ 1787319960
[replaying  62%] replaying ETH-USDT @ 1787319960
[replaying  62%] replaying BTC-USDT @ 1787320020
[replaying  62%] replaying ETH-USDT @ 1787320020
[replaying  62%] replaying BTC-USDT @ 1787320080
[replaying  62%] replaying ETH-USDT @ 1787320080
[replaying  62%] replaying BTC-USDT @ 1787320140
[replaying  62%] replaying ETH-USDT @ 1787320140
[replaying  62%] replaying BTC-USDT @ 1787320200
[replaying  62%] replaying ETH-USDT @ 1787320200
[replaying  62%] replaying BTC-USDT @ 1787320260
[replaying  62%] replaying ETH-USDT @ 1787320260
[replaying  62%] replaying BTC-USDT @ 1787320320
[replaying  62%] replaying ETH-USDT @ 1787320320
[replaying  62%] replaying BTC-USDT @ 1787320380
[replaying  62%] replaying ETH-USDT @ 1787320380
[replaying  62%] replaying BTC-USDT @ 1787320440
[replaying  62%] replaying ETH-USDT @ 1787320440
[replaying  62%] replaying BTC-USDT @ 1787320500
[replaying  62%] replaying ETH-USDT @ 1787320500
[replaying  62%] replaying BTC-USDT @ 1787320560
[replaying  62%] replaying ETH-USDT @ 1787320560
[replaying  62%] replaying BTC-USDT @ 1787320620
[replaying  62%] replaying ETH-USDT @ 1787320620
[replaying  62%] replaying BTC-USDT @ 1787320680
[replaying  62%] replaying ETH-USDT @ 1787320680
[replaying  62%] replaying BTC-USDT @ 1787320740
[replaying  62%] replaying ETH-USDT @ 1787320740
[replaying  62%] replaying BTC-USDT @ 1787320800
[replaying  62%] replaying ETH-USDT @ 1787320800
[replaying  62%] replaying BTC-USDT @ 1787320860
[replaying  62%] replaying ETH-USDT @ 1787320860
[replaying  62%] replaying BTC-USDT @ 1787320920
[replaying  62%] replaying ETH-USDT @ 1787320920
[replaying  62%] replaying BTC-USDT @ 1787320980
[replaying  62%] replaying ETH-USDT @ 1787320980
[replaying  62%] replaying BTC-USDT @ 1787321040
[replaying  62%] replaying ETH-USDT @ 1787321040
[replaying  62%] replaying BTC-USDT @ 1787321100
[replaying  62%] replaying ETH-USDT @ 1787321100
[replaying  62%] replaying BTC-USDT @ 1787321160
[replaying  62%] replaying ETH-USDT @ 1787321160
[replaying  62%] replaying BTC-USDT @ 1787321220
[replaying  62%] replaying ETH-USDT @ 1787321220
[replaying  62%] replaying BTC-USDT @ 1787321280
[replaying  62%] replaying ETH-USDT @ 1787321280
[replaying  63%] replaying BTC-USDT @ 1787321340
[replaying  63%] replaying ETH-USDT @ 1787321340
[replaying  63%] replaying BTC-USDT @ 1787321400
[replaying  63%] replaying ETH-USDT @ 1787321400
[replaying  63%] replaying BTC-USDT @ 1787321460
[replaying  63%] replaying ETH-USDT @ 1787321460
[replaying  63%] replaying BTC-USDT @ 1787321520
[replaying  63%] replaying ETH-USDT @ 1787321520
[replaying  63%] replaying BTC-USDT @ 1787321580
[replaying  63%] replaying ETH-USDT @ 1787321580
[replaying  63%] replaying BTC-USDT @ 1787321640
[replaying  63%] replaying ETH-USDT @ 1787321640
[replaying  63%] replaying BTC-USDT @ 1787321700
[replaying  63%] replaying ETH-USDT @ 1787321700
[replaying  63%] replaying BTC-USDT @ 1787321760
[replaying  63%] replaying ETH-USDT @ 1787321760
[replaying  63%] replaying BTC-USDT @ 1787321820
[replaying  63%] replaying ETH-USDT @ 1787321820
[replaying  63%] replaying BTC-USDT @ 1787321880
[replaying  63%] replaying ETH-USDT @ 1787321880
[replaying  63%] replaying BTC-USDT @ 1787321940
[replaying  63%] replaying ETH-USDT @ 1787321940
[replaying  63%] replaying BTC-USDT @ 1787322000
[replaying  63%] replaying ETH-USDT @ 1787322000
[replaying  63%] replaying BTC-USDT @ 1787322060
[replaying  63%] replaying ETH-USDT @ 1787322060
[replaying  63%] replaying BTC-USDT @ 1787322120
[replaying  63%] replaying ETH-USDT @ 1787322120
[replaying  63%] replaying BTC-USDT @ 1787322180
[replaying  63%] replaying ETH-USDT @ 1787322180
[replaying  63%] replaying BTC-USDT @ 1787322240
[replaying  63%] replaying ETH-USDT @ 1787322240
[replaying  63%] replaying BTC-USDT @ 1787322300
[replaying  63%] replaying ETH-USDT @ 1787322300
[replaying  63%] replaying BTC-USDT @ 1787322360
[replaying  63%] replaying ETH-USDT @ 1787322360
[replaying  63%] replaying BTC-USDT @ 1787322420
[replaying  63%] replaying ETH-USDT @ 1787322420
[replaying  63%] replaying BTC-USDT @ 1787322480
[replaying  63%] replaying ETH-USDT @ 1787322480
[replaying  63%] replaying BTC-USDT @ 1787322540
[replaying  63%] replaying ETH-USDT @ 1787322540
[replaying  63%] replaying BTC-USDT @ 1787322600
[replaying  63%] replaying ETH-USDT @ 1787322600
[replaying  63%] replaying BTC-USDT @ 1787322660
[replaying  63%] replaying ETH-USDT @ 1787322660
[replaying  63%] replaying BTC-USDT @ 1787322720
[replaying  63%] replaying ETH-USDT @ 1787322720
[replaying  63%] replaying BTC-USDT @ 1787322780
[replaying  63%] replaying ETH-USDT @ 1787322780
[replaying  63%] replaying BTC-USDT @ 1787322840
[replaying  63%] replaying ETH-USDT @ 1787322840
[replaying  63%] replaying BTC-USDT @ 1787322900
[replaying  63%] replaying ETH-USDT @ 1787322900
[replaying  63%] replaying BTC-USDT @ 1787322960
[replaying  63%] replaying ETH-USDT @ 1787322960
[replaying  63%] replaying BTC-USDT @ 1787323020
[replaying  63%] replaying ETH-USDT @ 1787323020
[replaying  63%] replaying BTC-USDT @ 1787323080
[replaying  63%] replaying ETH-USDT @ 1787323080
[replaying  63%] replaying BTC-USDT @ 1787323140
[replaying  63%] replaying ETH-USDT @ 1787323140
[replaying  63%] replaying BTC-USDT @ 1787323200
[replaying  63%] replaying ETH-USDT @ 1787323200
[replaying  63%] replaying BTC-USDT @ 1787323260
[replaying  63%] replaying ETH-USDT @ 1787323260
[replaying  63%] replaying BTC-USDT @ 1787323320
[replaying  63%] replaying ETH-USDT @ 1787323320
[replaying  63%] replaying BTC-USDT @ 1787323380
[replaying  63%] replaying ETH-USDT @ 1787323380
[replaying  63%] replaying BTC-USDT @ 1787323440
[replaying  63%] replaying ETH-USDT @ 1787323440
[replaying  63%] replaying BTC-USDT @ 1787323500
[replaying  63%] replaying ETH-USDT @ 1787323500
[replaying  63%] replaying BTC-USDT @ 1787323560
[replaying  63%] replaying ETH-USDT @ 1787323560
[replaying  63%] replaying BTC-USDT @ 1787323620
[replaying  63%] replaying ETH-USDT @ 1787323620
[replaying  63%] replaying BTC-USDT @ 1787323680
[replaying  63%] replaying ETH-USDT @ 1787323680
[replaying  63%] replaying BTC-USDT @ 1787323740
[replaying  63%] replaying ETH-USDT @ 1787323740
[replaying  63%] replaying BTC-USDT @ 1787323800
[replaying  63%] replaying ETH-USDT @ 1787323800
[replaying  63%] replaying BTC-USDT @ 1787323860
[replaying  63%] replaying ETH-USDT @ 1787323860
[replaying  63%] replaying BTC-USDT @ 1787323920
[replaying  63%] replaying ETH-USDT @ 1787323920
[replaying  63%] replaying BTC-USDT @ 1787323980
[replaying  63%] replaying ETH-USDT @ 1787323980
[replaying  63%] replaying BTC-USDT @ 1787324040
[replaying  63%] replaying ETH-USDT @ 1787324040
[replaying  63%] replaying BTC-USDT @ 1787324100
[replaying  63%] replaying ETH-USDT @ 1787324100
[replaying  63%] replaying BTC-USDT @ 1787324160
[replaying  63%] replaying ETH-USDT @ 1787324160
[replaying  63%] replaying BTC-USDT @ 1787324220
[replaying  63%] replaying ETH-USDT @ 1787324220
[replaying  63%] replaying BTC-USDT @ 1787324280
[replaying  63%] replaying ETH-USDT @ 1787324280
[replaying  63%] replaying BTC-USDT @ 1787324340
[replaying  63%] replaying ETH-USDT @ 1787324340
[replaying  63%] replaying BTC-USDT @ 1787324400
[replaying  63%] replaying ETH-USDT @ 1787324400
[replaying  63%] replaying BTC-USDT @ 1787324460
[replaying  63%] replaying ETH-USDT @ 1787324460
[replaying  63%] replaying BTC-USDT @ 1787324520
[replaying  63%] replaying ETH-USDT @ 1787324520
[replaying  63%] replaying BTC-USDT @ 1787324580
[replaying  63%] replaying ETH-USDT @ 1787324580
[replaying  63%] replaying BTC-USDT @ 1787324640
[replaying  64%] replaying ETH-USDT @ 1787324640
[replaying  64%] replaying BTC-USDT @ 1787324700
[replaying  64%] replaying ETH-USDT @ 1787324700
[replaying  64%] replaying BTC-USDT @ 1787324760
[replaying  64%] replaying ETH-USDT @ 1787324760
[replaying  64%] replaying BTC-USDT @ 1787324820
[replaying  64%] replaying ETH-USDT @ 1787324820
[replaying  64%] replaying BTC-USDT @ 1787324880
[replaying  64%] replaying ETH-USDT @ 1787324880
[replaying  64%] replaying BTC-USDT @ 1787324940
[replaying  64%] replaying ETH-USDT @ 1787324940
[replaying  64%] replaying BTC-USDT @ 1787325000
[replaying  64%] replaying ETH-USDT @ 1787325000
[replaying  64%] replaying BTC-USDT @ 1787325060
[replaying  64%] replaying ETH-USDT @ 1787325060
[replaying  64%] replaying BTC-USDT @ 1787325120
[replaying  64%] replaying ETH-USDT @ 1787325120
[replaying  64%] replaying BTC-USDT @ 1787325180
[replaying  64%] replaying ETH-USDT @ 1787325180
[replaying  64%] replaying BTC-USDT @ 1787325240
[replaying  64%] replaying ETH-USDT @ 1787325240
[replaying  64%] replaying BTC-USDT @ 1787325300
[replaying  64%] replaying ETH-USDT @ 1787325300
[replaying  64%] replaying BTC-USDT @ 1787325360
[replaying  64%] replaying ETH-USDT @ 1787325360
[replaying  64%] replaying BTC-USDT @ 1787325420
[replaying  64%] replaying ETH-USDT @ 1787325420
[replaying  64%] replaying BTC-USDT @ 1787325480
[replaying  64%] replaying ETH-USDT @ 1787325480
[replaying  64%] replaying BTC-USDT @ 1787325540
[replaying  64%] replaying ETH-USDT @ 1787325540
[replaying  64%] replaying BTC-USDT @ 1787325600
[replaying  64%] replaying ETH-USDT @ 1787325600
[replaying  64%] replaying BTC-USDT @ 1787325660
[replaying  64%] replaying ETH-USDT @ 1787325660
[replaying  64%] replaying BTC-USDT @ 1787325720
[replaying  64%] replaying ETH-USDT @ 1787325720
[replaying  64%] replaying BTC-USDT @ 1787325780
[replaying  64%] replaying ETH-USDT @ 1787325780
[replaying  64%] replaying BTC-USDT @ 1787325840
[replaying  64%] replaying ETH-USDT @ 1787325840
[replaying  64%] replaying BTC-USDT @ 1787325900
[replaying  64%] replaying ETH-USDT @ 1787325900
[replaying  64%] replaying BTC-USDT @ 1787325960
[replaying  64%] replaying ETH-USDT @ 1787325960
[replaying  64%] replaying BTC-USDT @ 1787326020
[replaying  64%] replaying ETH-USDT @ 1787326020
[replaying  64%] replaying BTC-USDT @ 1787326080
[replaying  64%] replaying ETH-USDT @ 1787326080
[replaying  64%] replaying BTC-USDT @ 1787326140
[replaying  64%] replaying ETH-USDT @ 1787326140
[replaying  64%] replaying BTC-USDT @ 1787326200
[replaying  64%] replaying ETH-USDT @ 1787326200
[replaying  64%] replaying BTC-USDT @ 1787326260
[replaying  64%] replaying ETH-USDT @ 1787326260
[replaying  64%] replaying BTC-USDT @ 1787326320
[replaying  64%] replaying ETH-USDT @ 1787326320
[replaying  64%] replaying BTC-USDT @ 1787326380
[replaying  64%] replaying ETH-USDT @ 1787326380
[replaying  64%] replaying BTC-USDT @ 1787326440
[replaying  64%] replaying ETH-USDT @ 1787326440
[replaying  64%] replaying BTC-USDT @ 1787326500
[replaying  64%] replaying ETH-USDT @ 1787326500
[replaying  64%] replaying BTC-USDT @ 1787326560
[replaying  64%] replaying ETH-USDT @ 1787326560
[replaying  64%] replaying BTC-USDT @ 1787326620
[replaying  64%] replaying ETH-USDT @ 1787326620
[replaying  64%] replaying BTC-USDT @ 1787326680
[replaying  64%] replaying ETH-USDT @ 1787326680
[replaying  64%] replaying BTC-USDT @ 1787326740
[replaying  64%] replaying ETH-USDT @ 1787326740
[replaying  64%] replaying BTC-USDT @ 1787326800
[replaying  64%] replaying ETH-USDT @ 1787326800
[replaying  64%] replaying BTC-USDT @ 1787326860
[replaying  64%] replaying ETH-USDT @ 1787326860
[replaying  64%] replaying BTC-USDT @ 1787326920
[replaying  64%] replaying ETH-USDT @ 1787326920
[replaying  64%] replaying BTC-USDT @ 1787326980
[replaying  64%] replaying ETH-USDT @ 1787326980
[replaying  64%] replaying BTC-USDT @ 1787327040
[replaying  64%] replaying ETH-USDT @ 1787327040
[replaying  64%] replaying BTC-USDT @ 1787327100
[replaying  64%] replaying ETH-USDT @ 1787327100
[replaying  64%] replaying BTC-USDT @ 1787327160
[replaying  64%] replaying ETH-USDT @ 1787327160
[replaying  64%] replaying BTC-USDT @ 1787327220
[replaying  64%] replaying ETH-USDT @ 1787327220
[replaying  64%] replaying BTC-USDT @ 1787327280
[replaying  64%] replaying ETH-USDT @ 1787327280
[replaying  64%] replaying BTC-USDT @ 1787327340
[replaying  64%] replaying ETH-USDT @ 1787327340
[replaying  64%] replaying BTC-USDT @ 1787327400
[replaying  64%] replaying ETH-USDT @ 1787327400
[replaying  64%] replaying BTC-USDT @ 1787327460
[replaying  64%] replaying ETH-USDT @ 1787327460
[replaying  64%] replaying BTC-USDT @ 1787327520
[replaying  64%] replaying ETH-USDT @ 1787327520
[replaying  64%] replaying BTC-USDT @ 1787327580
[replaying  64%] replaying ETH-USDT @ 1787327580
[replaying  64%] replaying BTC-USDT @ 1787327640
[replaying  64%] replaying ETH-USDT @ 1787327640
[replaying  64%] replaying BTC-USDT @ 1787327700
[replaying  64%] replaying ETH-USDT @ 1787327700
[replaying  64%] replaying BTC-USDT @ 1787327760
[replaying  64%] replaying ETH-USDT @ 1787327760
[replaying  64%] replaying BTC-USDT @ 1787327820
[replaying  64%] replaying ETH-USDT @ 1787327820
[replaying  64%] replaying BTC-USDT @ 1787327880
[replaying  64%] replaying ETH-USDT @ 1787327880
[replaying  64%] replaying BTC-USDT @ 1787327940
[replaying  64%] replaying ETH-USDT @ 1787327940
[replaying  65%] replaying BTC-USDT @ 1787328000
💰 FUNDING: Settlement applied — -0.0100750483668148908472127867 (rate=0.0100%)
[replaying  65%] replaying ETH-USDT @ 1787328000
[replaying  65%] replaying BTC-USDT @ 1787328060
[replaying  65%] replaying ETH-USDT @ 1787328060
[replaying  65%] replaying BTC-USDT @ 1787328120
[replaying  65%] replaying ETH-USDT @ 1787328120
[replaying  65%] replaying BTC-USDT @ 1787328180
[replaying  65%] replaying ETH-USDT @ 1787328180
[replaying  65%] replaying BTC-USDT @ 1787328240
[replaying  65%] replaying ETH-USDT @ 1787328240
[replaying  65%] replaying BTC-USDT @ 1787328300
[replaying  65%] replaying ETH-USDT @ 1787328300
[replaying  65%] replaying BTC-USDT @ 1787328360
[replaying  65%] replaying ETH-USDT @ 1787328360
[replaying  65%] replaying BTC-USDT @ 1787328420
[replaying  65%] replaying ETH-USDT @ 1787328420
[replaying  65%] replaying BTC-USDT @ 1787328480
[replaying  65%] replaying ETH-USDT @ 1787328480
[replaying  65%] replaying BTC-USDT @ 1787328540
[replaying  65%] replaying ETH-USDT @ 1787328540
[replaying  65%] replaying BTC-USDT @ 1787328600
[replaying  65%] replaying ETH-USDT @ 1787328600
[replaying  65%] replaying BTC-USDT @ 1787328660
[replaying  65%] replaying ETH-USDT @ 1787328660
[replaying  65%] replaying BTC-USDT @ 1787328720
[replaying  65%] replaying ETH-USDT @ 1787328720
[replaying  65%] replaying BTC-USDT @ 1787328780
[replaying  65%] replaying ETH-USDT @ 1787328780
[replaying  65%] replaying BTC-USDT @ 1787328840
[replaying  65%] replaying ETH-USDT @ 1787328840
[replaying  65%] replaying BTC-USDT @ 1787328900
[replaying  65%] replaying ETH-USDT @ 1787328900
[replaying  65%] replaying BTC-USDT @ 1787328960
[replaying  65%] replaying ETH-USDT @ 1787328960
[replaying  65%] replaying BTC-USDT @ 1787329020
[replaying  65%] replaying ETH-USDT @ 1787329020
[replaying  65%] replaying BTC-USDT @ 1787329080
[replaying  65%] replaying ETH-USDT @ 1787329080
[replaying  65%] replaying BTC-USDT @ 1787329140
[replaying  65%] replaying ETH-USDT @ 1787329140
[replaying  65%] replaying BTC-USDT @ 1787329200
[replaying  65%] replaying ETH-USDT @ 1787329200
[replaying  65%] replaying BTC-USDT @ 1787329260
[replaying  65%] replaying ETH-USDT @ 1787329260
[replaying  65%] replaying BTC-USDT @ 1787329320
[replaying  65%] replaying ETH-USDT @ 1787329320
[replaying  65%] replaying BTC-USDT @ 1787329380
[replaying  65%] replaying ETH-USDT @ 1787329380
[replaying  65%] replaying BTC-USDT @ 1787329440
[replaying  65%] replaying ETH-USDT @ 1787329440
[replaying  65%] replaying BTC-USDT @ 1787329500
[replaying  65%] replaying ETH-USDT @ 1787329500
[replaying  65%] replaying BTC-USDT @ 1787329560
[replaying  65%] replaying ETH-USDT @ 1787329560
[replaying  65%] replaying BTC-USDT @ 1787329620
[replaying  65%] replaying ETH-USDT @ 1787329620
[replaying  65%] replaying BTC-USDT @ 1787329680
[replaying  65%] replaying ETH-USDT @ 1787329680
[replaying  65%] replaying BTC-USDT @ 1787329740
[replaying  65%] replaying ETH-USDT @ 1787329740
[replaying  65%] replaying BTC-USDT @ 1787329800
[replaying  65%] replaying ETH-USDT @ 1787329800
[replaying  65%] replaying BTC-USDT @ 1787329860
[replaying  65%] replaying ETH-USDT @ 1787329860
[replaying  65%] replaying BTC-USDT @ 1787329920
[replaying  65%] replaying ETH-USDT @ 1787329920
[replaying  65%] replaying BTC-USDT @ 1787329980
[replaying  65%] replaying ETH-USDT @ 1787329980
[replaying  65%] replaying BTC-USDT @ 1787330040
[replaying  65%] replaying ETH-USDT @ 1787330040
[replaying  65%] replaying BTC-USDT @ 1787330100
[replaying  65%] replaying ETH-USDT @ 1787330100
[replaying  65%] replaying BTC-USDT @ 1787330160
[replaying  65%] replaying ETH-USDT @ 1787330160
[replaying  65%] replaying BTC-USDT @ 1787330220
[replaying  65%] replaying ETH-USDT @ 1787330220
[replaying  65%] replaying BTC-USDT @ 1787330280
[replaying  65%] replaying ETH-USDT @ 1787330280
[replaying  65%] replaying BTC-USDT @ 1787330340
[replaying  65%] replaying ETH-USDT @ 1787330340
[replaying  65%] replaying BTC-USDT @ 1787330400
[replaying  65%] replaying ETH-USDT @ 1787330400
[replaying  65%] replaying BTC-USDT @ 1787330460
[replaying  65%] replaying ETH-USDT @ 1787330460
[replaying  65%] replaying BTC-USDT @ 1787330520
[replaying  65%] replaying ETH-USDT @ 1787330520
[replaying  65%] replaying BTC-USDT @ 1787330580
[replaying  65%] replaying ETH-USDT @ 1787330580
[replaying  65%] replaying BTC-USDT @ 1787330640
[replaying  65%] replaying ETH-USDT @ 1787330640
[replaying  65%] replaying BTC-USDT @ 1787330700
[replaying  65%] replaying ETH-USDT @ 1787330700
[replaying  65%] replaying BTC-USDT @ 1787330760
[replaying  65%] replaying ETH-USDT @ 1787330760
[replaying  65%] replaying BTC-USDT @ 1787330820
[replaying  65%] replaying ETH-USDT @ 1787330820
[replaying  65%] replaying BTC-USDT @ 1787330880
[replaying  65%] replaying ETH-USDT @ 1787330880
[replaying  65%] replaying BTC-USDT @ 1787330940
[replaying  65%] replaying ETH-USDT @ 1787330940
[replaying  65%] replaying BTC-USDT @ 1787331000
[replaying  65%] replaying ETH-USDT @ 1787331000
[replaying  65%] replaying BTC-USDT @ 1787331060
[replaying  65%] replaying ETH-USDT @ 1787331060
[replaying  65%] replaying BTC-USDT @ 1787331120
[replaying  65%] replaying ETH-USDT @ 1787331120
[replaying  65%] replaying BTC-USDT @ 1787331180
[replaying  65%] replaying ETH-USDT @ 1787331180
[replaying  65%] replaying BTC-USDT @ 1787331240
[replaying  65%] replaying ETH-USDT @ 1787331240
[replaying  65%] replaying BTC-USDT @ 1787331300
[replaying  65%] replaying ETH-USDT @ 1787331300
[replaying  66%] replaying BTC-USDT @ 1787331360
[replaying  66%] replaying ETH-USDT @ 1787331360
[replaying  66%] replaying BTC-USDT @ 1787331420
[replaying  66%] replaying ETH-USDT @ 1787331420
[replaying  66%] replaying BTC-USDT @ 1787331480
[replaying  66%] replaying ETH-USDT @ 1787331480
[replaying  66%] replaying BTC-USDT @ 1787331540
[replaying  66%] replaying ETH-USDT @ 1787331540
[replaying  66%] replaying BTC-USDT @ 1787331600
[replaying  66%] replaying ETH-USDT @ 1787331600
[replaying  66%] replaying BTC-USDT @ 1787331660
[replaying  66%] replaying ETH-USDT @ 1787331660
[replaying  66%] replaying BTC-USDT @ 1787331720
[replaying  66%] replaying ETH-USDT @ 1787331720
[replaying  66%] replaying BTC-USDT @ 1787331780
[replaying  66%] replaying ETH-USDT @ 1787331780
[replaying  66%] replaying BTC-USDT @ 1787331840
[replaying  66%] replaying ETH-USDT @ 1787331840
[replaying  66%] replaying BTC-USDT @ 1787331900
[replaying  66%] replaying ETH-USDT @ 1787331900
[replaying  66%] replaying BTC-USDT @ 1787331960
[replaying  66%] replaying ETH-USDT @ 1787331960
[replaying  66%] replaying BTC-USDT @ 1787332020
[replaying  66%] replaying ETH-USDT @ 1787332020
[replaying  66%] replaying BTC-USDT @ 1787332080
[replaying  66%] replaying ETH-USDT @ 1787332080
[replaying  66%] replaying BTC-USDT @ 1787332140
[replaying  66%] replaying ETH-USDT @ 1787332140
[replaying  66%] replaying BTC-USDT @ 1787332200
[replaying  66%] replaying ETH-USDT @ 1787332200
[replaying  66%] replaying BTC-USDT @ 1787332260
[replaying  66%] replaying ETH-USDT @ 1787332260
[replaying  66%] replaying BTC-USDT @ 1787332320
[replaying  66%] replaying ETH-USDT @ 1787332320
[replaying  66%] replaying BTC-USDT @ 1787332380
[replaying  66%] replaying ETH-USDT @ 1787332380
[replaying  66%] replaying BTC-USDT @ 1787332440
[replaying  66%] replaying ETH-USDT @ 1787332440
[replaying  66%] replaying BTC-USDT @ 1787332500
[replaying  66%] replaying ETH-USDT @ 1787332500
[replaying  66%] replaying BTC-USDT @ 1787332560
[replaying  66%] replaying ETH-USDT @ 1787332560
[replaying  66%] replaying BTC-USDT @ 1787332620
[replaying  66%] replaying ETH-USDT @ 1787332620
[replaying  66%] replaying BTC-USDT @ 1787332680
[replaying  66%] replaying ETH-USDT @ 1787332680
[replaying  66%] replaying BTC-USDT @ 1787332740
[replaying  66%] replaying ETH-USDT @ 1787332740
[replaying  66%] replaying BTC-USDT @ 1787332800
[replaying  66%] replaying ETH-USDT @ 1787332800
[replaying  66%] replaying BTC-USDT @ 1787332860
[replaying  66%] replaying ETH-USDT @ 1787332860
[replaying  66%] replaying BTC-USDT @ 1787332920
[replaying  66%] replaying ETH-USDT @ 1787332920
[replaying  66%] replaying BTC-USDT @ 1787332980
[replaying  66%] replaying ETH-USDT @ 1787332980
[replaying  66%] replaying BTC-USDT @ 1787333040
[replaying  66%] replaying ETH-USDT @ 1787333040
[replaying  66%] replaying BTC-USDT @ 1787333100
[replaying  66%] replaying ETH-USDT @ 1787333100
[replaying  66%] replaying BTC-USDT @ 1787333160
[replaying  66%] replaying ETH-USDT @ 1787333160
[replaying  66%] replaying BTC-USDT @ 1787333220
[replaying  66%] replaying ETH-USDT @ 1787333220
[replaying  66%] replaying BTC-USDT @ 1787333280
[replaying  66%] replaying ETH-USDT @ 1787333280
[replaying  66%] replaying BTC-USDT @ 1787333340
[replaying  66%] replaying ETH-USDT @ 1787333340
[replaying  66%] replaying BTC-USDT @ 1787333400
[replaying  66%] replaying ETH-USDT @ 1787333400
[replaying  66%] replaying BTC-USDT @ 1787333460
[replaying  66%] replaying ETH-USDT @ 1787333460
[replaying  66%] replaying BTC-USDT @ 1787333520
[replaying  66%] replaying ETH-USDT @ 1787333520
[replaying  66%] replaying BTC-USDT @ 1787333580
[replaying  66%] replaying ETH-USDT @ 1787333580
[replaying  66%] replaying BTC-USDT @ 1787333640
[replaying  66%] replaying ETH-USDT @ 1787333640
[replaying  66%] replaying BTC-USDT @ 1787333700
[replaying  66%] replaying ETH-USDT @ 1787333700
[replaying  66%] replaying BTC-USDT @ 1787333760
[replaying  66%] replaying ETH-USDT @ 1787333760
[replaying  66%] replaying BTC-USDT @ 1787333820
[replaying  66%] replaying ETH-USDT @ 1787333820
[replaying  66%] replaying BTC-USDT @ 1787333880
[replaying  66%] replaying ETH-USDT @ 1787333880
[replaying  66%] replaying BTC-USDT @ 1787333940
[replaying  66%] replaying ETH-USDT @ 1787333940
[replaying  66%] replaying BTC-USDT @ 1787334000
[replaying  66%] replaying ETH-USDT @ 1787334000
[replaying  66%] replaying BTC-USDT @ 1787334060
[replaying  66%] replaying ETH-USDT @ 1787334060
[replaying  66%] replaying BTC-USDT @ 1787334120
[replaying  66%] replaying ETH-USDT @ 1787334120
[replaying  66%] replaying BTC-USDT @ 1787334180
[replaying  66%] replaying ETH-USDT @ 1787334180
[replaying  66%] replaying BTC-USDT @ 1787334240
[replaying  66%] replaying ETH-USDT @ 1787334240
[replaying  66%] replaying BTC-USDT @ 1787334300
[replaying  66%] replaying ETH-USDT @ 1787334300
[replaying  66%] replaying BTC-USDT @ 1787334360
[replaying  66%] replaying ETH-USDT @ 1787334360
[replaying  66%] replaying BTC-USDT @ 1787334420
[replaying  66%] replaying ETH-USDT @ 1787334420
[replaying  66%] replaying BTC-USDT @ 1787334480
[replaying  66%] replaying ETH-USDT @ 1787334480
[replaying  66%] replaying BTC-USDT @ 1787334540
[replaying  66%] replaying ETH-USDT @ 1787334540
[replaying  66%] replaying BTC-USDT @ 1787334600
[replaying  66%] replaying ETH-USDT @ 1787334600
[replaying  66%] replaying BTC-USDT @ 1787334660
[replaying  67%] replaying ETH-USDT @ 1787334660
[replaying  67%] replaying BTC-USDT @ 1787334720
[replaying  67%] replaying ETH-USDT @ 1787334720
[replaying  67%] replaying BTC-USDT @ 1787334780
[replaying  67%] replaying ETH-USDT @ 1787334780
[replaying  67%] replaying BTC-USDT @ 1787334840
[replaying  67%] replaying ETH-USDT @ 1787334840
[replaying  67%] replaying BTC-USDT @ 1787334900
[replaying  67%] replaying ETH-USDT @ 1787334900
[replaying  67%] replaying BTC-USDT @ 1787334960
[replaying  67%] replaying ETH-USDT @ 1787334960
[replaying  67%] replaying BTC-USDT @ 1787335020
[replaying  67%] replaying ETH-USDT @ 1787335020
[replaying  67%] replaying BTC-USDT @ 1787335080
[replaying  67%] replaying ETH-USDT @ 1787335080
[replaying  67%] replaying BTC-USDT @ 1787335140
[replaying  67%] replaying ETH-USDT @ 1787335140
[replaying  67%] replaying BTC-USDT @ 1787335200
[replaying  67%] replaying ETH-USDT @ 1787335200
[replaying  67%] replaying BTC-USDT @ 1787335260
[replaying  67%] replaying ETH-USDT @ 1787335260
[replaying  67%] replaying BTC-USDT @ 1787335320
[replaying  67%] replaying ETH-USDT @ 1787335320
[replaying  67%] replaying BTC-USDT @ 1787335380
[replaying  67%] replaying ETH-USDT @ 1787335380
[replaying  67%] replaying BTC-USDT @ 1787335440
[replaying  67%] replaying ETH-USDT @ 1787335440
[replaying  67%] replaying BTC-USDT @ 1787335500
[replaying  67%] replaying ETH-USDT @ 1787335500
[replaying  67%] replaying BTC-USDT @ 1787335560
[replaying  67%] replaying ETH-USDT @ 1787335560
[replaying  67%] replaying BTC-USDT @ 1787335620
[replaying  67%] replaying ETH-USDT @ 1787335620
[replaying  67%] replaying BTC-USDT @ 1787335680
[replaying  67%] replaying ETH-USDT @ 1787335680
[replaying  67%] replaying BTC-USDT @ 1787335740
[replaying  67%] replaying ETH-USDT @ 1787335740
[replaying  67%] replaying BTC-USDT @ 1787335800
[replaying  67%] replaying ETH-USDT @ 1787335800
[replaying  67%] replaying BTC-USDT @ 1787335860
[replaying  67%] replaying ETH-USDT @ 1787335860
[replaying  67%] replaying BTC-USDT @ 1787335920
[replaying  67%] replaying ETH-USDT @ 1787335920
[replaying  67%] replaying BTC-USDT @ 1787335980
[replaying  67%] replaying ETH-USDT @ 1787335980
[replaying  67%] replaying BTC-USDT @ 1787336040
[replaying  67%] replaying ETH-USDT @ 1787336040
[replaying  67%] replaying BTC-USDT @ 1787336100
[replaying  67%] replaying ETH-USDT @ 1787336100
[replaying  67%] replaying BTC-USDT @ 1787336160
[replaying  67%] replaying ETH-USDT @ 1787336160
[replaying  67%] replaying BTC-USDT @ 1787336220
[replaying  67%] replaying ETH-USDT @ 1787336220
[replaying  67%] replaying BTC-USDT @ 1787336280
[replaying  67%] replaying ETH-USDT @ 1787336280
[replaying  67%] replaying BTC-USDT @ 1787336340
[replaying  67%] replaying ETH-USDT @ 1787336340
[replaying  67%] replaying BTC-USDT @ 1787336400
[replaying  67%] replaying ETH-USDT @ 1787336400
[replaying  67%] replaying BTC-USDT @ 1787336460
[replaying  67%] replaying ETH-USDT @ 1787336460
[replaying  67%] replaying BTC-USDT @ 1787336520
[replaying  67%] replaying ETH-USDT @ 1787336520
[replaying  67%] replaying BTC-USDT @ 1787336580
[replaying  67%] replaying ETH-USDT @ 1787336580
[replaying  67%] replaying BTC-USDT @ 1787336640
[replaying  67%] replaying ETH-USDT @ 1787336640
[replaying  67%] replaying BTC-USDT @ 1787336700
[replaying  67%] replaying ETH-USDT @ 1787336700
[replaying  67%] replaying BTC-USDT @ 1787336760
[replaying  67%] replaying ETH-USDT @ 1787336760
[replaying  67%] replaying BTC-USDT @ 1787336820
[replaying  67%] replaying ETH-USDT @ 1787336820
[replaying  67%] replaying BTC-USDT @ 1787336880
[replaying  67%] replaying ETH-USDT @ 1787336880
[replaying  67%] replaying BTC-USDT @ 1787336940
[replaying  67%] replaying ETH-USDT @ 1787336940
[replaying  67%] replaying BTC-USDT @ 1787337000
[replaying  67%] replaying ETH-USDT @ 1787337000
[replaying  67%] replaying BTC-USDT @ 1787337060
[replaying  67%] replaying ETH-USDT @ 1787337060
[replaying  67%] replaying BTC-USDT @ 1787337120
[replaying  67%] replaying ETH-USDT @ 1787337120
[replaying  67%] replaying BTC-USDT @ 1787337180
[replaying  67%] replaying ETH-USDT @ 1787337180
[replaying  67%] replaying BTC-USDT @ 1787337240
[replaying  67%] replaying ETH-USDT @ 1787337240
[replaying  67%] replaying BTC-USDT @ 1787337300
[replaying  67%] replaying ETH-USDT @ 1787337300
[replaying  67%] replaying BTC-USDT @ 1787337360
[replaying  67%] replaying ETH-USDT @ 1787337360
[replaying  67%] replaying BTC-USDT @ 1787337420
[replaying  67%] replaying ETH-USDT @ 1787337420
[replaying  67%] replaying BTC-USDT @ 1787337480
[replaying  67%] replaying ETH-USDT @ 1787337480
[replaying  67%] replaying BTC-USDT @ 1787337540
[replaying  67%] replaying ETH-USDT @ 1787337540
[replaying  67%] replaying BTC-USDT @ 1787337600
[replaying  67%] replaying ETH-USDT @ 1787337600
[replaying  67%] replaying BTC-USDT @ 1787337660
[replaying  67%] replaying ETH-USDT @ 1787337660
[replaying  67%] replaying BTC-USDT @ 1787337720
[replaying  67%] replaying ETH-USDT @ 1787337720
[replaying  67%] replaying BTC-USDT @ 1787337780
[replaying  67%] replaying ETH-USDT @ 1787337780
[replaying  67%] replaying BTC-USDT @ 1787337840
[replaying  67%] replaying ETH-USDT @ 1787337840
[replaying  67%] replaying BTC-USDT @ 1787337900
[replaying  67%] replaying ETH-USDT @ 1787337900
[replaying  67%] replaying BTC-USDT @ 1787337960
[replaying  67%] replaying ETH-USDT @ 1787337960
[replaying  68%] replaying BTC-USDT @ 1787338020
[replaying  68%] replaying ETH-USDT @ 1787338020
[replaying  68%] replaying BTC-USDT @ 1787338080
[replaying  68%] replaying ETH-USDT @ 1787338080
[replaying  68%] replaying BTC-USDT @ 1787338140
[replaying  68%] replaying ETH-USDT @ 1787338140
[replaying  68%] replaying BTC-USDT @ 1787338200
[replaying  68%] replaying ETH-USDT @ 1787338200
[replaying  68%] replaying BTC-USDT @ 1787338260
[replaying  68%] replaying ETH-USDT @ 1787338260
[replaying  68%] replaying BTC-USDT @ 1787338320
[replaying  68%] replaying ETH-USDT @ 1787338320
[replaying  68%] replaying BTC-USDT @ 1787338380
[replaying  68%] replaying ETH-USDT @ 1787338380
[replaying  68%] replaying BTC-USDT @ 1787338440
[replaying  68%] replaying ETH-USDT @ 1787338440
[replaying  68%] replaying BTC-USDT @ 1787338500
[replaying  68%] replaying ETH-USDT @ 1787338500
[replaying  68%] replaying BTC-USDT @ 1787338560
[replaying  68%] replaying ETH-USDT @ 1787338560
[replaying  68%] replaying BTC-USDT @ 1787338620
[replaying  68%] replaying ETH-USDT @ 1787338620
[replaying  68%] replaying BTC-USDT @ 1787338680
[replaying  68%] replaying ETH-USDT @ 1787338680
[replaying  68%] replaying BTC-USDT @ 1787338740
[replaying  68%] replaying ETH-USDT @ 1787338740
[replaying  68%] replaying BTC-USDT @ 1787338800
[replaying  68%] replaying ETH-USDT @ 1787338800
[replaying  68%] replaying BTC-USDT @ 1787338860
[replaying  68%] replaying ETH-USDT @ 1787338860
[replaying  68%] replaying BTC-USDT @ 1787338920
[replaying  68%] replaying ETH-USDT @ 1787338920
[replaying  68%] replaying BTC-USDT @ 1787338980
[replaying  68%] replaying ETH-USDT @ 1787338980
[replaying  68%] replaying BTC-USDT @ 1787339040
[replaying  68%] replaying ETH-USDT @ 1787339040
[replaying  68%] replaying BTC-USDT @ 1787339100
[replaying  68%] replaying ETH-USDT @ 1787339100
[replaying  68%] replaying BTC-USDT @ 1787339160
[replaying  68%] replaying ETH-USDT @ 1787339160
[replaying  68%] replaying BTC-USDT @ 1787339220
[replaying  68%] replaying ETH-USDT @ 1787339220
[replaying  68%] replaying BTC-USDT @ 1787339280
[replaying  68%] replaying ETH-USDT @ 1787339280
[replaying  68%] replaying BTC-USDT @ 1787339340
[replaying  68%] replaying ETH-USDT @ 1787339340
[replaying  68%] replaying BTC-USDT @ 1787339400
[replaying  68%] replaying ETH-USDT @ 1787339400
[replaying  68%] replaying BTC-USDT @ 1787339460
[replaying  68%] replaying ETH-USDT @ 1787339460
[replaying  68%] replaying BTC-USDT @ 1787339520
[replaying  68%] replaying ETH-USDT @ 1787339520
[replaying  68%] replaying BTC-USDT @ 1787339580
[replaying  68%] replaying ETH-USDT @ 1787339580
[replaying  68%] replaying BTC-USDT @ 1787339640
[replaying  68%] replaying ETH-USDT @ 1787339640
[replaying  68%] replaying BTC-USDT @ 1787339700
[replaying  68%] replaying ETH-USDT @ 1787339700
[replaying  68%] replaying BTC-USDT @ 1787339760
[replaying  68%] replaying ETH-USDT @ 1787339760
[replaying  68%] replaying BTC-USDT @ 1787339820
[replaying  68%] replaying ETH-USDT @ 1787339820
[replaying  68%] replaying BTC-USDT @ 1787339880
[replaying  68%] replaying ETH-USDT @ 1787339880
[replaying  68%] replaying BTC-USDT @ 1787339940
[replaying  68%] replaying ETH-USDT @ 1787339940
[replaying  68%] replaying BTC-USDT @ 1787340000
[replaying  68%] replaying ETH-USDT @ 1787340000
[replaying  68%] replaying BTC-USDT @ 1787340060
[replaying  68%] replaying ETH-USDT @ 1787340060
[replaying  68%] replaying BTC-USDT @ 1787340120
[replaying  68%] replaying ETH-USDT @ 1787340120
[replaying  68%] replaying BTC-USDT @ 1787340180
[replaying  68%] replaying ETH-USDT @ 1787340180
[replaying  68%] replaying BTC-USDT @ 1787340240
[replaying  68%] replaying ETH-USDT @ 1787340240
[replaying  68%] replaying BTC-USDT @ 1787340300
[replaying  68%] replaying ETH-USDT @ 1787340300
[replaying  68%] replaying BTC-USDT @ 1787340360
[replaying  68%] replaying ETH-USDT @ 1787340360
[replaying  68%] replaying BTC-USDT @ 1787340420
[replaying  68%] replaying ETH-USDT @ 1787340420
[replaying  68%] replaying BTC-USDT @ 1787340480
[replaying  68%] replaying ETH-USDT @ 1787340480
[replaying  68%] replaying BTC-USDT @ 1787340540
[replaying  68%] replaying ETH-USDT @ 1787340540
[replaying  68%] replaying BTC-USDT @ 1787340600
[replaying  68%] replaying ETH-USDT @ 1787340600
[replaying  68%] replaying BTC-USDT @ 1787340660
[replaying  68%] replaying ETH-USDT @ 1787340660
[replaying  68%] replaying BTC-USDT @ 1787340720
[replaying  68%] replaying ETH-USDT @ 1787340720
[replaying  68%] replaying BTC-USDT @ 1787340780
[replaying  68%] replaying ETH-USDT @ 1787340780
[replaying  68%] replaying BTC-USDT @ 1787340840
[replaying  68%] replaying ETH-USDT @ 1787340840
[replaying  68%] replaying BTC-USDT @ 1787340900
[replaying  68%] replaying ETH-USDT @ 1787340900
[replaying  68%] replaying BTC-USDT @ 1787340960
[replaying  68%] replaying ETH-USDT @ 1787340960
[replaying  68%] replaying BTC-USDT @ 1787341020
[replaying  68%] replaying ETH-USDT @ 1787341020
[replaying  68%] replaying BTC-USDT @ 1787341080
[replaying  68%] replaying ETH-USDT @ 1787341080
[replaying  68%] replaying BTC-USDT @ 1787341140
[replaying  68%] replaying ETH-USDT @ 1787341140
[replaying  68%] replaying BTC-USDT @ 1787341200
[replaying  68%] replaying ETH-USDT @ 1787341200
[replaying  68%] replaying BTC-USDT @ 1787341260
[replaying  68%] replaying ETH-USDT @ 1787341260
[replaying  68%] replaying BTC-USDT @ 1787341320
[replaying  68%] replaying ETH-USDT @ 1787341320
[replaying  69%] replaying BTC-USDT @ 1787341380
[replaying  69%] replaying ETH-USDT @ 1787341380
[replaying  69%] replaying BTC-USDT @ 1787341440
[replaying  69%] replaying ETH-USDT @ 1787341440
[replaying  69%] replaying BTC-USDT @ 1787341500
[replaying  69%] replaying ETH-USDT @ 1787341500
[replaying  69%] replaying BTC-USDT @ 1787341560
[replaying  69%] replaying ETH-USDT @ 1787341560
[replaying  69%] replaying BTC-USDT @ 1787341620
[replaying  69%] replaying ETH-USDT @ 1787341620
[replaying  69%] replaying BTC-USDT @ 1787341680
[replaying  69%] replaying ETH-USDT @ 1787341680
[replaying  69%] replaying BTC-USDT @ 1787341740
[replaying  69%] replaying ETH-USDT @ 1787341740
[replaying  69%] replaying BTC-USDT @ 1787341800
[replaying  69%] replaying ETH-USDT @ 1787341800
[replaying  69%] replaying BTC-USDT @ 1787341860
[replaying  69%] replaying ETH-USDT @ 1787341860
[replaying  69%] replaying BTC-USDT @ 1787341920
[replaying  69%] replaying ETH-USDT @ 1787341920
[replaying  69%] replaying BTC-USDT @ 1787341980
[replaying  69%] replaying ETH-USDT @ 1787341980
[replaying  69%] replaying BTC-USDT @ 1787342040
[replaying  69%] replaying ETH-USDT @ 1787342040
[replaying  69%] replaying BTC-USDT @ 1787342100
[replaying  69%] replaying ETH-USDT @ 1787342100
[replaying  69%] replaying BTC-USDT @ 1787342160
[replaying  69%] replaying ETH-USDT @ 1787342160
[replaying  69%] replaying BTC-USDT @ 1787342220
[replaying  69%] replaying ETH-USDT @ 1787342220
[replaying  69%] replaying BTC-USDT @ 1787342280
[replaying  69%] replaying ETH-USDT @ 1787342280
[replaying  69%] replaying BTC-USDT @ 1787342340
[replaying  69%] replaying ETH-USDT @ 1787342340
[replaying  69%] replaying BTC-USDT @ 1787342400
[replaying  69%] replaying ETH-USDT @ 1787342400
[replaying  69%] replaying BTC-USDT @ 1787342460
[replaying  69%] replaying ETH-USDT @ 1787342460
[replaying  69%] replaying BTC-USDT @ 1787342520
[replaying  69%] replaying ETH-USDT @ 1787342520
[replaying  69%] replaying BTC-USDT @ 1787342580
[replaying  69%] replaying ETH-USDT @ 1787342580
[replaying  69%] replaying BTC-USDT @ 1787342640
[replaying  69%] replaying ETH-USDT @ 1787342640
[replaying  69%] replaying BTC-USDT @ 1787342700
[replaying  69%] replaying ETH-USDT @ 1787342700
[replaying  69%] replaying BTC-USDT @ 1787342760
[replaying  69%] replaying ETH-USDT @ 1787342760
[replaying  69%] replaying BTC-USDT @ 1787342820
[replaying  69%] replaying ETH-USDT @ 1787342820
[replaying  69%] replaying BTC-USDT @ 1787342880
[replaying  69%] replaying ETH-USDT @ 1787342880
[replaying  69%] replaying BTC-USDT @ 1787342940
[replaying  69%] replaying ETH-USDT @ 1787342940
[replaying  69%] replaying BTC-USDT @ 1787343000
[replaying  69%] replaying ETH-USDT @ 1787343000
[replaying  69%] replaying BTC-USDT @ 1787343060
[replaying  69%] replaying ETH-USDT @ 1787343060
[replaying  69%] replaying BTC-USDT @ 1787343120
[replaying  69%] replaying ETH-USDT @ 1787343120
[replaying  69%] replaying BTC-USDT @ 1787343180
[replaying  69%] replaying ETH-USDT @ 1787343180
[replaying  69%] replaying BTC-USDT @ 1787343240
[replaying  69%] replaying ETH-USDT @ 1787343240
[replaying  69%] replaying BTC-USDT @ 1787343300
[replaying  69%] replaying ETH-USDT @ 1787343300
[replaying  69%] replaying BTC-USDT @ 1787343360
[replaying  69%] replaying ETH-USDT @ 1787343360
[replaying  69%] replaying BTC-USDT @ 1787343420
[replaying  69%] replaying ETH-USDT @ 1787343420
[replaying  69%] replaying BTC-USDT @ 1787343480
[replaying  69%] replaying ETH-USDT @ 1787343480
[replaying  69%] replaying BTC-USDT @ 1787343540
[replaying  69%] replaying ETH-USDT @ 1787343540
[replaying  69%] replaying BTC-USDT @ 1787343600
[replaying  69%] replaying ETH-USDT @ 1787343600
[replaying  69%] replaying BTC-USDT @ 1787343660
[replaying  69%] replaying ETH-USDT @ 1787343660
[replaying  69%] replaying BTC-USDT @ 1787343720
[replaying  69%] replaying ETH-USDT @ 1787343720
[replaying  69%] replaying BTC-USDT @ 1787343780
[replaying  69%] replaying ETH-USDT @ 1787343780
[replaying  69%] replaying BTC-USDT @ 1787343840
[replaying  69%] replaying ETH-USDT @ 1787343840
[replaying  69%] replaying BTC-USDT @ 1787343900
[replaying  69%] replaying ETH-USDT @ 1787343900
[replaying  69%] replaying BTC-USDT @ 1787343960
[replaying  69%] replaying ETH-USDT @ 1787343960
[replaying  69%] replaying BTC-USDT @ 1787344020
[replaying  69%] replaying ETH-USDT @ 1787344020
[replaying  69%] replaying BTC-USDT @ 1787344080
[replaying  69%] replaying ETH-USDT @ 1787344080
[replaying  69%] replaying BTC-USDT @ 1787344140
[replaying  69%] replaying ETH-USDT @ 1787344140
[replaying  69%] replaying BTC-USDT @ 1787344200
[replaying  69%] replaying ETH-USDT @ 1787344200
[replaying  69%] replaying BTC-USDT @ 1787344260
[replaying  69%] replaying ETH-USDT @ 1787344260
[replaying  69%] replaying BTC-USDT @ 1787344320
[replaying  69%] replaying ETH-USDT @ 1787344320
[replaying  69%] replaying BTC-USDT @ 1787344380
[replaying  69%] replaying ETH-USDT @ 1787344380
[replaying  69%] replaying BTC-USDT @ 1787344440
[replaying  69%] replaying ETH-USDT @ 1787344440
[replaying  69%] replaying BTC-USDT @ 1787344500
[replaying  69%] replaying ETH-USDT @ 1787344500
[replaying  69%] replaying BTC-USDT @ 1787344560
[replaying  69%] replaying ETH-USDT @ 1787344560
[replaying  69%] replaying BTC-USDT @ 1787344620
[replaying  69%] replaying ETH-USDT @ 1787344620
[replaying  69%] replaying BTC-USDT @ 1787344680
[replaying  70%] replaying ETH-USDT @ 1787344680
[replaying  70%] replaying BTC-USDT @ 1787344740
[replaying  70%] replaying ETH-USDT @ 1787344740
[replaying  70%] replaying BTC-USDT @ 1787344800
[replaying  70%] replaying ETH-USDT @ 1787344800
[replaying  70%] replaying BTC-USDT @ 1787344860
[replaying  70%] replaying ETH-USDT @ 1787344860
[replaying  70%] replaying BTC-USDT @ 1787344920
[replaying  70%] replaying ETH-USDT @ 1787344920
[replaying  70%] replaying BTC-USDT @ 1787344980
[replaying  70%] replaying ETH-USDT @ 1787344980
[replaying  70%] replaying BTC-USDT @ 1787345040
[replaying  70%] replaying ETH-USDT @ 1787345040
[replaying  70%] replaying BTC-USDT @ 1787345100
[replaying  70%] replaying ETH-USDT @ 1787345100
[replaying  70%] replaying BTC-USDT @ 1787345160
[replaying  70%] replaying ETH-USDT @ 1787345160
[replaying  70%] replaying BTC-USDT @ 1787345220
[replaying  70%] replaying ETH-USDT @ 1787345220
[replaying  70%] replaying BTC-USDT @ 1787345280
[replaying  70%] replaying ETH-USDT @ 1787345280
[replaying  70%] replaying BTC-USDT @ 1787345340
[replaying  70%] replaying ETH-USDT @ 1787345340
[replaying  70%] replaying BTC-USDT @ 1787345400
[replaying  70%] replaying ETH-USDT @ 1787345400
[replaying  70%] replaying BTC-USDT @ 1787345460
[replaying  70%] replaying ETH-USDT @ 1787345460
[replaying  70%] replaying BTC-USDT @ 1787345520
[replaying  70%] replaying ETH-USDT @ 1787345520
[replaying  70%] replaying BTC-USDT @ 1787345580
[replaying  70%] replaying ETH-USDT @ 1787345580
[replaying  70%] replaying BTC-USDT @ 1787345640
[replaying  70%] replaying ETH-USDT @ 1787345640
[replaying  70%] replaying BTC-USDT @ 1787345700
[replaying  70%] replaying ETH-USDT @ 1787345700
[replaying  70%] replaying BTC-USDT @ 1787345760
[replaying  70%] replaying ETH-USDT @ 1787345760
[replaying  70%] replaying BTC-USDT @ 1787345820
[replaying  70%] replaying ETH-USDT @ 1787345820
[replaying  70%] replaying BTC-USDT @ 1787345880
[replaying  70%] replaying ETH-USDT @ 1787345880
[replaying  70%] replaying BTC-USDT @ 1787345940
[replaying  70%] replaying ETH-USDT @ 1787345940
[replaying  70%] replaying BTC-USDT @ 1787346000
[replaying  70%] replaying ETH-USDT @ 1787346000
[replaying  70%] replaying BTC-USDT @ 1787346060
[replaying  70%] replaying ETH-USDT @ 1787346060
[replaying  70%] replaying BTC-USDT @ 1787346120
[replaying  70%] replaying ETH-USDT @ 1787346120
[replaying  70%] replaying BTC-USDT @ 1787346180
[replaying  70%] replaying ETH-USDT @ 1787346180
[replaying  70%] replaying BTC-USDT @ 1787346240
[replaying  70%] replaying ETH-USDT @ 1787346240
[replaying  70%] replaying BTC-USDT @ 1787346300
[replaying  70%] replaying ETH-USDT @ 1787346300
[replaying  70%] replaying BTC-USDT @ 1787346360
[replaying  70%] replaying ETH-USDT @ 1787346360
[replaying  70%] replaying BTC-USDT @ 1787346420
[replaying  70%] replaying ETH-USDT @ 1787346420
[replaying  70%] replaying BTC-USDT @ 1787346480
[replaying  70%] replaying ETH-USDT @ 1787346480
[replaying  70%] replaying BTC-USDT @ 1787346540
[replaying  70%] replaying ETH-USDT @ 1787346540
[replaying  70%] replaying BTC-USDT @ 1787346600
[replaying  70%] replaying ETH-USDT @ 1787346600
[replaying  70%] replaying BTC-USDT @ 1787346660
[replaying  70%] replaying ETH-USDT @ 1787346660
[replaying  70%] replaying BTC-USDT @ 1787346720
[replaying  70%] replaying ETH-USDT @ 1787346720
[replaying  70%] replaying BTC-USDT @ 1787346780
[replaying  70%] replaying ETH-USDT @ 1787346780
[replaying  70%] replaying BTC-USDT @ 1787346840
[replaying  70%] replaying ETH-USDT @ 1787346840
[replaying  70%] replaying BTC-USDT @ 1787346900
[replaying  70%] replaying ETH-USDT @ 1787346900
[replaying  70%] replaying BTC-USDT @ 1787346960
[replaying  70%] replaying ETH-USDT @ 1787346960
[replaying  70%] replaying BTC-USDT @ 1787347020
[replaying  70%] replaying ETH-USDT @ 1787347020
[replaying  70%] replaying BTC-USDT @ 1787347080
[replaying  70%] replaying ETH-USDT @ 1787347080
[replaying  70%] replaying BTC-USDT @ 1787347140
[replaying  70%] replaying ETH-USDT @ 1787347140
[replaying  70%] replaying BTC-USDT @ 1787347200
[replaying  70%] replaying ETH-USDT @ 1787347200
[replaying  70%] replaying BTC-USDT @ 1787347260
[replaying  70%] replaying ETH-USDT @ 1787347260
[replaying  70%] replaying BTC-USDT @ 1787347320
[replaying  70%] replaying ETH-USDT @ 1787347320
[replaying  70%] replaying BTC-USDT @ 1787347380
[replaying  70%] replaying ETH-USDT @ 1787347380
[replaying  70%] replaying BTC-USDT @ 1787347440
[replaying  70%] replaying ETH-USDT @ 1787347440
[replaying  70%] replaying BTC-USDT @ 1787347500
[replaying  70%] replaying ETH-USDT @ 1787347500
[replaying  70%] replaying BTC-USDT @ 1787347560
[replaying  70%] replaying ETH-USDT @ 1787347560
[replaying  70%] replaying BTC-USDT @ 1787347620
[replaying  70%] replaying ETH-USDT @ 1787347620
[replaying  70%] replaying BTC-USDT @ 1787347680
[replaying  70%] replaying ETH-USDT @ 1787347680
[replaying  70%] replaying BTC-USDT @ 1787347740
[replaying  70%] replaying ETH-USDT @ 1787347740
[replaying  70%] replaying BTC-USDT @ 1787347800
[replaying  70%] replaying ETH-USDT @ 1787347800
[replaying  70%] replaying BTC-USDT @ 1787347860
[replaying  70%] replaying ETH-USDT @ 1787347860
[replaying  70%] replaying BTC-USDT @ 1787347920
[replaying  70%] replaying ETH-USDT @ 1787347920
[replaying  70%] replaying BTC-USDT @ 1787347980
[replaying  70%] replaying ETH-USDT @ 1787347980
[replaying  71%] replaying BTC-USDT @ 1787348040
[replaying  71%] replaying ETH-USDT @ 1787348040
[replaying  71%] replaying BTC-USDT @ 1787348100
[replaying  71%] replaying ETH-USDT @ 1787348100
[replaying  71%] replaying BTC-USDT @ 1787348160
[replaying  71%] replaying ETH-USDT @ 1787348160
[replaying  71%] replaying BTC-USDT @ 1787348220
[replaying  71%] replaying ETH-USDT @ 1787348220
[replaying  71%] replaying BTC-USDT @ 1787348280
[replaying  71%] replaying ETH-USDT @ 1787348280
[replaying  71%] replaying BTC-USDT @ 1787348340
[replaying  71%] replaying ETH-USDT @ 1787348340
[replaying  71%] replaying BTC-USDT @ 1787348400
[replaying  71%] replaying ETH-USDT @ 1787348400
[replaying  71%] replaying BTC-USDT @ 1787348460
[replaying  71%] replaying ETH-USDT @ 1787348460
[replaying  71%] replaying BTC-USDT @ 1787348520
[replaying  71%] replaying ETH-USDT @ 1787348520
[replaying  71%] replaying BTC-USDT @ 1787348580
[replaying  71%] replaying ETH-USDT @ 1787348580
[replaying  71%] replaying BTC-USDT @ 1787348640
[replaying  71%] replaying ETH-USDT @ 1787348640
[replaying  71%] replaying BTC-USDT @ 1787348700
[replaying  71%] replaying ETH-USDT @ 1787348700
[replaying  71%] replaying BTC-USDT @ 1787348760
[replaying  71%] replaying ETH-USDT @ 1787348760
[replaying  71%] replaying BTC-USDT @ 1787348820
[replaying  71%] replaying ETH-USDT @ 1787348820
[replaying  71%] replaying BTC-USDT @ 1787348880
[replaying  71%] replaying ETH-USDT @ 1787348880
[replaying  71%] replaying BTC-USDT @ 1787348940
[replaying  71%] replaying ETH-USDT @ 1787348940
[replaying  71%] replaying BTC-USDT @ 1787349000
[replaying  71%] replaying ETH-USDT @ 1787349000
[replaying  71%] replaying BTC-USDT @ 1787349060
[replaying  71%] replaying ETH-USDT @ 1787349060
[replaying  71%] replaying BTC-USDT @ 1787349120
[replaying  71%] replaying ETH-USDT @ 1787349120
[replaying  71%] replaying BTC-USDT @ 1787349180
[replaying  71%] replaying ETH-USDT @ 1787349180
[replaying  71%] replaying BTC-USDT @ 1787349240
[replaying  71%] replaying ETH-USDT @ 1787349240
[replaying  71%] replaying BTC-USDT @ 1787349300
[replaying  71%] replaying ETH-USDT @ 1787349300
[replaying  71%] replaying BTC-USDT @ 1787349360
[replaying  71%] replaying ETH-USDT @ 1787349360
[replaying  71%] replaying BTC-USDT @ 1787349420
[replaying  71%] replaying ETH-USDT @ 1787349420
[replaying  71%] replaying BTC-USDT @ 1787349480
[replaying  71%] replaying ETH-USDT @ 1787349480
[replaying  71%] replaying BTC-USDT @ 1787349540
[replaying  71%] replaying ETH-USDT @ 1787349540
[replaying  71%] replaying BTC-USDT @ 1787349600
[replaying  71%] replaying ETH-USDT @ 1787349600
[replaying  71%] replaying BTC-USDT @ 1787349660
[replaying  71%] replaying ETH-USDT @ 1787349660
[replaying  71%] replaying BTC-USDT @ 1787349720
[replaying  71%] replaying ETH-USDT @ 1787349720
[replaying  71%] replaying BTC-USDT @ 1787349780
[replaying  71%] replaying ETH-USDT @ 1787349780
[replaying  71%] replaying BTC-USDT @ 1787349840
[replaying  71%] replaying ETH-USDT @ 1787349840
[replaying  71%] replaying BTC-USDT @ 1787349900
[replaying  71%] replaying ETH-USDT @ 1787349900
[replaying  71%] replaying BTC-USDT @ 1787349960
[replaying  71%] replaying ETH-USDT @ 1787349960
[replaying  71%] replaying BTC-USDT @ 1787350020
[replaying  71%] replaying ETH-USDT @ 1787350020
[replaying  71%] replaying BTC-USDT @ 1787350080
[replaying  71%] replaying ETH-USDT @ 1787350080
[replaying  71%] replaying BTC-USDT @ 1787350140
[replaying  71%] replaying ETH-USDT @ 1787350140
[replaying  71%] replaying BTC-USDT @ 1787350200
[replaying  71%] replaying ETH-USDT @ 1787350200
[replaying  71%] replaying BTC-USDT @ 1787350260
[replaying  71%] replaying ETH-USDT @ 1787350260
[replaying  71%] replaying BTC-USDT @ 1787350320
[replaying  71%] replaying ETH-USDT @ 1787350320
[replaying  71%] replaying BTC-USDT @ 1787350380
[replaying  71%] replaying ETH-USDT @ 1787350380
[replaying  71%] replaying BTC-USDT @ 1787350440
[replaying  71%] replaying ETH-USDT @ 1787350440
[replaying  71%] replaying BTC-USDT @ 1787350500
[replaying  71%] replaying ETH-USDT @ 1787350500
[replaying  71%] replaying BTC-USDT @ 1787350560
[replaying  71%] replaying ETH-USDT @ 1787350560
[replaying  71%] replaying BTC-USDT @ 1787350620
[replaying  71%] replaying ETH-USDT @ 1787350620
[replaying  71%] replaying BTC-USDT @ 1787350680
[replaying  71%] replaying ETH-USDT @ 1787350680
[replaying  71%] replaying BTC-USDT @ 1787350740
[replaying  71%] replaying ETH-USDT @ 1787350740
[replaying  71%] replaying BTC-USDT @ 1787350800
[replaying  71%] replaying ETH-USDT @ 1787350800
[replaying  71%] replaying BTC-USDT @ 1787350860
[replaying  71%] replaying ETH-USDT @ 1787350860
[replaying  71%] replaying BTC-USDT @ 1787350920
[replaying  71%] replaying ETH-USDT @ 1787350920
[replaying  71%] replaying BTC-USDT @ 1787350980
[replaying  71%] replaying ETH-USDT @ 1787350980
[replaying  71%] replaying BTC-USDT @ 1787351040
[replaying  71%] replaying ETH-USDT @ 1787351040
[replaying  71%] replaying BTC-USDT @ 1787351100
[replaying  71%] replaying ETH-USDT @ 1787351100
[replaying  71%] replaying BTC-USDT @ 1787351160
[replaying  71%] replaying ETH-USDT @ 1787351160
[replaying  71%] replaying BTC-USDT @ 1787351220
[replaying  71%] replaying ETH-USDT @ 1787351220
[replaying  71%] replaying BTC-USDT @ 1787351280
[replaying  71%] replaying ETH-USDT @ 1787351280
[replaying  71%] replaying BTC-USDT @ 1787351340
[replaying  71%] replaying ETH-USDT @ 1787351340
[replaying  72%] replaying BTC-USDT @ 1787351400
[replaying  72%] replaying ETH-USDT @ 1787351400
[replaying  72%] replaying BTC-USDT @ 1787351460
[replaying  72%] replaying ETH-USDT @ 1787351460
[replaying  72%] replaying BTC-USDT @ 1787351520
[replaying  72%] replaying ETH-USDT @ 1787351520
[replaying  72%] replaying BTC-USDT @ 1787351580
[replaying  72%] replaying ETH-USDT @ 1787351580
[replaying  72%] replaying BTC-USDT @ 1787351640
[replaying  72%] replaying ETH-USDT @ 1787351640
[replaying  72%] replaying BTC-USDT @ 1787351700
[replaying  72%] replaying ETH-USDT @ 1787351700
[replaying  72%] replaying BTC-USDT @ 1787351760
[replaying  72%] replaying ETH-USDT @ 1787351760
[replaying  72%] replaying BTC-USDT @ 1787351820
[replaying  72%] replaying ETH-USDT @ 1787351820
[replaying  72%] replaying BTC-USDT @ 1787351880
[replaying  72%] replaying ETH-USDT @ 1787351880
[replaying  72%] replaying BTC-USDT @ 1787351940
[replaying  72%] replaying ETH-USDT @ 1787351940
[replaying  72%] replaying BTC-USDT @ 1787352000
[replaying  72%] replaying ETH-USDT @ 1787352000
[replaying  72%] replaying BTC-USDT @ 1787352060
[replaying  72%] replaying ETH-USDT @ 1787352060
[replaying  72%] replaying BTC-USDT @ 1787352120
[replaying  72%] replaying ETH-USDT @ 1787352120
[replaying  72%] replaying BTC-USDT @ 1787352180
[replaying  72%] replaying ETH-USDT @ 1787352180
[replaying  72%] replaying BTC-USDT @ 1787352240
[replaying  72%] replaying ETH-USDT @ 1787352240
[replaying  72%] replaying BTC-USDT @ 1787352300
[replaying  72%] replaying ETH-USDT @ 1787352300
[replaying  72%] replaying BTC-USDT @ 1787352360
[replaying  72%] replaying ETH-USDT @ 1787352360
[replaying  72%] replaying BTC-USDT @ 1787352420
[replaying  72%] replaying ETH-USDT @ 1787352420
[replaying  72%] replaying BTC-USDT @ 1787352480
[replaying  72%] replaying ETH-USDT @ 1787352480
[replaying  72%] replaying BTC-USDT @ 1787352540
[replaying  72%] replaying ETH-USDT @ 1787352540
[replaying  72%] replaying BTC-USDT @ 1787352600
[replaying  72%] replaying ETH-USDT @ 1787352600
[replaying  72%] replaying BTC-USDT @ 1787352660
[replaying  72%] replaying ETH-USDT @ 1787352660
[replaying  72%] replaying BTC-USDT @ 1787352720
[replaying  72%] replaying ETH-USDT @ 1787352720
[replaying  72%] replaying BTC-USDT @ 1787352780
[replaying  72%] replaying ETH-USDT @ 1787352780
[replaying  72%] replaying BTC-USDT @ 1787352840
[replaying  72%] replaying ETH-USDT @ 1787352840
[replaying  72%] replaying BTC-USDT @ 1787352900
[replaying  72%] replaying ETH-USDT @ 1787352900
[replaying  72%] replaying BTC-USDT @ 1787352960
[replaying  72%] replaying ETH-USDT @ 1787352960
[replaying  72%] replaying BTC-USDT @ 1787353020
[replaying  72%] replaying ETH-USDT @ 1787353020
[replaying  72%] replaying BTC-USDT @ 1787353080
[replaying  72%] replaying ETH-USDT @ 1787353080
[replaying  72%] replaying BTC-USDT @ 1787353140
[replaying  72%] replaying ETH-USDT @ 1787353140
[replaying  72%] replaying BTC-USDT @ 1787353200
[replaying  72%] replaying ETH-USDT @ 1787353200
[replaying  72%] replaying BTC-USDT @ 1787353260
[replaying  72%] replaying ETH-USDT @ 1787353260
[replaying  72%] replaying BTC-USDT @ 1787353320
[replaying  72%] replaying ETH-USDT @ 1787353320
[replaying  72%] replaying BTC-USDT @ 1787353380
[replaying  72%] replaying ETH-USDT @ 1787353380
[replaying  72%] replaying BTC-USDT @ 1787353440
[replaying  72%] replaying ETH-USDT @ 1787353440
[replaying  72%] replaying BTC-USDT @ 1787353500
[replaying  72%] replaying ETH-USDT @ 1787353500
[replaying  72%] replaying BTC-USDT @ 1787353560
[replaying  72%] replaying ETH-USDT @ 1787353560
[replaying  72%] replaying BTC-USDT @ 1787353620
[replaying  72%] replaying ETH-USDT @ 1787353620
[replaying  72%] replaying BTC-USDT @ 1787353680
[replaying  72%] replaying ETH-USDT @ 1787353680
[replaying  72%] replaying BTC-USDT @ 1787353740
[replaying  72%] replaying ETH-USDT @ 1787353740
[replaying  72%] replaying BTC-USDT @ 1787353800
[replaying  72%] replaying ETH-USDT @ 1787353800
[replaying  72%] replaying BTC-USDT @ 1787353860
[replaying  72%] replaying ETH-USDT @ 1787353860
[replaying  72%] replaying BTC-USDT @ 1787353920
[replaying  72%] replaying ETH-USDT @ 1787353920
[replaying  72%] replaying BTC-USDT @ 1787353980
[replaying  72%] replaying ETH-USDT @ 1787353980
[replaying  72%] replaying BTC-USDT @ 1787354040
[replaying  72%] replaying ETH-USDT @ 1787354040
[replaying  72%] replaying BTC-USDT @ 1787354100
[replaying  72%] replaying ETH-USDT @ 1787354100
[replaying  72%] replaying BTC-USDT @ 1787354160
[replaying  72%] replaying ETH-USDT @ 1787354160
[replaying  72%] replaying BTC-USDT @ 1787354220
[replaying  72%] replaying ETH-USDT @ 1787354220
[replaying  72%] replaying BTC-USDT @ 1787354280
[replaying  72%] replaying ETH-USDT @ 1787354280
[replaying  72%] replaying BTC-USDT @ 1787354340
[replaying  72%] replaying ETH-USDT @ 1787354340
[replaying  72%] replaying BTC-USDT @ 1787354400
[replaying  72%] replaying ETH-USDT @ 1787354400
[replaying  72%] replaying BTC-USDT @ 1787354460
[replaying  72%] replaying ETH-USDT @ 1787354460
[replaying  72%] replaying BTC-USDT @ 1787354520
[replaying  72%] replaying ETH-USDT @ 1787354520
[replaying  72%] replaying BTC-USDT @ 1787354580
[replaying  72%] replaying ETH-USDT @ 1787354580
[replaying  72%] replaying BTC-USDT @ 1787354640
[replaying  72%] replaying ETH-USDT @ 1787354640
[replaying  72%] replaying BTC-USDT @ 1787354700
[replaying  73%] replaying ETH-USDT @ 1787354700
[replaying  73%] replaying BTC-USDT @ 1787354760
[replaying  73%] replaying ETH-USDT @ 1787354760
[replaying  73%] replaying BTC-USDT @ 1787354820
[replaying  73%] replaying ETH-USDT @ 1787354820
[replaying  73%] replaying BTC-USDT @ 1787354880
[replaying  73%] replaying ETH-USDT @ 1787354880
[replaying  73%] replaying BTC-USDT @ 1787354940
[replaying  73%] replaying ETH-USDT @ 1787354940
[replaying  73%] replaying BTC-USDT @ 1787355000
[replaying  73%] replaying ETH-USDT @ 1787355000
[replaying  73%] replaying BTC-USDT @ 1787355060
[replaying  73%] replaying ETH-USDT @ 1787355060
[replaying  73%] replaying BTC-USDT @ 1787355120
[replaying  73%] replaying ETH-USDT @ 1787355120
[replaying  73%] replaying BTC-USDT @ 1787355180
[replaying  73%] replaying ETH-USDT @ 1787355180
[replaying  73%] replaying BTC-USDT @ 1787355240
[replaying  73%] replaying ETH-USDT @ 1787355240
[replaying  73%] replaying BTC-USDT @ 1787355300
[replaying  73%] replaying ETH-USDT @ 1787355300
[replaying  73%] replaying BTC-USDT @ 1787355360
[replaying  73%] replaying ETH-USDT @ 1787355360
[replaying  73%] replaying BTC-USDT @ 1787355420
[replaying  73%] replaying ETH-USDT @ 1787355420
[replaying  73%] replaying BTC-USDT @ 1787355480
[replaying  73%] replaying ETH-USDT @ 1787355480
[replaying  73%] replaying BTC-USDT @ 1787355540
[replaying  73%] replaying ETH-USDT @ 1787355540
[replaying  73%] replaying BTC-USDT @ 1787355600
[replaying  73%] replaying ETH-USDT @ 1787355600
[replaying  73%] replaying BTC-USDT @ 1787355660
[replaying  73%] replaying ETH-USDT @ 1787355660
[replaying  73%] replaying BTC-USDT @ 1787355720
[replaying  73%] replaying ETH-USDT @ 1787355720
[replaying  73%] replaying BTC-USDT @ 1787355780
[replaying  73%] replaying ETH-USDT @ 1787355780
[replaying  73%] replaying BTC-USDT @ 1787355840
[replaying  73%] replaying ETH-USDT @ 1787355840
[replaying  73%] replaying BTC-USDT @ 1787355900
[replaying  73%] replaying ETH-USDT @ 1787355900
[replaying  73%] replaying BTC-USDT @ 1787355960
[replaying  73%] replaying ETH-USDT @ 1787355960
[replaying  73%] replaying BTC-USDT @ 1787356020
[replaying  73%] replaying ETH-USDT @ 1787356020
[replaying  73%] replaying BTC-USDT @ 1787356080
[replaying  73%] replaying ETH-USDT @ 1787356080
[replaying  73%] replaying BTC-USDT @ 1787356140
[replaying  73%] replaying ETH-USDT @ 1787356140
[replaying  73%] replaying BTC-USDT @ 1787356200
[replaying  73%] replaying ETH-USDT @ 1787356200
[replaying  73%] replaying BTC-USDT @ 1787356260
[replaying  73%] replaying ETH-USDT @ 1787356260
[replaying  73%] replaying BTC-USDT @ 1787356320
[replaying  73%] replaying ETH-USDT @ 1787356320
[replaying  73%] replaying BTC-USDT @ 1787356380
[replaying  73%] replaying ETH-USDT @ 1787356380
[replaying  73%] replaying BTC-USDT @ 1787356440
[replaying  73%] replaying ETH-USDT @ 1787356440
[replaying  73%] replaying BTC-USDT @ 1787356500
[replaying  73%] replaying ETH-USDT @ 1787356500
[replaying  73%] replaying BTC-USDT @ 1787356560
[replaying  73%] replaying ETH-USDT @ 1787356560
[replaying  73%] replaying BTC-USDT @ 1787356620
[replaying  73%] replaying ETH-USDT @ 1787356620
[replaying  73%] replaying BTC-USDT @ 1787356680
[replaying  73%] replaying ETH-USDT @ 1787356680
[replaying  73%] replaying BTC-USDT @ 1787356740
[replaying  73%] replaying ETH-USDT @ 1787356740
[replaying  73%] replaying BTC-USDT @ 1787356800
[replaying  73%] replaying ETH-USDT @ 1787356800
[replaying  73%] replaying BTC-USDT @ 1787356860
[replaying  73%] replaying ETH-USDT @ 1787356860
[replaying  73%] replaying BTC-USDT @ 1787356920
[replaying  73%] replaying ETH-USDT @ 1787356920
[replaying  73%] replaying BTC-USDT @ 1787356980
[replaying  73%] replaying ETH-USDT @ 1787356980
[replaying  73%] replaying BTC-USDT @ 1787357040
[replaying  73%] replaying ETH-USDT @ 1787357040
[replaying  73%] replaying BTC-USDT @ 1787357100
[replaying  73%] replaying ETH-USDT @ 1787357100
[replaying  73%] replaying BTC-USDT @ 1787357160
[replaying  73%] replaying ETH-USDT @ 1787357160
[replaying  73%] replaying BTC-USDT @ 1787357220
[replaying  73%] replaying ETH-USDT @ 1787357220
[replaying  73%] replaying BTC-USDT @ 1787357280
[replaying  73%] replaying ETH-USDT @ 1787357280
[replaying  73%] replaying BTC-USDT @ 1787357340
[replaying  73%] replaying ETH-USDT @ 1787357340
[replaying  73%] replaying BTC-USDT @ 1787357400
[replaying  73%] replaying ETH-USDT @ 1787357400
[replaying  73%] replaying BTC-USDT @ 1787357460
[replaying  73%] replaying ETH-USDT @ 1787357460
[replaying  73%] replaying BTC-USDT @ 1787357520
[replaying  73%] replaying ETH-USDT @ 1787357520
[replaying  73%] replaying BTC-USDT @ 1787357580
[replaying  73%] replaying ETH-USDT @ 1787357580
[replaying  73%] replaying BTC-USDT @ 1787357640
[replaying  73%] replaying ETH-USDT @ 1787357640
[replaying  73%] replaying BTC-USDT @ 1787357700
[replaying  73%] replaying ETH-USDT @ 1787357700
[replaying  73%] replaying BTC-USDT @ 1787357760
[replaying  73%] replaying ETH-USDT @ 1787357760
[replaying  73%] replaying BTC-USDT @ 1787357820
[replaying  73%] replaying ETH-USDT @ 1787357820
[replaying  73%] replaying BTC-USDT @ 1787357880
[replaying  73%] replaying ETH-USDT @ 1787357880
[replaying  73%] replaying BTC-USDT @ 1787357940
[replaying  73%] replaying ETH-USDT @ 1787357940
[replaying  73%] replaying BTC-USDT @ 1787358000
[replaying  73%] replaying ETH-USDT @ 1787358000
[replaying  74%] replaying BTC-USDT @ 1787358060
[replaying  74%] replaying ETH-USDT @ 1787358060
[replaying  74%] replaying BTC-USDT @ 1787358120
[replaying  74%] replaying ETH-USDT @ 1787358120
[replaying  74%] replaying BTC-USDT @ 1787358180
[replaying  74%] replaying ETH-USDT @ 1787358180
[replaying  74%] replaying BTC-USDT @ 1787358240
[replaying  74%] replaying ETH-USDT @ 1787358240
[replaying  74%] replaying BTC-USDT @ 1787358300
[replaying  74%] replaying ETH-USDT @ 1787358300
[replaying  74%] replaying BTC-USDT @ 1787358360
[replaying  74%] replaying ETH-USDT @ 1787358360
[replaying  74%] replaying BTC-USDT @ 1787358420
[replaying  74%] replaying ETH-USDT @ 1787358420
[replaying  74%] replaying BTC-USDT @ 1787358480
[replaying  74%] replaying ETH-USDT @ 1787358480
[replaying  74%] replaying BTC-USDT @ 1787358540
[replaying  74%] replaying ETH-USDT @ 1787358540
[replaying  74%] replaying BTC-USDT @ 1787358600
[replaying  74%] replaying ETH-USDT @ 1787358600
[replaying  74%] replaying BTC-USDT @ 1787358660
[replaying  74%] replaying ETH-USDT @ 1787358660
[replaying  74%] replaying BTC-USDT @ 1787358720
[replaying  74%] replaying ETH-USDT @ 1787358720
[replaying  74%] replaying BTC-USDT @ 1787358780
[replaying  74%] replaying ETH-USDT @ 1787358780
[replaying  74%] replaying BTC-USDT @ 1787358840
[replaying  74%] replaying ETH-USDT @ 1787358840
[replaying  74%] replaying BTC-USDT @ 1787358900
[replaying  74%] replaying ETH-USDT @ 1787358900
[replaying  74%] replaying BTC-USDT @ 1787358960
[replaying  74%] replaying ETH-USDT @ 1787358960
[replaying  74%] replaying BTC-USDT @ 1787359020
[replaying  74%] replaying ETH-USDT @ 1787359020
[replaying  74%] replaying BTC-USDT @ 1787359080
[replaying  74%] replaying ETH-USDT @ 1787359080
[replaying  74%] replaying BTC-USDT @ 1787359140
[replaying  74%] replaying ETH-USDT @ 1787359140
[replaying  74%] replaying BTC-USDT @ 1787359200
[replaying  74%] replaying ETH-USDT @ 1787359200
[replaying  74%] replaying BTC-USDT @ 1787359260
[replaying  74%] replaying ETH-USDT @ 1787359260
[replaying  74%] replaying BTC-USDT @ 1787359320
[replaying  74%] replaying ETH-USDT @ 1787359320
[replaying  74%] replaying BTC-USDT @ 1787359380
[replaying  74%] replaying ETH-USDT @ 1787359380
[replaying  74%] replaying BTC-USDT @ 1787359440
[replaying  74%] replaying ETH-USDT @ 1787359440
[replaying  74%] replaying BTC-USDT @ 1787359500
[replaying  74%] replaying ETH-USDT @ 1787359500
[replaying  74%] replaying BTC-USDT @ 1787359560
[replaying  74%] replaying ETH-USDT @ 1787359560
[replaying  74%] replaying BTC-USDT @ 1787359620
[replaying  74%] replaying ETH-USDT @ 1787359620
[replaying  74%] replaying BTC-USDT @ 1787359680
[replaying  74%] replaying ETH-USDT @ 1787359680
[replaying  74%] replaying BTC-USDT @ 1787359740
[replaying  74%] replaying ETH-USDT @ 1787359740
[replaying  74%] replaying BTC-USDT @ 1787359800
[replaying  74%] replaying ETH-USDT @ 1787359800
[replaying  74%] replaying BTC-USDT @ 1787359860
[replaying  74%] replaying ETH-USDT @ 1787359860
[replaying  74%] replaying BTC-USDT @ 1787359920
[replaying  74%] replaying ETH-USDT @ 1787359920
[replaying  74%] replaying BTC-USDT @ 1787359980
[replaying  74%] replaying ETH-USDT @ 1787359980
[replaying  74%] replaying BTC-USDT @ 1787360040
[replaying  74%] replaying ETH-USDT @ 1787360040
[replaying  74%] replaying BTC-USDT @ 1787360100
[replaying  74%] replaying ETH-USDT @ 1787360100
[replaying  74%] replaying BTC-USDT @ 1787360160
[replaying  74%] replaying ETH-USDT @ 1787360160
[replaying  74%] replaying BTC-USDT @ 1787360220
[replaying  74%] replaying ETH-USDT @ 1787360220
[replaying  74%] replaying BTC-USDT @ 1787360280
[replaying  74%] replaying ETH-USDT @ 1787360280
[replaying  74%] replaying BTC-USDT @ 1787360340
[replaying  74%] replaying ETH-USDT @ 1787360340
[replaying  74%] replaying BTC-USDT @ 1787360400
[replaying  74%] replaying ETH-USDT @ 1787360400
[replaying  74%] replaying BTC-USDT @ 1787360460
[replaying  74%] replaying ETH-USDT @ 1787360460
[replaying  74%] replaying BTC-USDT @ 1787360520
[replaying  74%] replaying ETH-USDT @ 1787360520
[replaying  74%] replaying BTC-USDT @ 1787360580
[replaying  74%] replaying ETH-USDT @ 1787360580
[replaying  74%] replaying BTC-USDT @ 1787360640
[replaying  74%] replaying ETH-USDT @ 1787360640
[replaying  74%] replaying BTC-USDT @ 1787360700
[replaying  74%] replaying ETH-USDT @ 1787360700
[replaying  74%] replaying BTC-USDT @ 1787360760
[replaying  74%] replaying ETH-USDT @ 1787360760
[replaying  74%] replaying BTC-USDT @ 1787360820
[replaying  74%] replaying ETH-USDT @ 1787360820
[replaying  74%] replaying BTC-USDT @ 1787360880
[replaying  74%] replaying ETH-USDT @ 1787360880
[replaying  74%] replaying BTC-USDT @ 1787360940
[replaying  74%] replaying ETH-USDT @ 1787360940
[replaying  74%] replaying BTC-USDT @ 1787361000
[replaying  74%] replaying ETH-USDT @ 1787361000
[replaying  74%] replaying BTC-USDT @ 1787361060
[replaying  74%] replaying ETH-USDT @ 1787361060
[replaying  74%] replaying BTC-USDT @ 1787361120
[replaying  74%] replaying ETH-USDT @ 1787361120
[replaying  74%] replaying BTC-USDT @ 1787361180
[replaying  74%] replaying ETH-USDT @ 1787361180
[replaying  74%] replaying BTC-USDT @ 1787361240
[replaying  74%] replaying ETH-USDT @ 1787361240
[replaying  74%] replaying BTC-USDT @ 1787361300
[replaying  74%] replaying ETH-USDT @ 1787361300
[replaying  74%] replaying BTC-USDT @ 1787361360
[replaying  74%] replaying ETH-USDT @ 1787361360
[replaying  75%] replaying BTC-USDT @ 1787361420
[replaying  75%] replaying ETH-USDT @ 1787361420
[replaying  75%] replaying BTC-USDT @ 1787361480
[replaying  75%] replaying ETH-USDT @ 1787361480
[replaying  75%] replaying BTC-USDT @ 1787361540
[replaying  75%] replaying ETH-USDT @ 1787361540
[replaying  75%] replaying BTC-USDT @ 1787361600
[replaying  75%] replaying ETH-USDT @ 1787361600
[replaying  75%] replaying BTC-USDT @ 1787361660
[replaying  75%] replaying ETH-USDT @ 1787361660
[replaying  75%] replaying BTC-USDT @ 1787361720
[replaying  75%] replaying ETH-USDT @ 1787361720
[replaying  75%] replaying BTC-USDT @ 1787361780
[replaying  75%] replaying ETH-USDT @ 1787361780
[replaying  75%] replaying BTC-USDT @ 1787361840
[replaying  75%] replaying ETH-USDT @ 1787361840
[replaying  75%] replaying BTC-USDT @ 1787361900
[replaying  75%] replaying ETH-USDT @ 1787361900
[replaying  75%] replaying BTC-USDT @ 1787361960
[replaying  75%] replaying ETH-USDT @ 1787361960
[replaying  75%] replaying BTC-USDT @ 1787362020
[replaying  75%] replaying ETH-USDT @ 1787362020
[replaying  75%] replaying BTC-USDT @ 1787362080
[replaying  75%] replaying ETH-USDT @ 1787362080
[replaying  75%] replaying BTC-USDT @ 1787362140
[replaying  75%] replaying ETH-USDT @ 1787362140
[replaying  75%] replaying BTC-USDT @ 1787362200
[replaying  75%] replaying ETH-USDT @ 1787362200
[replaying  75%] replaying BTC-USDT @ 1787362260
[replaying  75%] replaying ETH-USDT @ 1787362260
[replaying  75%] replaying BTC-USDT @ 1787362320
[replaying  75%] replaying ETH-USDT @ 1787362320
[replaying  75%] replaying BTC-USDT @ 1787362380
[replaying  75%] replaying ETH-USDT @ 1787362380
[replaying  75%] replaying BTC-USDT @ 1787362440
[replaying  75%] replaying ETH-USDT @ 1787362440
[replaying  75%] replaying BTC-USDT @ 1787362500
[replaying  75%] replaying ETH-USDT @ 1787362500
[replaying  75%] replaying BTC-USDT @ 1787362560
[replaying  75%] replaying ETH-USDT @ 1787362560
[replaying  75%] replaying BTC-USDT @ 1787362620
[replaying  75%] replaying ETH-USDT @ 1787362620
[replaying  75%] replaying BTC-USDT @ 1787362680
[replaying  75%] replaying ETH-USDT @ 1787362680
[replaying  75%] replaying BTC-USDT @ 1787362740
[replaying  75%] replaying ETH-USDT @ 1787362740
[replaying  75%] replaying BTC-USDT @ 1787362800
[replaying  75%] replaying ETH-USDT @ 1787362800
[replaying  75%] replaying BTC-USDT @ 1787362860
[replaying  75%] replaying ETH-USDT @ 1787362860
[replaying  75%] replaying BTC-USDT @ 1787362920
[replaying  75%] replaying ETH-USDT @ 1787362920
[replaying  75%] replaying BTC-USDT @ 1787362980
[replaying  75%] replaying ETH-USDT @ 1787362980
[replaying  75%] replaying BTC-USDT @ 1787363040
[replaying  75%] replaying ETH-USDT @ 1787363040
[replaying  75%] replaying BTC-USDT @ 1787363100
[replaying  75%] replaying ETH-USDT @ 1787363100
[replaying  75%] replaying BTC-USDT @ 1787363160
[replaying  75%] replaying ETH-USDT @ 1787363160
[replaying  75%] replaying BTC-USDT @ 1787363220
[replaying  75%] replaying ETH-USDT @ 1787363220
[replaying  75%] replaying BTC-USDT @ 1787363280
[replaying  75%] replaying ETH-USDT @ 1787363280
[replaying  75%] replaying BTC-USDT @ 1787363340
[replaying  75%] replaying ETH-USDT @ 1787363340
[replaying  75%] replaying BTC-USDT @ 1787363400
[replaying  75%] replaying ETH-USDT @ 1787363400
[replaying  75%] replaying BTC-USDT @ 1787363460
[replaying  75%] replaying ETH-USDT @ 1787363460
[replaying  75%] replaying BTC-USDT @ 1787363520
[replaying  75%] replaying ETH-USDT @ 1787363520
[replaying  75%] replaying BTC-USDT @ 1787363580
[replaying  75%] replaying ETH-USDT @ 1787363580
[replaying  75%] replaying BTC-USDT @ 1787363640
[replaying  75%] replaying ETH-USDT @ 1787363640
[replaying  75%] replaying BTC-USDT @ 1787363700
[replaying  75%] replaying ETH-USDT @ 1787363700
[replaying  75%] replaying BTC-USDT @ 1787363760
[replaying  75%] replaying ETH-USDT @ 1787363760
[replaying  75%] replaying BTC-USDT @ 1787363820
[replaying  75%] replaying ETH-USDT @ 1787363820
[replaying  75%] replaying BTC-USDT @ 1787363880
[replaying  75%] replaying ETH-USDT @ 1787363880
[replaying  75%] replaying BTC-USDT @ 1787363940
[replaying  75%] replaying ETH-USDT @ 1787363940
[replaying  75%] replaying BTC-USDT @ 1787364000
[replaying  75%] replaying ETH-USDT @ 1787364000
[replaying  75%] replaying BTC-USDT @ 1787364060
[replaying  75%] replaying ETH-USDT @ 1787364060
[replaying  75%] replaying BTC-USDT @ 1787364120
[replaying  75%] replaying ETH-USDT @ 1787364120
[replaying  75%] replaying BTC-USDT @ 1787364180
[replaying  75%] replaying ETH-USDT @ 1787364180
[replaying  75%] replaying BTC-USDT @ 1787364240
[replaying  75%] replaying ETH-USDT @ 1787364240
[replaying  75%] replaying BTC-USDT @ 1787364300
[replaying  75%] replaying ETH-USDT @ 1787364300
[replaying  75%] replaying BTC-USDT @ 1787364360
[replaying  75%] replaying ETH-USDT @ 1787364360
[replaying  75%] replaying BTC-USDT @ 1787364420
[replaying  75%] replaying ETH-USDT @ 1787364420
[replaying  75%] replaying BTC-USDT @ 1787364480
[replaying  75%] replaying ETH-USDT @ 1787364480
[replaying  75%] replaying BTC-USDT @ 1787364540
[replaying  75%] replaying ETH-USDT @ 1787364540
[replaying  75%] replaying BTC-USDT @ 1787364600
[replaying  75%] replaying ETH-USDT @ 1787364600
[replaying  75%] replaying BTC-USDT @ 1787364660
[replaying  75%] replaying ETH-USDT @ 1787364660
[replaying  75%] replaying BTC-USDT @ 1787364720
[replaying  76%] replaying ETH-USDT @ 1787364720
[replaying  76%] replaying BTC-USDT @ 1787364780
[replaying  76%] replaying ETH-USDT @ 1787364780
[replaying  76%] replaying BTC-USDT @ 1787364840
[replaying  76%] replaying ETH-USDT @ 1787364840
[replaying  76%] replaying BTC-USDT @ 1787364900
[replaying  76%] replaying ETH-USDT @ 1787364900
[replaying  76%] replaying BTC-USDT @ 1787364960
[replaying  76%] replaying ETH-USDT @ 1787364960
[replaying  76%] replaying BTC-USDT @ 1787365020
[replaying  76%] replaying ETH-USDT @ 1787365020
[replaying  76%] replaying BTC-USDT @ 1787365080
[replaying  76%] replaying ETH-USDT @ 1787365080
[replaying  76%] replaying BTC-USDT @ 1787365140
[replaying  76%] replaying ETH-USDT @ 1787365140
[replaying  76%] replaying BTC-USDT @ 1787365200
[replaying  76%] replaying ETH-USDT @ 1787365200
[replaying  76%] replaying BTC-USDT @ 1787365260
[replaying  76%] replaying ETH-USDT @ 1787365260
[replaying  76%] replaying BTC-USDT @ 1787365320
[replaying  76%] replaying ETH-USDT @ 1787365320
[replaying  76%] replaying BTC-USDT @ 1787365380
[replaying  76%] replaying ETH-USDT @ 1787365380
[replaying  76%] replaying BTC-USDT @ 1787365440
[replaying  76%] replaying ETH-USDT @ 1787365440
[replaying  76%] replaying BTC-USDT @ 1787365500
[replaying  76%] replaying ETH-USDT @ 1787365500
[replaying  76%] replaying BTC-USDT @ 1787365560
[replaying  76%] replaying ETH-USDT @ 1787365560
[replaying  76%] replaying BTC-USDT @ 1787365620
[replaying  76%] replaying ETH-USDT @ 1787365620
[replaying  76%] replaying BTC-USDT @ 1787365680
[replaying  76%] replaying ETH-USDT @ 1787365680
[replaying  76%] replaying BTC-USDT @ 1787365740
[replaying  76%] replaying ETH-USDT @ 1787365740
[replaying  76%] replaying BTC-USDT @ 1787365800
[replaying  76%] replaying ETH-USDT @ 1787365800
[replaying  76%] replaying BTC-USDT @ 1787365860
[replaying  76%] replaying ETH-USDT @ 1787365860
[replaying  76%] replaying BTC-USDT @ 1787365920
[replaying  76%] replaying ETH-USDT @ 1787365920
[replaying  76%] replaying BTC-USDT @ 1787365980
[replaying  76%] replaying ETH-USDT @ 1787365980
[replaying  76%] replaying BTC-USDT @ 1787366040
[replaying  76%] replaying ETH-USDT @ 1787366040
[replaying  76%] replaying BTC-USDT @ 1787366100
[replaying  76%] replaying ETH-USDT @ 1787366100
[replaying  76%] replaying BTC-USDT @ 1787366160
[replaying  76%] replaying ETH-USDT @ 1787366160
[replaying  76%] replaying BTC-USDT @ 1787366220
[replaying  76%] replaying ETH-USDT @ 1787366220
[replaying  76%] replaying BTC-USDT @ 1787366280
[replaying  76%] replaying ETH-USDT @ 1787366280
[replaying  76%] replaying BTC-USDT @ 1787366340
[replaying  76%] replaying ETH-USDT @ 1787366340
[replaying  76%] replaying BTC-USDT @ 1787366400
[replaying  76%] replaying ETH-USDT @ 1787366400
[replaying  76%] replaying BTC-USDT @ 1787366460
[replaying  76%] replaying ETH-USDT @ 1787366460
[replaying  76%] replaying BTC-USDT @ 1787366520
[replaying  76%] replaying ETH-USDT @ 1787366520
[replaying  76%] replaying BTC-USDT @ 1787366580
[replaying  76%] replaying ETH-USDT @ 1787366580
[replaying  76%] replaying BTC-USDT @ 1787366640
[replaying  76%] replaying ETH-USDT @ 1787366640
[replaying  76%] replaying BTC-USDT @ 1787366700
[replaying  76%] replaying ETH-USDT @ 1787366700
[replaying  76%] replaying BTC-USDT @ 1787366760
[replaying  76%] replaying ETH-USDT @ 1787366760
[replaying  76%] replaying BTC-USDT @ 1787366820
[replaying  76%] replaying ETH-USDT @ 1787366820
[replaying  76%] replaying BTC-USDT @ 1787366880
[replaying  76%] replaying ETH-USDT @ 1787366880
[replaying  76%] replaying BTC-USDT @ 1787366940
[replaying  76%] replaying ETH-USDT @ 1787366940
[replaying  76%] replaying BTC-USDT @ 1787367000
[replaying  76%] replaying ETH-USDT @ 1787367000
[replaying  76%] replaying BTC-USDT @ 1787367060
[replaying  76%] replaying ETH-USDT @ 1787367060
[replaying  76%] replaying BTC-USDT @ 1787367120
[replaying  76%] replaying ETH-USDT @ 1787367120
[replaying  76%] replaying BTC-USDT @ 1787367180
[replaying  76%] replaying ETH-USDT @ 1787367180
[replaying  76%] replaying BTC-USDT @ 1787367240
[replaying  76%] replaying ETH-USDT @ 1787367240
[replaying  76%] replaying BTC-USDT @ 1787367300
[replaying  76%] replaying ETH-USDT @ 1787367300
[replaying  76%] replaying BTC-USDT @ 1787367360
[replaying  76%] replaying ETH-USDT @ 1787367360
[replaying  76%] replaying BTC-USDT @ 1787367420
[replaying  76%] replaying ETH-USDT @ 1787367420
[replaying  76%] replaying BTC-USDT @ 1787367480
[replaying  76%] replaying ETH-USDT @ 1787367480
[replaying  76%] replaying BTC-USDT @ 1787367540
[replaying  76%] replaying ETH-USDT @ 1787367540
[replaying  76%] replaying BTC-USDT @ 1787367600
[replaying  76%] replaying ETH-USDT @ 1787367600
[replaying  76%] replaying BTC-USDT @ 1787367660
[replaying  76%] replaying ETH-USDT @ 1787367660
[replaying  76%] replaying BTC-USDT @ 1787367720
[replaying  76%] replaying ETH-USDT @ 1787367720
[replaying  76%] replaying BTC-USDT @ 1787367780
[replaying  76%] replaying ETH-USDT @ 1787367780
[replaying  76%] replaying BTC-USDT @ 1787367840
[replaying  76%] replaying ETH-USDT @ 1787367840
[replaying  76%] replaying BTC-USDT @ 1787367900
[replaying  76%] replaying ETH-USDT @ 1787367900
[replaying  76%] replaying BTC-USDT @ 1787367960
[replaying  76%] replaying ETH-USDT @ 1787367960
[replaying  76%] replaying BTC-USDT @ 1787368020
[replaying  76%] replaying ETH-USDT @ 1787368020
[replaying  76%] replaying BTC-USDT @ 1787368080
[replaying  77%] replaying ETH-USDT @ 1787368080
[replaying  77%] replaying BTC-USDT @ 1787368140
[replaying  77%] replaying ETH-USDT @ 1787368140
[replaying  77%] replaying BTC-USDT @ 1787368200
[replaying  77%] replaying ETH-USDT @ 1787368200
[replaying  77%] replaying BTC-USDT @ 1787368260
[replaying  77%] replaying ETH-USDT @ 1787368260
[replaying  77%] replaying BTC-USDT @ 1787368320
[replaying  77%] replaying ETH-USDT @ 1787368320
[replaying  77%] replaying BTC-USDT @ 1787368380
[replaying  77%] replaying ETH-USDT @ 1787368380
[replaying  77%] replaying BTC-USDT @ 1787368440
[replaying  77%] replaying ETH-USDT @ 1787368440
[replaying  77%] replaying BTC-USDT @ 1787368500
[replaying  77%] replaying ETH-USDT @ 1787368500
[replaying  77%] replaying BTC-USDT @ 1787368560
[replaying  77%] replaying ETH-USDT @ 1787368560
[replaying  77%] replaying BTC-USDT @ 1787368620
[replaying  77%] replaying ETH-USDT @ 1787368620
[replaying  77%] replaying BTC-USDT @ 1787368680
[replaying  77%] replaying ETH-USDT @ 1787368680
[replaying  77%] replaying BTC-USDT @ 1787368740
[replaying  77%] replaying ETH-USDT @ 1787368740
[replaying  77%] replaying BTC-USDT @ 1787368800
[replaying  77%] replaying ETH-USDT @ 1787368800
[replaying  77%] replaying BTC-USDT @ 1787368860
[replaying  77%] replaying ETH-USDT @ 1787368860
[replaying  77%] replaying BTC-USDT @ 1787368920
[replaying  77%] replaying ETH-USDT @ 1787368920
[replaying  77%] replaying BTC-USDT @ 1787368980
[replaying  77%] replaying ETH-USDT @ 1787368980
[replaying  77%] replaying BTC-USDT @ 1787369040
[replaying  77%] replaying ETH-USDT @ 1787369040
[replaying  77%] replaying BTC-USDT @ 1787369100
[replaying  77%] replaying ETH-USDT @ 1787369100
[replaying  77%] replaying BTC-USDT @ 1787369160
[replaying  77%] replaying ETH-USDT @ 1787369160
[replaying  77%] replaying BTC-USDT @ 1787369220
[replaying  77%] replaying ETH-USDT @ 1787369220
[replaying  77%] replaying BTC-USDT @ 1787369280
[replaying  77%] replaying ETH-USDT @ 1787369280
[replaying  77%] replaying BTC-USDT @ 1787369340
[replaying  77%] replaying ETH-USDT @ 1787369340
[replaying  77%] replaying BTC-USDT @ 1787369400
[replaying  77%] replaying ETH-USDT @ 1787369400
[replaying  77%] replaying BTC-USDT @ 1787369460
[replaying  77%] replaying ETH-USDT @ 1787369460
[replaying  77%] replaying BTC-USDT @ 1787369520
[replaying  77%] replaying ETH-USDT @ 1787369520
[replaying  77%] replaying BTC-USDT @ 1787369580
[replaying  77%] replaying ETH-USDT @ 1787369580
[replaying  77%] replaying BTC-USDT @ 1787369640
[replaying  77%] replaying ETH-USDT @ 1787369640
[replaying  77%] replaying BTC-USDT @ 1787369700
[replaying  77%] replaying ETH-USDT @ 1787369700
[replaying  77%] replaying BTC-USDT @ 1787369760
[replaying  77%] replaying ETH-USDT @ 1787369760
[replaying  77%] replaying BTC-USDT @ 1787369820
[replaying  77%] replaying ETH-USDT @ 1787369820
[replaying  77%] replaying BTC-USDT @ 1787369880
[replaying  77%] replaying ETH-USDT @ 1787369880
[replaying  77%] replaying BTC-USDT @ 1787369940
[replaying  77%] replaying ETH-USDT @ 1787369940
[replaying  77%] replaying BTC-USDT @ 1787370000
[replaying  77%] replaying ETH-USDT @ 1787370000
[replaying  77%] replaying BTC-USDT @ 1787370060
[replaying  77%] replaying ETH-USDT @ 1787370060
[replaying  77%] replaying BTC-USDT @ 1787370120
[replaying  77%] replaying ETH-USDT @ 1787370120
[replaying  77%] replaying BTC-USDT @ 1787370180
[replaying  77%] replaying ETH-USDT @ 1787370180
[replaying  77%] replaying BTC-USDT @ 1787370240
[replaying  77%] replaying ETH-USDT @ 1787370240
[replaying  77%] replaying BTC-USDT @ 1787370300
[replaying  77%] replaying ETH-USDT @ 1787370300
[replaying  77%] replaying BTC-USDT @ 1787370360
[replaying  77%] replaying ETH-USDT @ 1787370360
[replaying  77%] replaying BTC-USDT @ 1787370420
[replaying  77%] replaying ETH-USDT @ 1787370420
[replaying  77%] replaying BTC-USDT @ 1787370480
[replaying  77%] replaying ETH-USDT @ 1787370480
[replaying  77%] replaying BTC-USDT @ 1787370540
[replaying  77%] replaying ETH-USDT @ 1787370540
[replaying  77%] replaying BTC-USDT @ 1787370600
[replaying  77%] replaying ETH-USDT @ 1787370600
[replaying  77%] replaying BTC-USDT @ 1787370660
[replaying  77%] replaying ETH-USDT @ 1787370660
[replaying  77%] replaying BTC-USDT @ 1787370720
[replaying  77%] replaying ETH-USDT @ 1787370720
[replaying  77%] replaying BTC-USDT @ 1787370780
[replaying  77%] replaying ETH-USDT @ 1787370780
[replaying  77%] replaying BTC-USDT @ 1787370840
[replaying  77%] replaying ETH-USDT @ 1787370840
[replaying  77%] replaying BTC-USDT @ 1787370900
[replaying  77%] replaying ETH-USDT @ 1787370900
[replaying  77%] replaying BTC-USDT @ 1787370960
[replaying  77%] replaying ETH-USDT @ 1787370960
[replaying  77%] replaying BTC-USDT @ 1787371020
[replaying  77%] replaying ETH-USDT @ 1787371020
[replaying  77%] replaying BTC-USDT @ 1787371080
[replaying  77%] replaying ETH-USDT @ 1787371080
[replaying  77%] replaying BTC-USDT @ 1787371140
[replaying  77%] replaying ETH-USDT @ 1787371140
[replaying  77%] replaying BTC-USDT @ 1787371200
[replaying  77%] replaying ETH-USDT @ 1787371200
[replaying  77%] replaying BTC-USDT @ 1787371260
[replaying  77%] replaying ETH-USDT @ 1787371260
[replaying  77%] replaying BTC-USDT @ 1787371320
[replaying  77%] replaying ETH-USDT @ 1787371320
[replaying  77%] replaying BTC-USDT @ 1787371380
[replaying  77%] replaying ETH-USDT @ 1787371380
[replaying  78%] replaying BTC-USDT @ 1787371440
[replaying  78%] replaying ETH-USDT @ 1787371440
[replaying  78%] replaying BTC-USDT @ 1787371500
[replaying  78%] replaying ETH-USDT @ 1787371500
[replaying  78%] replaying BTC-USDT @ 1787371560
[replaying  78%] replaying ETH-USDT @ 1787371560
[replaying  78%] replaying BTC-USDT @ 1787371620
[replaying  78%] replaying ETH-USDT @ 1787371620
[replaying  78%] replaying BTC-USDT @ 1787371680
[replaying  78%] replaying ETH-USDT @ 1787371680
[replaying  78%] replaying BTC-USDT @ 1787371740
[replaying  78%] replaying ETH-USDT @ 1787371740
[replaying  78%] replaying BTC-USDT @ 1787371800
[replaying  78%] replaying ETH-USDT @ 1787371800
[replaying  78%] replaying BTC-USDT @ 1787371860
[replaying  78%] replaying ETH-USDT @ 1787371860
[replaying  78%] replaying BTC-USDT @ 1787371920
[replaying  78%] replaying ETH-USDT @ 1787371920
[replaying  78%] replaying BTC-USDT @ 1787371980
[replaying  78%] replaying ETH-USDT @ 1787371980
[replaying  78%] replaying BTC-USDT @ 1787372040
[replaying  78%] replaying ETH-USDT @ 1787372040
[replaying  78%] replaying BTC-USDT @ 1787372100
[replaying  78%] replaying ETH-USDT @ 1787372100
[replaying  78%] replaying BTC-USDT @ 1787372160
[replaying  78%] replaying ETH-USDT @ 1787372160
[replaying  78%] replaying BTC-USDT @ 1787372220
[replaying  78%] replaying ETH-USDT @ 1787372220
[replaying  78%] replaying BTC-USDT @ 1787372280
[replaying  78%] replaying ETH-USDT @ 1787372280
[replaying  78%] replaying BTC-USDT @ 1787372340
[replaying  78%] replaying ETH-USDT @ 1787372340
[replaying  78%] replaying BTC-USDT @ 1787372400
[replaying  78%] replaying ETH-USDT @ 1787372400
[replaying  78%] replaying BTC-USDT @ 1787372460
[replaying  78%] replaying ETH-USDT @ 1787372460
[replaying  78%] replaying BTC-USDT @ 1787372520
[replaying  78%] replaying ETH-USDT @ 1787372520
[replaying  78%] replaying BTC-USDT @ 1787372580
[replaying  78%] replaying ETH-USDT @ 1787372580
[replaying  78%] replaying BTC-USDT @ 1787372640
[replaying  78%] replaying ETH-USDT @ 1787372640
[replaying  78%] replaying BTC-USDT @ 1787372700
[replaying  78%] replaying ETH-USDT @ 1787372700
[replaying  78%] replaying BTC-USDT @ 1787372760
[replaying  78%] replaying ETH-USDT @ 1787372760
[replaying  78%] replaying BTC-USDT @ 1787372820
[replaying  78%] replaying ETH-USDT @ 1787372820
[replaying  78%] replaying BTC-USDT @ 1787372880
[replaying  78%] replaying ETH-USDT @ 1787372880
[replaying  78%] replaying BTC-USDT @ 1787372940
[replaying  78%] replaying ETH-USDT @ 1787372940
[replaying  78%] replaying BTC-USDT @ 1787373000
[replaying  78%] replaying ETH-USDT @ 1787373000
[replaying  78%] replaying BTC-USDT @ 1787373060
[replaying  78%] replaying ETH-USDT @ 1787373060
[replaying  78%] replaying BTC-USDT @ 1787373120
[replaying  78%] replaying ETH-USDT @ 1787373120
[replaying  78%] replaying BTC-USDT @ 1787373180
[replaying  78%] replaying ETH-USDT @ 1787373180
[replaying  78%] replaying BTC-USDT @ 1787373240
[replaying  78%] replaying ETH-USDT @ 1787373240
[replaying  78%] replaying BTC-USDT @ 1787373300
[replaying  78%] replaying ETH-USDT @ 1787373300
[replaying  78%] replaying BTC-USDT @ 1787373360
[replaying  78%] replaying ETH-USDT @ 1787373360
[replaying  78%] replaying BTC-USDT @ 1787373420
[replaying  78%] replaying ETH-USDT @ 1787373420
[replaying  78%] replaying BTC-USDT @ 1787373480
[replaying  78%] replaying ETH-USDT @ 1787373480
[replaying  78%] replaying BTC-USDT @ 1787373540
[replaying  78%] replaying ETH-USDT @ 1787373540
[replaying  78%] replaying BTC-USDT @ 1787373600
[replaying  78%] replaying ETH-USDT @ 1787373600
[replaying  78%] replaying BTC-USDT @ 1787373660
[replaying  78%] replaying ETH-USDT @ 1787373660
[replaying  78%] replaying BTC-USDT @ 1787373720
[replaying  78%] replaying ETH-USDT @ 1787373720
[replaying  78%] replaying BTC-USDT @ 1787373780
[replaying  78%] replaying ETH-USDT @ 1787373780
[replaying  78%] replaying BTC-USDT @ 1787373840
[replaying  78%] replaying ETH-USDT @ 1787373840
[replaying  78%] replaying BTC-USDT @ 1787373900
[replaying  78%] replaying ETH-USDT @ 1787373900
[replaying  78%] replaying BTC-USDT @ 1787373960
[replaying  78%] replaying ETH-USDT @ 1787373960
[replaying  78%] replaying BTC-USDT @ 1787374020
[replaying  78%] replaying ETH-USDT @ 1787374020
[replaying  78%] replaying BTC-USDT @ 1787374080
[replaying  78%] replaying ETH-USDT @ 1787374080
[replaying  78%] replaying BTC-USDT @ 1787374140
[replaying  78%] replaying ETH-USDT @ 1787374140
[replaying  78%] replaying BTC-USDT @ 1787374200
[replaying  78%] replaying ETH-USDT @ 1787374200
[replaying  78%] replaying BTC-USDT @ 1787374260
[replaying  78%] replaying ETH-USDT @ 1787374260
[replaying  78%] replaying BTC-USDT @ 1787374320
[replaying  78%] replaying ETH-USDT @ 1787374320
[replaying  78%] replaying BTC-USDT @ 1787374380
[replaying  78%] replaying ETH-USDT @ 1787374380
[replaying  78%] replaying BTC-USDT @ 1787374440
[replaying  78%] replaying ETH-USDT @ 1787374440
[replaying  78%] replaying BTC-USDT @ 1787374500
[replaying  78%] replaying ETH-USDT @ 1787374500
[replaying  78%] replaying BTC-USDT @ 1787374560
[replaying  78%] replaying ETH-USDT @ 1787374560
[replaying  78%] replaying BTC-USDT @ 1787374620
[replaying  78%] replaying ETH-USDT @ 1787374620
[replaying  78%] replaying BTC-USDT @ 1787374680
[replaying  78%] replaying ETH-USDT @ 1787374680
[replaying  78%] replaying BTC-USDT @ 1787374740
[replaying  79%] replaying ETH-USDT @ 1787374740
[replaying  79%] replaying BTC-USDT @ 1787374800
[replaying  79%] replaying ETH-USDT @ 1787374800
[replaying  79%] replaying BTC-USDT @ 1787374860
[replaying  79%] replaying ETH-USDT @ 1787374860
[replaying  79%] replaying BTC-USDT @ 1787374920
[replaying  79%] replaying ETH-USDT @ 1787374920
[replaying  79%] replaying BTC-USDT @ 1787374980
[replaying  79%] replaying ETH-USDT @ 1787374980
[replaying  79%] replaying BTC-USDT @ 1787375040
[replaying  79%] replaying ETH-USDT @ 1787375040
[replaying  79%] replaying BTC-USDT @ 1787375100
[replaying  79%] replaying ETH-USDT @ 1787375100
[replaying  79%] replaying BTC-USDT @ 1787375160
[replaying  79%] replaying ETH-USDT @ 1787375160
[replaying  79%] replaying BTC-USDT @ 1787375220
[replaying  79%] replaying ETH-USDT @ 1787375220
[replaying  79%] replaying BTC-USDT @ 1787375280
[replaying  79%] replaying ETH-USDT @ 1787375280
[replaying  79%] replaying BTC-USDT @ 1787375340
[replaying  79%] replaying ETH-USDT @ 1787375340
[replaying  79%] replaying BTC-USDT @ 1787375400
[replaying  79%] replaying ETH-USDT @ 1787375400
[replaying  79%] replaying BTC-USDT @ 1787375460
[replaying  79%] replaying ETH-USDT @ 1787375460
[replaying  79%] replaying BTC-USDT @ 1787375520
[replaying  79%] replaying ETH-USDT @ 1787375520
[replaying  79%] replaying BTC-USDT @ 1787375580
[replaying  79%] replaying ETH-USDT @ 1787375580
[replaying  79%] replaying BTC-USDT @ 1787375640
[replaying  79%] replaying ETH-USDT @ 1787375640
[replaying  79%] replaying BTC-USDT @ 1787375700
[replaying  79%] replaying ETH-USDT @ 1787375700
[replaying  79%] replaying BTC-USDT @ 1787375760
[replaying  79%] replaying ETH-USDT @ 1787375760
[replaying  79%] replaying BTC-USDT @ 1787375820
[replaying  79%] replaying ETH-USDT @ 1787375820
[replaying  79%] replaying BTC-USDT @ 1787375880
[replaying  79%] replaying ETH-USDT @ 1787375880
[replaying  79%] replaying BTC-USDT @ 1787375940
[replaying  79%] replaying ETH-USDT @ 1787375940
[replaying  79%] replaying BTC-USDT @ 1787376000
[replaying  79%] replaying ETH-USDT @ 1787376000
[replaying  79%] replaying BTC-USDT @ 1787376060
[replaying  79%] replaying ETH-USDT @ 1787376060
[replaying  79%] replaying BTC-USDT @ 1787376120
[replaying  79%] replaying ETH-USDT @ 1787376120
[replaying  79%] replaying BTC-USDT @ 1787376180
[replaying  79%] replaying ETH-USDT @ 1787376180
[replaying  79%] replaying BTC-USDT @ 1787376240
[replaying  79%] replaying ETH-USDT @ 1787376240
[replaying  79%] replaying BTC-USDT @ 1787376300
[replaying  79%] replaying ETH-USDT @ 1787376300
[replaying  79%] replaying BTC-USDT @ 1787376360
[replaying  79%] replaying ETH-USDT @ 1787376360
[replaying  79%] replaying BTC-USDT @ 1787376420
[replaying  79%] replaying ETH-USDT @ 1787376420
[replaying  79%] replaying BTC-USDT @ 1787376480
[replaying  79%] replaying ETH-USDT @ 1787376480
[replaying  79%] replaying BTC-USDT @ 1787376540
[replaying  79%] replaying ETH-USDT @ 1787376540
[replaying  79%] replaying BTC-USDT @ 1787376600
[replaying  79%] replaying ETH-USDT @ 1787376600
[replaying  79%] replaying BTC-USDT @ 1787376660
[replaying  79%] replaying ETH-USDT @ 1787376660
[replaying  79%] replaying BTC-USDT @ 1787376720
[replaying  79%] replaying ETH-USDT @ 1787376720
[replaying  79%] replaying BTC-USDT @ 1787376780
[replaying  79%] replaying ETH-USDT @ 1787376780
[replaying  79%] replaying BTC-USDT @ 1787376840
[replaying  79%] replaying ETH-USDT @ 1787376840
[replaying  79%] replaying BTC-USDT @ 1787376900
[replaying  79%] replaying ETH-USDT @ 1787376900
[replaying  79%] replaying BTC-USDT @ 1787376960
[replaying  79%] replaying ETH-USDT @ 1787376960
[replaying  79%] replaying BTC-USDT @ 1787377020
[replaying  79%] replaying ETH-USDT @ 1787377020
[replaying  79%] replaying BTC-USDT @ 1787377080
[replaying  79%] replaying ETH-USDT @ 1787377080
[replaying  79%] replaying BTC-USDT @ 1787377140
[replaying  79%] replaying ETH-USDT @ 1787377140
[replaying  79%] replaying BTC-USDT @ 1787377200
[replaying  79%] replaying ETH-USDT @ 1787377200
[replaying  79%] replaying BTC-USDT @ 1787377260
[replaying  79%] replaying ETH-USDT @ 1787377260
[replaying  79%] replaying BTC-USDT @ 1787377320
[replaying  79%] replaying ETH-USDT @ 1787377320
[replaying  79%] replaying BTC-USDT @ 1787377380
[replaying  79%] replaying ETH-USDT @ 1787377380
[replaying  79%] replaying BTC-USDT @ 1787377440
[replaying  79%] replaying ETH-USDT @ 1787377440
[replaying  79%] replaying BTC-USDT @ 1787377500
[replaying  79%] replaying ETH-USDT @ 1787377500
[replaying  79%] replaying BTC-USDT @ 1787377560
[replaying  79%] replaying ETH-USDT @ 1787377560
[replaying  79%] replaying BTC-USDT @ 1787377620
[replaying  79%] replaying ETH-USDT @ 1787377620
[replaying  79%] replaying BTC-USDT @ 1787377680
[replaying  79%] replaying ETH-USDT @ 1787377680
[replaying  79%] replaying BTC-USDT @ 1787377740
[replaying  79%] replaying ETH-USDT @ 1787377740
[replaying  79%] replaying BTC-USDT @ 1787377800
[replaying  79%] replaying ETH-USDT @ 1787377800
[replaying  79%] replaying BTC-USDT @ 1787377860
[replaying  79%] replaying ETH-USDT @ 1787377860
[replaying  79%] replaying BTC-USDT @ 1787377920
[replaying  79%] replaying ETH-USDT @ 1787377920
[replaying  79%] replaying BTC-USDT @ 1787377980
[replaying  79%] replaying ETH-USDT @ 1787377980
[replaying  79%] replaying BTC-USDT @ 1787378040
[replaying  79%] replaying ETH-USDT @ 1787378040
[replaying  79%] replaying BTC-USDT @ 1787378100
[replaying  80%] replaying ETH-USDT @ 1787378100
[replaying  80%] replaying BTC-USDT @ 1787378160
[replaying  80%] replaying ETH-USDT @ 1787378160
[replaying  80%] replaying BTC-USDT @ 1787378220
[replaying  80%] replaying ETH-USDT @ 1787378220
[replaying  80%] replaying BTC-USDT @ 1787378280
[replaying  80%] replaying ETH-USDT @ 1787378280
[replaying  80%] replaying BTC-USDT @ 1787378340
[replaying  80%] replaying ETH-USDT @ 1787378340
[replaying  80%] replaying BTC-USDT @ 1787378400
[replaying  80%] replaying ETH-USDT @ 1787378400
[replaying  80%] replaying BTC-USDT @ 1787378460
[replaying  80%] replaying ETH-USDT @ 1787378460
[replaying  80%] replaying BTC-USDT @ 1787378520
[replaying  80%] replaying ETH-USDT @ 1787378520
[replaying  80%] replaying BTC-USDT @ 1787378580
[replaying  80%] replaying ETH-USDT @ 1787378580
[replaying  80%] replaying BTC-USDT @ 1787378640
[replaying  80%] replaying ETH-USDT @ 1787378640
[replaying  80%] replaying BTC-USDT @ 1787378700
[replaying  80%] replaying ETH-USDT @ 1787378700
[replaying  80%] replaying BTC-USDT @ 1787378760
[replaying  80%] replaying ETH-USDT @ 1787378760
[replaying  80%] replaying BTC-USDT @ 1787378820
[replaying  80%] replaying ETH-USDT @ 1787378820
[replaying  80%] replaying BTC-USDT @ 1787378880
[replaying  80%] replaying ETH-USDT @ 1787378880
[replaying  80%] replaying BTC-USDT @ 1787378940
[replaying  80%] replaying ETH-USDT @ 1787378940
[replaying  80%] replaying BTC-USDT @ 1787379000
[replaying  80%] replaying ETH-USDT @ 1787379000
[replaying  80%] replaying BTC-USDT @ 1787379060
[replaying  80%] replaying ETH-USDT @ 1787379060
[replaying  80%] replaying BTC-USDT @ 1787379120
[replaying  80%] replaying ETH-USDT @ 1787379120
[replaying  80%] replaying BTC-USDT @ 1787379180
[replaying  80%] replaying ETH-USDT @ 1787379180
[replaying  80%] replaying BTC-USDT @ 1787379240
[replaying  80%] replaying ETH-USDT @ 1787379240
[replaying  80%] replaying BTC-USDT @ 1787379300
[replaying  80%] replaying ETH-USDT @ 1787379300
[replaying  80%] replaying BTC-USDT @ 1787379360
[replaying  80%] replaying ETH-USDT @ 1787379360
[replaying  80%] replaying BTC-USDT @ 1787379420
[replaying  80%] replaying ETH-USDT @ 1787379420
[replaying  80%] replaying BTC-USDT @ 1787379480
[replaying  80%] replaying ETH-USDT @ 1787379480
[replaying  80%] replaying BTC-USDT @ 1787379540
[replaying  80%] replaying ETH-USDT @ 1787379540
[replaying  80%] replaying BTC-USDT @ 1787379600
[replaying  80%] replaying ETH-USDT @ 1787379600
[replaying  80%] replaying BTC-USDT @ 1787379660
[replaying  80%] replaying ETH-USDT @ 1787379660
[replaying  80%] replaying BTC-USDT @ 1787379720
[replaying  80%] replaying ETH-USDT @ 1787379720
[replaying  80%] replaying BTC-USDT @ 1787379780
[replaying  80%] replaying ETH-USDT @ 1787379780
[replaying  80%] replaying BTC-USDT @ 1787379840
[replaying  80%] replaying ETH-USDT @ 1787379840
[replaying  80%] replaying BTC-USDT @ 1787379900
[replaying  80%] replaying ETH-USDT @ 1787379900
[replaying  80%] replaying BTC-USDT @ 1787379960
[replaying  80%] replaying ETH-USDT @ 1787379960
[replaying  80%] replaying BTC-USDT @ 1787380020
[replaying  80%] replaying ETH-USDT @ 1787380020
[replaying  80%] replaying BTC-USDT @ 1787380080
[replaying  80%] replaying ETH-USDT @ 1787380080
[replaying  80%] replaying BTC-USDT @ 1787380140
[replaying  80%] replaying ETH-USDT @ 1787380140
[replaying  80%] replaying BTC-USDT @ 1787380200
[replaying  80%] replaying ETH-USDT @ 1787380200
[replaying  80%] replaying BTC-USDT @ 1787380260
[replaying  80%] replaying ETH-USDT @ 1787380260
[replaying  80%] replaying BTC-USDT @ 1787380320
[replaying  80%] replaying ETH-USDT @ 1787380320
[replaying  80%] replaying BTC-USDT @ 1787380380
[replaying  80%] replaying ETH-USDT @ 1787380380
[replaying  80%] replaying BTC-USDT @ 1787380440
[replaying  80%] replaying ETH-USDT @ 1787380440
[replaying  80%] replaying BTC-USDT @ 1787380500
[replaying  80%] replaying ETH-USDT @ 1787380500
[replaying  80%] replaying BTC-USDT @ 1787380560
[replaying  80%] replaying ETH-USDT @ 1787380560
[replaying  80%] replaying BTC-USDT @ 1787380620
[replaying  80%] replaying ETH-USDT @ 1787380620
[replaying  80%] replaying BTC-USDT @ 1787380680
[replaying  80%] replaying ETH-USDT @ 1787380680
[replaying  80%] replaying BTC-USDT @ 1787380740
[replaying  80%] replaying ETH-USDT @ 1787380740
[replaying  80%] replaying BTC-USDT @ 1787380800
[replaying  80%] replaying ETH-USDT @ 1787380800
[replaying  80%] replaying BTC-USDT @ 1787380860
[replaying  80%] replaying ETH-USDT @ 1787380860
[replaying  80%] replaying BTC-USDT @ 1787380920
[replaying  80%] replaying ETH-USDT @ 1787380920
[replaying  80%] replaying BTC-USDT @ 1787380980
[replaying  80%] replaying ETH-USDT @ 1787380980
[replaying  80%] replaying BTC-USDT @ 1787381040
[replaying  80%] replaying ETH-USDT @ 1787381040
[replaying  80%] replaying BTC-USDT @ 1787381100
[replaying  80%] replaying ETH-USDT @ 1787381100
[replaying  80%] replaying BTC-USDT @ 1787381160
[replaying  80%] replaying ETH-USDT @ 1787381160
[replaying  80%] replaying BTC-USDT @ 1787381220
[replaying  80%] replaying ETH-USDT @ 1787381220
[replaying  80%] replaying BTC-USDT @ 1787381280
[replaying  80%] replaying ETH-USDT @ 1787381280
[replaying  80%] replaying BTC-USDT @ 1787381340
[replaying  80%] replaying ETH-USDT @ 1787381340
[replaying  80%] replaying BTC-USDT @ 1787381400
[replaying  80%] replaying ETH-USDT @ 1787381400
[replaying  81%] replaying BTC-USDT @ 1787381460
[replaying  81%] replaying ETH-USDT @ 1787381460
[replaying  81%] replaying BTC-USDT @ 1787381520
[replaying  81%] replaying ETH-USDT @ 1787381520
[replaying  81%] replaying BTC-USDT @ 1787381580
[replaying  81%] replaying ETH-USDT @ 1787381580
[replaying  81%] replaying BTC-USDT @ 1787381640
[replaying  81%] replaying ETH-USDT @ 1787381640
[replaying  81%] replaying BTC-USDT @ 1787381700
[replaying  81%] replaying ETH-USDT @ 1787381700
[replaying  81%] replaying BTC-USDT @ 1787381760
[replaying  81%] replaying ETH-USDT @ 1787381760
[replaying  81%] replaying BTC-USDT @ 1787381820
[replaying  81%] replaying ETH-USDT @ 1787381820
[replaying  81%] replaying BTC-USDT @ 1787381880
[replaying  81%] replaying ETH-USDT @ 1787381880
[replaying  81%] replaying BTC-USDT @ 1787381940
[replaying  81%] replaying ETH-USDT @ 1787381940
[replaying  81%] replaying BTC-USDT @ 1787382000
[replaying  81%] replaying ETH-USDT @ 1787382000
[replaying  81%] replaying BTC-USDT @ 1787382060
[replaying  81%] replaying ETH-USDT @ 1787382060
[replaying  81%] replaying BTC-USDT @ 1787382120
[replaying  81%] replaying ETH-USDT @ 1787382120
[replaying  81%] replaying BTC-USDT @ 1787382180
[replaying  81%] replaying ETH-USDT @ 1787382180
[replaying  81%] replaying BTC-USDT @ 1787382240
[replaying  81%] replaying ETH-USDT @ 1787382240
[replaying  81%] replaying BTC-USDT @ 1787382300
[replaying  81%] replaying ETH-USDT @ 1787382300
[replaying  81%] replaying BTC-USDT @ 1787382360
[replaying  81%] replaying ETH-USDT @ 1787382360
[replaying  81%] replaying BTC-USDT @ 1787382420
[replaying  81%] replaying ETH-USDT @ 1787382420
[replaying  81%] replaying BTC-USDT @ 1787382480
[replaying  81%] replaying ETH-USDT @ 1787382480
[replaying  81%] replaying BTC-USDT @ 1787382540
[replaying  81%] replaying ETH-USDT @ 1787382540
[replaying  81%] replaying BTC-USDT @ 1787382600
[replaying  81%] replaying ETH-USDT @ 1787382600
[replaying  81%] replaying BTC-USDT @ 1787382660
[replaying  81%] replaying ETH-USDT @ 1787382660
[replaying  81%] replaying BTC-USDT @ 1787382720
[replaying  81%] replaying ETH-USDT @ 1787382720
[replaying  81%] replaying BTC-USDT @ 1787382780
[replaying  81%] replaying ETH-USDT @ 1787382780
[replaying  81%] replaying BTC-USDT @ 1787382840
[replaying  81%] replaying ETH-USDT @ 1787382840
[replaying  81%] replaying BTC-USDT @ 1787382900
[replaying  81%] replaying ETH-USDT @ 1787382900
[replaying  81%] replaying BTC-USDT @ 1787382960
[replaying  81%] replaying ETH-USDT @ 1787382960
[replaying  81%] replaying BTC-USDT @ 1787383020
[replaying  81%] replaying ETH-USDT @ 1787383020
[replaying  81%] replaying BTC-USDT @ 1787383080
[replaying  81%] replaying ETH-USDT @ 1787383080
[replaying  81%] replaying BTC-USDT @ 1787383140
[replaying  81%] replaying ETH-USDT @ 1787383140
[replaying  81%] replaying BTC-USDT @ 1787383200
[replaying  81%] replaying ETH-USDT @ 1787383200
[replaying  81%] replaying BTC-USDT @ 1787383260
[replaying  81%] replaying ETH-USDT @ 1787383260
[replaying  81%] replaying BTC-USDT @ 1787383320
[replaying  81%] replaying ETH-USDT @ 1787383320
[replaying  81%] replaying BTC-USDT @ 1787383380
[replaying  81%] replaying ETH-USDT @ 1787383380
[replaying  81%] replaying BTC-USDT @ 1787383440
[replaying  81%] replaying ETH-USDT @ 1787383440
[replaying  81%] replaying BTC-USDT @ 1787383500
[replaying  81%] replaying ETH-USDT @ 1787383500
[replaying  81%] replaying BTC-USDT @ 1787383560
[replaying  81%] replaying ETH-USDT @ 1787383560
[replaying  81%] replaying BTC-USDT @ 1787383620
[replaying  81%] replaying ETH-USDT @ 1787383620
[replaying  81%] replaying BTC-USDT @ 1787383680
[replaying  81%] replaying ETH-USDT @ 1787383680
[replaying  81%] replaying BTC-USDT @ 1787383740
[replaying  81%] replaying ETH-USDT @ 1787383740
[replaying  81%] replaying BTC-USDT @ 1787383800
[replaying  81%] replaying ETH-USDT @ 1787383800
[replaying  81%] replaying BTC-USDT @ 1787383860
[replaying  81%] replaying ETH-USDT @ 1787383860
[replaying  81%] replaying BTC-USDT @ 1787383920
[replaying  81%] replaying ETH-USDT @ 1787383920
[replaying  81%] replaying BTC-USDT @ 1787383980
[replaying  81%] replaying ETH-USDT @ 1787383980
[replaying  81%] replaying BTC-USDT @ 1787384040
[replaying  81%] replaying ETH-USDT @ 1787384040
[replaying  81%] replaying BTC-USDT @ 1787384100
[replaying  81%] replaying ETH-USDT @ 1787384100
[replaying  81%] replaying BTC-USDT @ 1787384160
[replaying  81%] replaying ETH-USDT @ 1787384160
[replaying  81%] replaying BTC-USDT @ 1787384220
[replaying  81%] replaying ETH-USDT @ 1787384220
[replaying  81%] replaying BTC-USDT @ 1787384280
[replaying  81%] replaying ETH-USDT @ 1787384280
[replaying  81%] replaying BTC-USDT @ 1787384340
[replaying  81%] replaying ETH-USDT @ 1787384340
[replaying  81%] replaying BTC-USDT @ 1787384400
[replaying  81%] replaying ETH-USDT @ 1787384400
[replaying  81%] replaying BTC-USDT @ 1787384460
[replaying  81%] replaying ETH-USDT @ 1787384460
[replaying  81%] replaying BTC-USDT @ 1787384520
[replaying  81%] replaying ETH-USDT @ 1787384520
[replaying  81%] replaying BTC-USDT @ 1787384580
[replaying  81%] replaying ETH-USDT @ 1787384580
[replaying  81%] replaying BTC-USDT @ 1787384640
[replaying  81%] replaying ETH-USDT @ 1787384640
[replaying  81%] replaying BTC-USDT @ 1787384700
[replaying  81%] replaying ETH-USDT @ 1787384700
[replaying  81%] replaying BTC-USDT @ 1787384760
[replaying  82%] replaying ETH-USDT @ 1787384760
[replaying  82%] replaying BTC-USDT @ 1787384820
[replaying  82%] replaying ETH-USDT @ 1787384820
[replaying  82%] replaying BTC-USDT @ 1787384880
[replaying  82%] replaying ETH-USDT @ 1787384880
[replaying  82%] replaying BTC-USDT @ 1787384940
[replaying  82%] replaying ETH-USDT @ 1787384940
[replaying  82%] replaying BTC-USDT @ 1787385000
[replaying  82%] replaying ETH-USDT @ 1787385000
[replaying  82%] replaying BTC-USDT @ 1787385060
[replaying  82%] replaying ETH-USDT @ 1787385060
[replaying  82%] replaying BTC-USDT @ 1787385120
[replaying  82%] replaying ETH-USDT @ 1787385120
[replaying  82%] replaying BTC-USDT @ 1787385180
[replaying  82%] replaying ETH-USDT @ 1787385180
[replaying  82%] replaying BTC-USDT @ 1787385240
[replaying  82%] replaying ETH-USDT @ 1787385240
[replaying  82%] replaying BTC-USDT @ 1787385300
[replaying  82%] replaying ETH-USDT @ 1787385300
[replaying  82%] replaying BTC-USDT @ 1787385360
[replaying  82%] replaying ETH-USDT @ 1787385360
[replaying  82%] replaying BTC-USDT @ 1787385420
[replaying  82%] replaying ETH-USDT @ 1787385420
[replaying  82%] replaying BTC-USDT @ 1787385480
[replaying  82%] replaying ETH-USDT @ 1787385480
[replaying  82%] replaying BTC-USDT @ 1787385540
[replaying  82%] replaying ETH-USDT @ 1787385540
[replaying  82%] replaying BTC-USDT @ 1787385600
[replaying  82%] replaying ETH-USDT @ 1787385600
[replaying  82%] replaying BTC-USDT @ 1787385660
[replaying  82%] replaying ETH-USDT @ 1787385660
[replaying  82%] replaying BTC-USDT @ 1787385720
[replaying  82%] replaying ETH-USDT @ 1787385720
[replaying  82%] replaying BTC-USDT @ 1787385780
[replaying  82%] replaying ETH-USDT @ 1787385780
[replaying  82%] replaying BTC-USDT @ 1787385840
[replaying  82%] replaying ETH-USDT @ 1787385840
[replaying  82%] replaying BTC-USDT @ 1787385900
[replaying  82%] replaying ETH-USDT @ 1787385900
[replaying  82%] replaying BTC-USDT @ 1787385960
[replaying  82%] replaying ETH-USDT @ 1787385960
[replaying  82%] replaying BTC-USDT @ 1787386020
[replaying  82%] replaying ETH-USDT @ 1787386020
[replaying  82%] replaying BTC-USDT @ 1787386080
[replaying  82%] replaying ETH-USDT @ 1787386080
[replaying  82%] replaying BTC-USDT @ 1787386140
[replaying  82%] replaying ETH-USDT @ 1787386140
[replaying  82%] replaying BTC-USDT @ 1787386200
[replaying  82%] replaying ETH-USDT @ 1787386200
[replaying  82%] replaying BTC-USDT @ 1787386260
[replaying  82%] replaying ETH-USDT @ 1787386260
[replaying  82%] replaying BTC-USDT @ 1787386320
[replaying  82%] replaying ETH-USDT @ 1787386320
[replaying  82%] replaying BTC-USDT @ 1787386380
[replaying  82%] replaying ETH-USDT @ 1787386380
[replaying  82%] replaying BTC-USDT @ 1787386440
[replaying  82%] replaying ETH-USDT @ 1787386440
[replaying  82%] replaying BTC-USDT @ 1787386500
[replaying  82%] replaying ETH-USDT @ 1787386500
[replaying  82%] replaying BTC-USDT @ 1787386560
[replaying  82%] replaying ETH-USDT @ 1787386560
[replaying  82%] replaying BTC-USDT @ 1787386620
[replaying  82%] replaying ETH-USDT @ 1787386620
[replaying  82%] replaying BTC-USDT @ 1787386680
[replaying  82%] replaying ETH-USDT @ 1787386680
[replaying  82%] replaying BTC-USDT @ 1787386740
[replaying  82%] replaying ETH-USDT @ 1787386740
[replaying  82%] replaying BTC-USDT @ 1787386800
[replaying  82%] replaying ETH-USDT @ 1787386800
[replaying  82%] replaying BTC-USDT @ 1787386860
[replaying  82%] replaying ETH-USDT @ 1787386860
[replaying  82%] replaying BTC-USDT @ 1787386920
[replaying  82%] replaying ETH-USDT @ 1787386920
[replaying  82%] replaying BTC-USDT @ 1787386980
[replaying  82%] replaying ETH-USDT @ 1787386980
[replaying  82%] replaying BTC-USDT @ 1787387040
[replaying  82%] replaying ETH-USDT @ 1787387040
[replaying  82%] replaying BTC-USDT @ 1787387100
[replaying  82%] replaying ETH-USDT @ 1787387100
[replaying  82%] replaying BTC-USDT @ 1787387160
[replaying  82%] replaying ETH-USDT @ 1787387160
[replaying  82%] replaying BTC-USDT @ 1787387220
[replaying  82%] replaying ETH-USDT @ 1787387220
[replaying  82%] replaying BTC-USDT @ 1787387280
[replaying  82%] replaying ETH-USDT @ 1787387280
[replaying  82%] replaying BTC-USDT @ 1787387340
[replaying  82%] replaying ETH-USDT @ 1787387340
[replaying  82%] replaying BTC-USDT @ 1787387400
[replaying  82%] replaying ETH-USDT @ 1787387400
[replaying  82%] replaying BTC-USDT @ 1787387460
[replaying  82%] replaying ETH-USDT @ 1787387460
[replaying  82%] replaying BTC-USDT @ 1787387520
[replaying  82%] replaying ETH-USDT @ 1787387520
[replaying  82%] replaying BTC-USDT @ 1787387580
[replaying  82%] replaying ETH-USDT @ 1787387580
[replaying  82%] replaying BTC-USDT @ 1787387640
[replaying  82%] replaying ETH-USDT @ 1787387640
[replaying  82%] replaying BTC-USDT @ 1787387700
[replaying  82%] replaying ETH-USDT @ 1787387700
[replaying  82%] replaying BTC-USDT @ 1787387760
[replaying  82%] replaying ETH-USDT @ 1787387760
[replaying  82%] replaying BTC-USDT @ 1787387820
[replaying  82%] replaying ETH-USDT @ 1787387820
[replaying  82%] replaying BTC-USDT @ 1787387880
[replaying  82%] replaying ETH-USDT @ 1787387880
[replaying  82%] replaying BTC-USDT @ 1787387940
[replaying  82%] replaying ETH-USDT @ 1787387940
[replaying  82%] replaying BTC-USDT @ 1787388000
[replaying  82%] replaying ETH-USDT @ 1787388000
[replaying  82%] replaying BTC-USDT @ 1787388060
[replaying  82%] replaying ETH-USDT @ 1787388060
[replaying  82%] replaying BTC-USDT @ 1787388120
[replaying  83%] replaying ETH-USDT @ 1787388120
[replaying  83%] replaying BTC-USDT @ 1787388180
[replaying  83%] replaying ETH-USDT @ 1787388180
[replaying  83%] replaying BTC-USDT @ 1787388240
[replaying  83%] replaying ETH-USDT @ 1787388240
[replaying  83%] replaying BTC-USDT @ 1787388300
[replaying  83%] replaying ETH-USDT @ 1787388300
[replaying  83%] replaying BTC-USDT @ 1787388360
[replaying  83%] replaying ETH-USDT @ 1787388360
[replaying  83%] replaying BTC-USDT @ 1787388420
[replaying  83%] replaying ETH-USDT @ 1787388420
[replaying  83%] replaying BTC-USDT @ 1787388480
[replaying  83%] replaying ETH-USDT @ 1787388480
[replaying  83%] replaying BTC-USDT @ 1787388540
[replaying  83%] replaying ETH-USDT @ 1787388540
[replaying  83%] replaying BTC-USDT @ 1787388600
[replaying  83%] replaying ETH-USDT @ 1787388600
[replaying  83%] replaying BTC-USDT @ 1787388660
[replaying  83%] replaying ETH-USDT @ 1787388660
[replaying  83%] replaying BTC-USDT @ 1787388720
[replaying  83%] replaying ETH-USDT @ 1787388720
[replaying  83%] replaying BTC-USDT @ 1787388780
[replaying  83%] replaying ETH-USDT @ 1787388780
[replaying  83%] replaying BTC-USDT @ 1787388840
[replaying  83%] replaying ETH-USDT @ 1787388840
[replaying  83%] replaying BTC-USDT @ 1787388900
[replaying  83%] replaying ETH-USDT @ 1787388900
[replaying  83%] replaying BTC-USDT @ 1787388960
[replaying  83%] replaying ETH-USDT @ 1787388960
[replaying  83%] replaying BTC-USDT @ 1787389020
[replaying  83%] replaying ETH-USDT @ 1787389020
[replaying  83%] replaying BTC-USDT @ 1787389080
[replaying  83%] replaying ETH-USDT @ 1787389080
[replaying  83%] replaying BTC-USDT @ 1787389140
[replaying  83%] replaying ETH-USDT @ 1787389140
[replaying  83%] replaying BTC-USDT @ 1787389200
[replaying  83%] replaying ETH-USDT @ 1787389200
[replaying  83%] replaying BTC-USDT @ 1787389260
[replaying  83%] replaying ETH-USDT @ 1787389260
[replaying  83%] replaying BTC-USDT @ 1787389320
[replaying  83%] replaying ETH-USDT @ 1787389320
[replaying  83%] replaying BTC-USDT @ 1787389380
[replaying  83%] replaying ETH-USDT @ 1787389380
[replaying  83%] replaying BTC-USDT @ 1787389440
[replaying  83%] replaying ETH-USDT @ 1787389440
[replaying  83%] replaying BTC-USDT @ 1787389500
[replaying  83%] replaying ETH-USDT @ 1787389500
[replaying  83%] replaying BTC-USDT @ 1787389560
[replaying  83%] replaying ETH-USDT @ 1787389560
[replaying  83%] replaying BTC-USDT @ 1787389620
[replaying  83%] replaying ETH-USDT @ 1787389620
[replaying  83%] replaying BTC-USDT @ 1787389680
[replaying  83%] replaying ETH-USDT @ 1787389680
[replaying  83%] replaying BTC-USDT @ 1787389740
[replaying  83%] replaying ETH-USDT @ 1787389740
[replaying  83%] replaying BTC-USDT @ 1787389800
[replaying  83%] replaying ETH-USDT @ 1787389800
[replaying  83%] replaying BTC-USDT @ 1787389860
[replaying  83%] replaying ETH-USDT @ 1787389860
[replaying  83%] replaying BTC-USDT @ 1787389920
[replaying  83%] replaying ETH-USDT @ 1787389920
[replaying  83%] replaying BTC-USDT @ 1787389980
[replaying  83%] replaying ETH-USDT @ 1787389980
[replaying  83%] replaying BTC-USDT @ 1787390040
[replaying  83%] replaying ETH-USDT @ 1787390040
[replaying  83%] replaying BTC-USDT @ 1787390100
[replaying  83%] replaying ETH-USDT @ 1787390100
[replaying  83%] replaying BTC-USDT @ 1787390160
[replaying  83%] replaying ETH-USDT @ 1787390160
[replaying  83%] replaying BTC-USDT @ 1787390220
[replaying  83%] replaying ETH-USDT @ 1787390220
[replaying  83%] replaying BTC-USDT @ 1787390280
[replaying  83%] replaying ETH-USDT @ 1787390280
[replaying  83%] replaying BTC-USDT @ 1787390340
[replaying  83%] replaying ETH-USDT @ 1787390340
[replaying  83%] replaying BTC-USDT @ 1787390400
[replaying  83%] replaying ETH-USDT @ 1787390400
[replaying  83%] replaying BTC-USDT @ 1787390460
[replaying  83%] replaying ETH-USDT @ 1787390460
[replaying  83%] replaying BTC-USDT @ 1787390520
[replaying  83%] replaying ETH-USDT @ 1787390520
[replaying  83%] replaying BTC-USDT @ 1787390580
[replaying  83%] replaying ETH-USDT @ 1787390580
[replaying  83%] replaying BTC-USDT @ 1787390640
[replaying  83%] replaying ETH-USDT @ 1787390640
[replaying  83%] replaying BTC-USDT @ 1787390700
[replaying  83%] replaying ETH-USDT @ 1787390700
[replaying  83%] replaying BTC-USDT @ 1787390760
[replaying  83%] replaying ETH-USDT @ 1787390760
[replaying  83%] replaying BTC-USDT @ 1787390820
[replaying  83%] replaying ETH-USDT @ 1787390820
[replaying  83%] replaying BTC-USDT @ 1787390880
[replaying  83%] replaying ETH-USDT @ 1787390880
[replaying  83%] replaying BTC-USDT @ 1787390940
[replaying  83%] replaying ETH-USDT @ 1787390940
[replaying  83%] replaying BTC-USDT @ 1787391000
[replaying  83%] replaying ETH-USDT @ 1787391000
[replaying  83%] replaying BTC-USDT @ 1787391060
[replaying  83%] replaying ETH-USDT @ 1787391060
[replaying  83%] replaying BTC-USDT @ 1787391120
[replaying  83%] replaying ETH-USDT @ 1787391120
[replaying  83%] replaying BTC-USDT @ 1787391180
[replaying  83%] replaying ETH-USDT @ 1787391180
[replaying  83%] replaying BTC-USDT @ 1787391240
[replaying  83%] replaying ETH-USDT @ 1787391240
[replaying  83%] replaying BTC-USDT @ 1787391300
[replaying  83%] replaying ETH-USDT @ 1787391300
[replaying  83%] replaying BTC-USDT @ 1787391360
[replaying  83%] replaying ETH-USDT @ 1787391360
[replaying  83%] replaying BTC-USDT @ 1787391420
[replaying  83%] replaying ETH-USDT @ 1787391420
[replaying  84%] replaying BTC-USDT @ 1787391480
[replaying  84%] replaying ETH-USDT @ 1787391480
[replaying  84%] replaying BTC-USDT @ 1787391540
[replaying  84%] replaying ETH-USDT @ 1787391540
[replaying  84%] replaying BTC-USDT @ 1787391600
[replaying  84%] replaying ETH-USDT @ 1787391600
[replaying  84%] replaying BTC-USDT @ 1787391660
[replaying  84%] replaying ETH-USDT @ 1787391660
[replaying  84%] replaying BTC-USDT @ 1787391720
[replaying  84%] replaying ETH-USDT @ 1787391720
[replaying  84%] replaying BTC-USDT @ 1787391780
[replaying  84%] replaying ETH-USDT @ 1787391780
[replaying  84%] replaying BTC-USDT @ 1787391840
[replaying  84%] replaying ETH-USDT @ 1787391840
[replaying  84%] replaying BTC-USDT @ 1787391900
[replaying  84%] replaying ETH-USDT @ 1787391900
[replaying  84%] replaying BTC-USDT @ 1787391960
[replaying  84%] replaying ETH-USDT @ 1787391960
[replaying  84%] replaying BTC-USDT @ 1787392020
[replaying  84%] replaying ETH-USDT @ 1787392020
[replaying  84%] replaying BTC-USDT @ 1787392080
[replaying  84%] replaying ETH-USDT @ 1787392080
[replaying  84%] replaying BTC-USDT @ 1787392140
[replaying  84%] replaying ETH-USDT @ 1787392140
[replaying  84%] replaying BTC-USDT @ 1787392200
[replaying  84%] replaying ETH-USDT @ 1787392200
[replaying  84%] replaying BTC-USDT @ 1787392260
[replaying  84%] replaying ETH-USDT @ 1787392260
[replaying  84%] replaying BTC-USDT @ 1787392320
[replaying  84%] replaying ETH-USDT @ 1787392320
[replaying  84%] replaying BTC-USDT @ 1787392380
[replaying  84%] replaying ETH-USDT @ 1787392380
[replaying  84%] replaying BTC-USDT @ 1787392440
[replaying  84%] replaying ETH-USDT @ 1787392440
[replaying  84%] replaying BTC-USDT @ 1787392500
[replaying  84%] replaying ETH-USDT @ 1787392500
[replaying  84%] replaying BTC-USDT @ 1787392560
[replaying  84%] replaying ETH-USDT @ 1787392560
[replaying  84%] replaying BTC-USDT @ 1787392620
[replaying  84%] replaying ETH-USDT @ 1787392620
[replaying  84%] replaying BTC-USDT @ 1787392680
[replaying  84%] replaying ETH-USDT @ 1787392680
[replaying  84%] replaying BTC-USDT @ 1787392740
[replaying  84%] replaying ETH-USDT @ 1787392740
[replaying  84%] replaying BTC-USDT @ 1787392800
[replaying  84%] replaying ETH-USDT @ 1787392800
[replaying  84%] replaying BTC-USDT @ 1787392860
[replaying  84%] replaying ETH-USDT @ 1787392860
[replaying  84%] replaying BTC-USDT @ 1787392920
[replaying  84%] replaying ETH-USDT @ 1787392920
[replaying  84%] replaying BTC-USDT @ 1787392980
[replaying  84%] replaying ETH-USDT @ 1787392980
[replaying  84%] replaying BTC-USDT @ 1787393040
[replaying  84%] replaying ETH-USDT @ 1787393040
[replaying  84%] replaying BTC-USDT @ 1787393100
[replaying  84%] replaying ETH-USDT @ 1787393100
[replaying  84%] replaying BTC-USDT @ 1787393160
[replaying  84%] replaying ETH-USDT @ 1787393160
[replaying  84%] replaying BTC-USDT @ 1787393220
[replaying  84%] replaying ETH-USDT @ 1787393220
[replaying  84%] replaying BTC-USDT @ 1787393280
[replaying  84%] replaying ETH-USDT @ 1787393280
[replaying  84%] replaying BTC-USDT @ 1787393340
[replaying  84%] replaying ETH-USDT @ 1787393340
[replaying  84%] replaying BTC-USDT @ 1787393400
[replaying  84%] replaying ETH-USDT @ 1787393400
[replaying  84%] replaying BTC-USDT @ 1787393460
[replaying  84%] replaying ETH-USDT @ 1787393460
[replaying  84%] replaying BTC-USDT @ 1787393520
[replaying  84%] replaying ETH-USDT @ 1787393520
[replaying  84%] replaying BTC-USDT @ 1787393580
[replaying  84%] replaying ETH-USDT @ 1787393580
[replaying  84%] replaying BTC-USDT @ 1787393640
[replaying  84%] replaying ETH-USDT @ 1787393640
[replaying  84%] replaying BTC-USDT @ 1787393700
[replaying  84%] replaying ETH-USDT @ 1787393700
[replaying  84%] replaying BTC-USDT @ 1787393760
[replaying  84%] replaying ETH-USDT @ 1787393760
[replaying  84%] replaying BTC-USDT @ 1787393820
[replaying  84%] replaying ETH-USDT @ 1787393820
[replaying  84%] replaying BTC-USDT @ 1787393880
[replaying  84%] replaying ETH-USDT @ 1787393880
[replaying  84%] replaying BTC-USDT @ 1787393940
[replaying  84%] replaying ETH-USDT @ 1787393940
[replaying  84%] replaying BTC-USDT @ 1787394000
[replaying  84%] replaying ETH-USDT @ 1787394000
[replaying  84%] replaying BTC-USDT @ 1787394060
[replaying  84%] replaying ETH-USDT @ 1787394060
[replaying  84%] replaying BTC-USDT @ 1787394120
[replaying  84%] replaying ETH-USDT @ 1787394120
[replaying  84%] replaying BTC-USDT @ 1787394180
[replaying  84%] replaying ETH-USDT @ 1787394180
[replaying  84%] replaying BTC-USDT @ 1787394240
[replaying  84%] replaying ETH-USDT @ 1787394240
[replaying  84%] replaying BTC-USDT @ 1787394300
[replaying  84%] replaying ETH-USDT @ 1787394300
[replaying  84%] replaying BTC-USDT @ 1787394360
[replaying  84%] replaying ETH-USDT @ 1787394360
[replaying  84%] replaying BTC-USDT @ 1787394420
[replaying  84%] replaying ETH-USDT @ 1787394420
[replaying  84%] replaying BTC-USDT @ 1787394480
[replaying  84%] replaying ETH-USDT @ 1787394480
[replaying  84%] replaying BTC-USDT @ 1787394540
[replaying  84%] replaying ETH-USDT @ 1787394540
[replaying  84%] replaying BTC-USDT @ 1787394600
[replaying  84%] replaying ETH-USDT @ 1787394600
[replaying  84%] replaying BTC-USDT @ 1787394660
[replaying  84%] replaying ETH-USDT @ 1787394660
[replaying  84%] replaying BTC-USDT @ 1787394720
[replaying  84%] replaying ETH-USDT @ 1787394720
[replaying  84%] replaying BTC-USDT @ 1787394780
[replaying  85%] replaying ETH-USDT @ 1787394780
[replaying  85%] replaying BTC-USDT @ 1787394840
[replaying  85%] replaying ETH-USDT @ 1787394840
[replaying  85%] replaying BTC-USDT @ 1787394900
[replaying  85%] replaying ETH-USDT @ 1787394900
[replaying  85%] replaying BTC-USDT @ 1787394960
[replaying  85%] replaying ETH-USDT @ 1787394960
[replaying  85%] replaying BTC-USDT @ 1787395020
[replaying  85%] replaying ETH-USDT @ 1787395020
[replaying  85%] replaying BTC-USDT @ 1787395080
[replaying  85%] replaying ETH-USDT @ 1787395080
[replaying  85%] replaying BTC-USDT @ 1787395140
[replaying  85%] replaying ETH-USDT @ 1787395140
[replaying  85%] replaying BTC-USDT @ 1787395200
[replaying  85%] replaying ETH-USDT @ 1787395200
[replaying  85%] replaying BTC-USDT @ 1787395260
[replaying  85%] replaying ETH-USDT @ 1787395260
[replaying  85%] replaying BTC-USDT @ 1787395320
[replaying  85%] replaying ETH-USDT @ 1787395320
[replaying  85%] replaying BTC-USDT @ 1787395380
[replaying  85%] replaying ETH-USDT @ 1787395380
[replaying  85%] replaying BTC-USDT @ 1787395440
[replaying  85%] replaying ETH-USDT @ 1787395440
[replaying  85%] replaying BTC-USDT @ 1787395500
[replaying  85%] replaying ETH-USDT @ 1787395500
[replaying  85%] replaying BTC-USDT @ 1787395560
[replaying  85%] replaying ETH-USDT @ 1787395560
[replaying  85%] replaying BTC-USDT @ 1787395620
[replaying  85%] replaying ETH-USDT @ 1787395620
[replaying  85%] replaying BTC-USDT @ 1787395680
[replaying  85%] replaying ETH-USDT @ 1787395680
[replaying  85%] replaying BTC-USDT @ 1787395740
[replaying  85%] replaying ETH-USDT @ 1787395740
[replaying  85%] replaying BTC-USDT @ 1787395800
[replaying  85%] replaying ETH-USDT @ 1787395800
[replaying  85%] replaying BTC-USDT @ 1787395860
[replaying  85%] replaying ETH-USDT @ 1787395860
[replaying  85%] replaying BTC-USDT @ 1787395920
[replaying  85%] replaying ETH-USDT @ 1787395920
[replaying  85%] replaying BTC-USDT @ 1787395980
[replaying  85%] replaying ETH-USDT @ 1787395980
[replaying  85%] replaying BTC-USDT @ 1787396040
[replaying  85%] replaying ETH-USDT @ 1787396040
[replaying  85%] replaying BTC-USDT @ 1787396100
[replaying  85%] replaying ETH-USDT @ 1787396100
[replaying  85%] replaying BTC-USDT @ 1787396160
[replaying  85%] replaying ETH-USDT @ 1787396160
[replaying  85%] replaying BTC-USDT @ 1787396220
[replaying  85%] replaying ETH-USDT @ 1787396220
[replaying  85%] replaying BTC-USDT @ 1787396280
[replaying  85%] replaying ETH-USDT @ 1787396280
[replaying  85%] replaying BTC-USDT @ 1787396340
[replaying  85%] replaying ETH-USDT @ 1787396340
[replaying  85%] replaying BTC-USDT @ 1787396400
[replaying  85%] replaying ETH-USDT @ 1787396400
[replaying  85%] replaying BTC-USDT @ 1787396460
[replaying  85%] replaying ETH-USDT @ 1787396460
[replaying  85%] replaying BTC-USDT @ 1787396520
[replaying  85%] replaying ETH-USDT @ 1787396520
[replaying  85%] replaying BTC-USDT @ 1787396580
[replaying  85%] replaying ETH-USDT @ 1787396580
[replaying  85%] replaying BTC-USDT @ 1787396640
[replaying  85%] replaying ETH-USDT @ 1787396640
[replaying  85%] replaying BTC-USDT @ 1787396700
[replaying  85%] replaying ETH-USDT @ 1787396700
[replaying  85%] replaying BTC-USDT @ 1787396760
[replaying  85%] replaying ETH-USDT @ 1787396760
[replaying  85%] replaying BTC-USDT @ 1787396820
[replaying  85%] replaying ETH-USDT @ 1787396820
[replaying  85%] replaying BTC-USDT @ 1787396880
[replaying  85%] replaying ETH-USDT @ 1787396880
[replaying  85%] replaying BTC-USDT @ 1787396940
[replaying  85%] replaying ETH-USDT @ 1787396940
[replaying  85%] replaying BTC-USDT @ 1787397000
[replaying  85%] replaying ETH-USDT @ 1787397000
[replaying  85%] replaying BTC-USDT @ 1787397060
[replaying  85%] replaying ETH-USDT @ 1787397060
[replaying  85%] replaying BTC-USDT @ 1787397120
[replaying  85%] replaying ETH-USDT @ 1787397120
[replaying  85%] replaying BTC-USDT @ 1787397180
[replaying  85%] replaying ETH-USDT @ 1787397180
[replaying  85%] replaying BTC-USDT @ 1787397240
[replaying  85%] replaying ETH-USDT @ 1787397240
[replaying  85%] replaying BTC-USDT @ 1787397300
[replaying  85%] replaying ETH-USDT @ 1787397300
[replaying  85%] replaying BTC-USDT @ 1787397360
[replaying  85%] replaying ETH-USDT @ 1787397360
[replaying  85%] replaying BTC-USDT @ 1787397420
[replaying  85%] replaying ETH-USDT @ 1787397420
[replaying  85%] replaying BTC-USDT @ 1787397480
[replaying  85%] replaying ETH-USDT @ 1787397480
[replaying  85%] replaying BTC-USDT @ 1787397540
[replaying  85%] replaying ETH-USDT @ 1787397540
[replaying  85%] replaying BTC-USDT @ 1787397600
[replaying  85%] replaying ETH-USDT @ 1787397600
[replaying  85%] replaying BTC-USDT @ 1787397660
[replaying  85%] replaying ETH-USDT @ 1787397660
[replaying  85%] replaying BTC-USDT @ 1787397720
[replaying  85%] replaying ETH-USDT @ 1787397720
[replaying  85%] replaying BTC-USDT @ 1787397780
[replaying  85%] replaying ETH-USDT @ 1787397780
[replaying  85%] replaying BTC-USDT @ 1787397840
[replaying  85%] replaying ETH-USDT @ 1787397840
[replaying  85%] replaying BTC-USDT @ 1787397900
[replaying  85%] replaying ETH-USDT @ 1787397900
[replaying  85%] replaying BTC-USDT @ 1787397960
[replaying  85%] replaying ETH-USDT @ 1787397960
[replaying  85%] replaying BTC-USDT @ 1787398020
[replaying  85%] replaying ETH-USDT @ 1787398020
[replaying  85%] replaying BTC-USDT @ 1787398080
[replaying  85%] replaying ETH-USDT @ 1787398080
[replaying  85%] replaying BTC-USDT @ 1787398140
[replaying  86%] replaying ETH-USDT @ 1787398140
[replaying  86%] replaying BTC-USDT @ 1787398200
[replaying  86%] replaying ETH-USDT @ 1787398200
[replaying  86%] replaying BTC-USDT @ 1787398260
[replaying  86%] replaying ETH-USDT @ 1787398260
[replaying  86%] replaying BTC-USDT @ 1787398320
[replaying  86%] replaying ETH-USDT @ 1787398320
[replaying  86%] replaying BTC-USDT @ 1787398380
[replaying  86%] replaying ETH-USDT @ 1787398380
[replaying  86%] replaying BTC-USDT @ 1787398440
[replaying  86%] replaying ETH-USDT @ 1787398440
[replaying  86%] replaying BTC-USDT @ 1787398500
[replaying  86%] replaying ETH-USDT @ 1787398500
[replaying  86%] replaying BTC-USDT @ 1787398560
[replaying  86%] replaying ETH-USDT @ 1787398560
[replaying  86%] replaying BTC-USDT @ 1787398620
[replaying  86%] replaying ETH-USDT @ 1787398620
[replaying  86%] replaying BTC-USDT @ 1787398680
[replaying  86%] replaying ETH-USDT @ 1787398680
[replaying  86%] replaying BTC-USDT @ 1787398740
[replaying  86%] replaying ETH-USDT @ 1787398740
[replaying  86%] replaying BTC-USDT @ 1787398800
[replaying  86%] replaying ETH-USDT @ 1787398800
[replaying  86%] replaying BTC-USDT @ 1787398860
[replaying  86%] replaying ETH-USDT @ 1787398860
[replaying  86%] replaying BTC-USDT @ 1787398920
[replaying  86%] replaying ETH-USDT @ 1787398920
[replaying  86%] replaying BTC-USDT @ 1787398980
[replaying  86%] replaying ETH-USDT @ 1787398980
[replaying  86%] replaying BTC-USDT @ 1787399040
[replaying  86%] replaying ETH-USDT @ 1787399040
[replaying  86%] replaying BTC-USDT @ 1787399100
[replaying  86%] replaying ETH-USDT @ 1787399100
[replaying  86%] replaying BTC-USDT @ 1787399160
[replaying  86%] replaying ETH-USDT @ 1787399160
[replaying  86%] replaying BTC-USDT @ 1787399220
[replaying  86%] replaying ETH-USDT @ 1787399220
[replaying  86%] replaying BTC-USDT @ 1787399280
[replaying  86%] replaying ETH-USDT @ 1787399280
[replaying  86%] replaying BTC-USDT @ 1787399340
[replaying  86%] replaying ETH-USDT @ 1787399340
[replaying  86%] replaying BTC-USDT @ 1787399400
[replaying  86%] replaying ETH-USDT @ 1787399400
[replaying  86%] replaying BTC-USDT @ 1787399460
[replaying  86%] replaying ETH-USDT @ 1787399460
[replaying  86%] replaying BTC-USDT @ 1787399520
[replaying  86%] replaying ETH-USDT @ 1787399520
[replaying  86%] replaying BTC-USDT @ 1787399580
[replaying  86%] replaying ETH-USDT @ 1787399580
[replaying  86%] replaying BTC-USDT @ 1787399640
[replaying  86%] replaying ETH-USDT @ 1787399640
[replaying  86%] replaying BTC-USDT @ 1787399700
[replaying  86%] replaying ETH-USDT @ 1787399700
[replaying  86%] replaying BTC-USDT @ 1787399760
[replaying  86%] replaying ETH-USDT @ 1787399760
[replaying  86%] replaying BTC-USDT @ 1787399820
[replaying  86%] replaying ETH-USDT @ 1787399820
[replaying  86%] replaying BTC-USDT @ 1787399880
[replaying  86%] replaying ETH-USDT @ 1787399880
[replaying  86%] replaying BTC-USDT @ 1787399940
[replaying  86%] replaying ETH-USDT @ 1787399940
[replaying  86%] replaying BTC-USDT @ 1787400000
[replaying  86%] replaying ETH-USDT @ 1787400000
[replaying  86%] replaying BTC-USDT @ 1787400060
[replaying  86%] replaying ETH-USDT @ 1787400060
[replaying  86%] replaying BTC-USDT @ 1787400120
[replaying  86%] replaying ETH-USDT @ 1787400120
[replaying  86%] replaying BTC-USDT @ 1787400180
[replaying  86%] replaying ETH-USDT @ 1787400180
[replaying  86%] replaying BTC-USDT @ 1787400240
[replaying  86%] replaying ETH-USDT @ 1787400240
[replaying  86%] replaying BTC-USDT @ 1787400300
[replaying  86%] replaying ETH-USDT @ 1787400300
[replaying  86%] replaying BTC-USDT @ 1787400360
[replaying  86%] replaying ETH-USDT @ 1787400360
[replaying  86%] replaying BTC-USDT @ 1787400420
[replaying  86%] replaying ETH-USDT @ 1787400420
[replaying  86%] replaying BTC-USDT @ 1787400480
[replaying  86%] replaying ETH-USDT @ 1787400480
[replaying  86%] replaying BTC-USDT @ 1787400540
[replaying  86%] replaying ETH-USDT @ 1787400540
[replaying  86%] replaying BTC-USDT @ 1787400600
[replaying  86%] replaying ETH-USDT @ 1787400600
[replaying  86%] replaying BTC-USDT @ 1787400660
[replaying  86%] replaying ETH-USDT @ 1787400660
[replaying  86%] replaying BTC-USDT @ 1787400720
[replaying  86%] replaying ETH-USDT @ 1787400720
[replaying  86%] replaying BTC-USDT @ 1787400780
[replaying  86%] replaying ETH-USDT @ 1787400780
[replaying  86%] replaying BTC-USDT @ 1787400840
[replaying  86%] replaying ETH-USDT @ 1787400840
[replaying  86%] replaying BTC-USDT @ 1787400900
[replaying  86%] replaying ETH-USDT @ 1787400900
[replaying  86%] replaying BTC-USDT @ 1787400960
[replaying  86%] replaying ETH-USDT @ 1787400960
[replaying  86%] replaying BTC-USDT @ 1787401020
[replaying  86%] replaying ETH-USDT @ 1787401020
[replaying  86%] replaying BTC-USDT @ 1787401080
[replaying  86%] replaying ETH-USDT @ 1787401080
[replaying  86%] replaying BTC-USDT @ 1787401140
[replaying  86%] replaying ETH-USDT @ 1787401140
[replaying  86%] replaying BTC-USDT @ 1787401200
[replaying  86%] replaying ETH-USDT @ 1787401200
[replaying  86%] replaying BTC-USDT @ 1787401260
[replaying  86%] replaying ETH-USDT @ 1787401260
[replaying  86%] replaying BTC-USDT @ 1787401320
[replaying  86%] replaying ETH-USDT @ 1787401320
[replaying  86%] replaying BTC-USDT @ 1787401380
[replaying  86%] replaying ETH-USDT @ 1787401380
[replaying  86%] replaying BTC-USDT @ 1787401440
[replaying  86%] replaying ETH-USDT @ 1787401440
[replaying  87%] replaying BTC-USDT @ 1787401500
[replaying  87%] replaying ETH-USDT @ 1787401500
[replaying  87%] replaying BTC-USDT @ 1787401560
[replaying  87%] replaying ETH-USDT @ 1787401560
[replaying  87%] replaying BTC-USDT @ 1787401620
[replaying  87%] replaying ETH-USDT @ 1787401620
[replaying  87%] replaying BTC-USDT @ 1787401680
[replaying  87%] replaying ETH-USDT @ 1787401680
[replaying  87%] replaying BTC-USDT @ 1787401740
[replaying  87%] replaying ETH-USDT @ 1787401740
[replaying  87%] replaying BTC-USDT @ 1787401800
[replaying  87%] replaying ETH-USDT @ 1787401800
[replaying  87%] replaying BTC-USDT @ 1787401860
[replaying  87%] replaying ETH-USDT @ 1787401860
[replaying  87%] replaying BTC-USDT @ 1787401920
[replaying  87%] replaying ETH-USDT @ 1787401920
[replaying  87%] replaying BTC-USDT @ 1787401980
[replaying  87%] replaying ETH-USDT @ 1787401980
[replaying  87%] replaying BTC-USDT @ 1787402040
[replaying  87%] replaying ETH-USDT @ 1787402040
[replaying  87%] replaying BTC-USDT @ 1787402100
[replaying  87%] replaying ETH-USDT @ 1787402100
[replaying  87%] replaying BTC-USDT @ 1787402160
[replaying  87%] replaying ETH-USDT @ 1787402160
[replaying  87%] replaying BTC-USDT @ 1787402220
[replaying  87%] replaying ETH-USDT @ 1787402220
[replaying  87%] replaying BTC-USDT @ 1787402280
[replaying  87%] replaying ETH-USDT @ 1787402280
[replaying  87%] replaying BTC-USDT @ 1787402340
[replaying  87%] replaying ETH-USDT @ 1787402340
[replaying  87%] replaying BTC-USDT @ 1787402400
[replaying  87%] replaying ETH-USDT @ 1787402400
[replaying  87%] replaying BTC-USDT @ 1787402460
[replaying  87%] replaying ETH-USDT @ 1787402460
[replaying  87%] replaying BTC-USDT @ 1787402520
[replaying  87%] replaying ETH-USDT @ 1787402520
[replaying  87%] replaying BTC-USDT @ 1787402580
[replaying  87%] replaying ETH-USDT @ 1787402580
[replaying  87%] replaying BTC-USDT @ 1787402640
[replaying  87%] replaying ETH-USDT @ 1787402640
[replaying  87%] replaying BTC-USDT @ 1787402700
[replaying  87%] replaying ETH-USDT @ 1787402700
[replaying  87%] replaying BTC-USDT @ 1787402760
[replaying  87%] replaying ETH-USDT @ 1787402760
[replaying  87%] replaying BTC-USDT @ 1787402820
[replaying  87%] replaying ETH-USDT @ 1787402820
[replaying  87%] replaying BTC-USDT @ 1787402880
[replaying  87%] replaying ETH-USDT @ 1787402880
[replaying  87%] replaying BTC-USDT @ 1787402940
[replaying  87%] replaying ETH-USDT @ 1787402940
[replaying  87%] replaying BTC-USDT @ 1787403000
[replaying  87%] replaying ETH-USDT @ 1787403000
[replaying  87%] replaying BTC-USDT @ 1787403060
[replaying  87%] replaying ETH-USDT @ 1787403060
[replaying  87%] replaying BTC-USDT @ 1787403120
[replaying  87%] replaying ETH-USDT @ 1787403120
[replaying  87%] replaying BTC-USDT @ 1787403180
[replaying  87%] replaying ETH-USDT @ 1787403180
[replaying  87%] replaying BTC-USDT @ 1787403240
[replaying  87%] replaying ETH-USDT @ 1787403240
[replaying  87%] replaying BTC-USDT @ 1787403300
[replaying  87%] replaying ETH-USDT @ 1787403300
[replaying  87%] replaying BTC-USDT @ 1787403360
[replaying  87%] replaying ETH-USDT @ 1787403360
[replaying  87%] replaying BTC-USDT @ 1787403420
[replaying  87%] replaying ETH-USDT @ 1787403420
[replaying  87%] replaying BTC-USDT @ 1787403480
[replaying  87%] replaying ETH-USDT @ 1787403480
[replaying  87%] replaying BTC-USDT @ 1787403540
[replaying  87%] replaying ETH-USDT @ 1787403540
[replaying  87%] replaying BTC-USDT @ 1787403600
[replaying  87%] replaying ETH-USDT @ 1787403600
[replaying  87%] replaying BTC-USDT @ 1787403660
[replaying  87%] replaying ETH-USDT @ 1787403660
[replaying  87%] replaying BTC-USDT @ 1787403720
[replaying  87%] replaying ETH-USDT @ 1787403720
[replaying  87%] replaying BTC-USDT @ 1787403780
[replaying  87%] replaying ETH-USDT @ 1787403780
[replaying  87%] replaying BTC-USDT @ 1787403840
[replaying  87%] replaying ETH-USDT @ 1787403840
[replaying  87%] replaying BTC-USDT @ 1787403900
[replaying  87%] replaying ETH-USDT @ 1787403900
[replaying  87%] replaying BTC-USDT @ 1787403960
[replaying  87%] replaying ETH-USDT @ 1787403960
[replaying  87%] replaying BTC-USDT @ 1787404020
[replaying  87%] replaying ETH-USDT @ 1787404020
[replaying  87%] replaying BTC-USDT @ 1787404080
[replaying  87%] replaying ETH-USDT @ 1787404080
[replaying  87%] replaying BTC-USDT @ 1787404140
[replaying  87%] replaying ETH-USDT @ 1787404140
[replaying  87%] replaying BTC-USDT @ 1787404200
[replaying  87%] replaying ETH-USDT @ 1787404200
[replaying  87%] replaying BTC-USDT @ 1787404260
[replaying  87%] replaying ETH-USDT @ 1787404260
[replaying  87%] replaying BTC-USDT @ 1787404320
[replaying  87%] replaying ETH-USDT @ 1787404320
[replaying  87%] replaying BTC-USDT @ 1787404380
[replaying  87%] replaying ETH-USDT @ 1787404380
[replaying  87%] replaying BTC-USDT @ 1787404440
[replaying  87%] replaying ETH-USDT @ 1787404440
[replaying  87%] replaying BTC-USDT @ 1787404500
[replaying  87%] replaying ETH-USDT @ 1787404500
[replaying  87%] replaying BTC-USDT @ 1787404560
[replaying  87%] replaying ETH-USDT @ 1787404560
[replaying  87%] replaying BTC-USDT @ 1787404620
[replaying  87%] replaying ETH-USDT @ 1787404620
[replaying  87%] replaying BTC-USDT @ 1787404680
[replaying  87%] replaying ETH-USDT @ 1787404680
[replaying  87%] replaying BTC-USDT @ 1787404740
[replaying  87%] replaying ETH-USDT @ 1787404740
[replaying  87%] replaying BTC-USDT @ 1787404800
[replaying  88%] replaying ETH-USDT @ 1787404800
[replaying  88%] replaying BTC-USDT @ 1787404860
[replaying  88%] replaying ETH-USDT @ 1787404860
[replaying  88%] replaying BTC-USDT @ 1787404920
[replaying  88%] replaying ETH-USDT @ 1787404920
[replaying  88%] replaying BTC-USDT @ 1787404980
[replaying  88%] replaying ETH-USDT @ 1787404980
[replaying  88%] replaying BTC-USDT @ 1787405040
[replaying  88%] replaying ETH-USDT @ 1787405040
[replaying  88%] replaying BTC-USDT @ 1787405100
[replaying  88%] replaying ETH-USDT @ 1787405100
[replaying  88%] replaying BTC-USDT @ 1787405160
[replaying  88%] replaying ETH-USDT @ 1787405160
[replaying  88%] replaying BTC-USDT @ 1787405220
[replaying  88%] replaying ETH-USDT @ 1787405220
[replaying  88%] replaying BTC-USDT @ 1787405280
[replaying  88%] replaying ETH-USDT @ 1787405280
[replaying  88%] replaying BTC-USDT @ 1787405340
[replaying  88%] replaying ETH-USDT @ 1787405340
[replaying  88%] replaying BTC-USDT @ 1787405400
[replaying  88%] replaying ETH-USDT @ 1787405400
[replaying  88%] replaying BTC-USDT @ 1787405460
[replaying  88%] replaying ETH-USDT @ 1787405460
[replaying  88%] replaying BTC-USDT @ 1787405520
[replaying  88%] replaying ETH-USDT @ 1787405520
[replaying  88%] replaying BTC-USDT @ 1787405580
[replaying  88%] replaying ETH-USDT @ 1787405580
[replaying  88%] replaying BTC-USDT @ 1787405640
[replaying  88%] replaying ETH-USDT @ 1787405640
[replaying  88%] replaying BTC-USDT @ 1787405700
[replaying  88%] replaying ETH-USDT @ 1787405700
[replaying  88%] replaying BTC-USDT @ 1787405760
[replaying  88%] replaying ETH-USDT @ 1787405760
[replaying  88%] replaying BTC-USDT @ 1787405820
[replaying  88%] replaying ETH-USDT @ 1787405820
[replaying  88%] replaying BTC-USDT @ 1787405880
[replaying  88%] replaying ETH-USDT @ 1787405880
[replaying  88%] replaying BTC-USDT @ 1787405940
[replaying  88%] replaying ETH-USDT @ 1787405940
[replaying  88%] replaying BTC-USDT @ 1787406000
[replaying  88%] replaying ETH-USDT @ 1787406000
[replaying  88%] replaying BTC-USDT @ 1787406060
[replaying  88%] replaying ETH-USDT @ 1787406060
[replaying  88%] replaying BTC-USDT @ 1787406120
[replaying  88%] replaying ETH-USDT @ 1787406120
[replaying  88%] replaying BTC-USDT @ 1787406180
[replaying  88%] replaying ETH-USDT @ 1787406180
[replaying  88%] replaying BTC-USDT @ 1787406240
[replaying  88%] replaying ETH-USDT @ 1787406240
[replaying  88%] replaying BTC-USDT @ 1787406300
[replaying  88%] replaying ETH-USDT @ 1787406300
[replaying  88%] replaying BTC-USDT @ 1787406360
[replaying  88%] replaying ETH-USDT @ 1787406360
[replaying  88%] replaying BTC-USDT @ 1787406420
[replaying  88%] replaying ETH-USDT @ 1787406420
[replaying  88%] replaying BTC-USDT @ 1787406480
[replaying  88%] replaying ETH-USDT @ 1787406480
[replaying  88%] replaying BTC-USDT @ 1787406540
[replaying  88%] replaying ETH-USDT @ 1787406540
[replaying  88%] replaying BTC-USDT @ 1787406600
[replaying  88%] replaying ETH-USDT @ 1787406600
[replaying  88%] replaying BTC-USDT @ 1787406660
[replaying  88%] replaying ETH-USDT @ 1787406660
[replaying  88%] replaying BTC-USDT @ 1787406720
[replaying  88%] replaying ETH-USDT @ 1787406720
[replaying  88%] replaying BTC-USDT @ 1787406780
[replaying  88%] replaying ETH-USDT @ 1787406780
[replaying  88%] replaying BTC-USDT @ 1787406840
[replaying  88%] replaying ETH-USDT @ 1787406840
[replaying  88%] replaying BTC-USDT @ 1787406900
[replaying  88%] replaying ETH-USDT @ 1787406900
[replaying  88%] replaying BTC-USDT @ 1787406960
[replaying  88%] replaying ETH-USDT @ 1787406960
[replaying  88%] replaying BTC-USDT @ 1787407020
[replaying  88%] replaying ETH-USDT @ 1787407020
[replaying  88%] replaying BTC-USDT @ 1787407080
[replaying  88%] replaying ETH-USDT @ 1787407080
[replaying  88%] replaying BTC-USDT @ 1787407140
[replaying  88%] replaying ETH-USDT @ 1787407140
[replaying  88%] replaying BTC-USDT @ 1787407200
[replaying  88%] replaying ETH-USDT @ 1787407200
[replaying  88%] replaying BTC-USDT @ 1787407260
[replaying  88%] replaying ETH-USDT @ 1787407260
[replaying  88%] replaying BTC-USDT @ 1787407320
[replaying  88%] replaying ETH-USDT @ 1787407320
[replaying  88%] replaying BTC-USDT @ 1787407380
[replaying  88%] replaying ETH-USDT @ 1787407380
[replaying  88%] replaying BTC-USDT @ 1787407440
[replaying  88%] replaying ETH-USDT @ 1787407440
[replaying  88%] replaying BTC-USDT @ 1787407500
[replaying  88%] replaying ETH-USDT @ 1787407500
[replaying  88%] replaying BTC-USDT @ 1787407560
[replaying  88%] replaying ETH-USDT @ 1787407560
[replaying  88%] replaying BTC-USDT @ 1787407620
[replaying  88%] replaying ETH-USDT @ 1787407620
[replaying  88%] replaying BTC-USDT @ 1787407680
[replaying  88%] replaying ETH-USDT @ 1787407680
[replaying  88%] replaying BTC-USDT @ 1787407740
[replaying  88%] replaying ETH-USDT @ 1787407740
[replaying  88%] replaying BTC-USDT @ 1787407800
[replaying  88%] replaying ETH-USDT @ 1787407800
[replaying  88%] replaying BTC-USDT @ 1787407860
[replaying  88%] replaying ETH-USDT @ 1787407860
[replaying  88%] replaying BTC-USDT @ 1787407920
[replaying  88%] replaying ETH-USDT @ 1787407920
[replaying  88%] replaying BTC-USDT @ 1787407980
[replaying  88%] replaying ETH-USDT @ 1787407980
[replaying  88%] replaying BTC-USDT @ 1787408040
[replaying  88%] replaying ETH-USDT @ 1787408040
[replaying  88%] replaying BTC-USDT @ 1787408100
[replaying  88%] replaying ETH-USDT @ 1787408100
[replaying  88%] replaying BTC-USDT @ 1787408160
[replaying  89%] replaying ETH-USDT @ 1787408160
[replaying  89%] replaying BTC-USDT @ 1787408220
[replaying  89%] replaying ETH-USDT @ 1787408220
[replaying  89%] replaying BTC-USDT @ 1787408280
[replaying  89%] replaying ETH-USDT @ 1787408280
[replaying  89%] replaying BTC-USDT @ 1787408340
[replaying  89%] replaying ETH-USDT @ 1787408340
[replaying  89%] replaying BTC-USDT @ 1787408400
[replaying  89%] replaying ETH-USDT @ 1787408400
[replaying  89%] replaying BTC-USDT @ 1787408460
[replaying  89%] replaying ETH-USDT @ 1787408460
[replaying  89%] replaying BTC-USDT @ 1787408520
[replaying  89%] replaying ETH-USDT @ 1787408520
[replaying  89%] replaying BTC-USDT @ 1787408580
[replaying  89%] replaying ETH-USDT @ 1787408580
[replaying  89%] replaying BTC-USDT @ 1787408640
[replaying  89%] replaying ETH-USDT @ 1787408640
[replaying  89%] replaying BTC-USDT @ 1787408700
[replaying  89%] replaying ETH-USDT @ 1787408700
[replaying  89%] replaying BTC-USDT @ 1787408760
[replaying  89%] replaying ETH-USDT @ 1787408760
[replaying  89%] replaying BTC-USDT @ 1787408820
[replaying  89%] replaying ETH-USDT @ 1787408820
[replaying  89%] replaying BTC-USDT @ 1787408880
[replaying  89%] replaying ETH-USDT @ 1787408880
[replaying  89%] replaying BTC-USDT @ 1787408940
[replaying  89%] replaying ETH-USDT @ 1787408940
[replaying  89%] replaying BTC-USDT @ 1787409000
[replaying  89%] replaying ETH-USDT @ 1787409000
[replaying  89%] replaying BTC-USDT @ 1787409060
[replaying  89%] replaying ETH-USDT @ 1787409060
[replaying  89%] replaying BTC-USDT @ 1787409120
[replaying  89%] replaying ETH-USDT @ 1787409120
[replaying  89%] replaying BTC-USDT @ 1787409180
[replaying  89%] replaying ETH-USDT @ 1787409180
[replaying  89%] replaying BTC-USDT @ 1787409240
[replaying  89%] replaying ETH-USDT @ 1787409240
[replaying  89%] replaying BTC-USDT @ 1787409300
[replaying  89%] replaying ETH-USDT @ 1787409300
[replaying  89%] replaying BTC-USDT @ 1787409360
[replaying  89%] replaying ETH-USDT @ 1787409360
[replaying  89%] replaying BTC-USDT @ 1787409420
[replaying  89%] replaying ETH-USDT @ 1787409420
[replaying  89%] replaying BTC-USDT @ 1787409480
[replaying  89%] replaying ETH-USDT @ 1787409480
[replaying  89%] replaying BTC-USDT @ 1787409540
[replaying  89%] replaying ETH-USDT @ 1787409540
[replaying  89%] replaying BTC-USDT @ 1787409600
[replaying  89%] replaying ETH-USDT @ 1787409600
[replaying  89%] replaying BTC-USDT @ 1787409660
[replaying  89%] replaying ETH-USDT @ 1787409660
[replaying  89%] replaying BTC-USDT @ 1787409720
[replaying  89%] replaying ETH-USDT @ 1787409720
[replaying  89%] replaying BTC-USDT @ 1787409780
[replaying  89%] replaying ETH-USDT @ 1787409780
[replaying  89%] replaying BTC-USDT @ 1787409840
[replaying  89%] replaying ETH-USDT @ 1787409840
[replaying  89%] replaying BTC-USDT @ 1787409900
[replaying  89%] replaying ETH-USDT @ 1787409900
[replaying  89%] replaying BTC-USDT @ 1787409960
[replaying  89%] replaying ETH-USDT @ 1787409960
[replaying  89%] replaying BTC-USDT @ 1787410020
[replaying  89%] replaying ETH-USDT @ 1787410020
[replaying  89%] replaying BTC-USDT @ 1787410080
[replaying  89%] replaying ETH-USDT @ 1787410080
[replaying  89%] replaying BTC-USDT @ 1787410140
[replaying  89%] replaying ETH-USDT @ 1787410140
[replaying  89%] replaying BTC-USDT @ 1787410200
[replaying  89%] replaying ETH-USDT @ 1787410200
[replaying  89%] replaying BTC-USDT @ 1787410260
[replaying  89%] replaying ETH-USDT @ 1787410260
[replaying  89%] replaying BTC-USDT @ 1787410320
[replaying  89%] replaying ETH-USDT @ 1787410320
[replaying  89%] replaying BTC-USDT @ 1787410380
[replaying  89%] replaying ETH-USDT @ 1787410380
[replaying  89%] replaying BTC-USDT @ 1787410440
[replaying  89%] replaying ETH-USDT @ 1787410440
[replaying  89%] replaying BTC-USDT @ 1787410500
[replaying  89%] replaying ETH-USDT @ 1787410500
[replaying  89%] replaying BTC-USDT @ 1787410560
[replaying  89%] replaying ETH-USDT @ 1787410560
[replaying  89%] replaying BTC-USDT @ 1787410620
[replaying  89%] replaying ETH-USDT @ 1787410620
[replaying  89%] replaying BTC-USDT @ 1787410680
[replaying  89%] replaying ETH-USDT @ 1787410680
[replaying  89%] replaying BTC-USDT @ 1787410740
[replaying  89%] replaying ETH-USDT @ 1787410740
[replaying  89%] replaying BTC-USDT @ 1787410800
[replaying  89%] replaying ETH-USDT @ 1787410800
[replaying  89%] replaying BTC-USDT @ 1787410860
[replaying  89%] replaying ETH-USDT @ 1787410860
[replaying  89%] replaying BTC-USDT @ 1787410920
[replaying  89%] replaying ETH-USDT @ 1787410920
[replaying  89%] replaying BTC-USDT @ 1787410980
[replaying  89%] replaying ETH-USDT @ 1787410980
[replaying  89%] replaying BTC-USDT @ 1787411040
[replaying  89%] replaying ETH-USDT @ 1787411040
[replaying  89%] replaying BTC-USDT @ 1787411100
[replaying  89%] replaying ETH-USDT @ 1787411100
[replaying  89%] replaying BTC-USDT @ 1787411160
[replaying  89%] replaying ETH-USDT @ 1787411160
[replaying  89%] replaying BTC-USDT @ 1787411220
[replaying  89%] replaying ETH-USDT @ 1787411220
[replaying  89%] replaying BTC-USDT @ 1787411280
[replaying  89%] replaying ETH-USDT @ 1787411280
[replaying  89%] replaying BTC-USDT @ 1787411340
[replaying  89%] replaying ETH-USDT @ 1787411340
[replaying  89%] replaying BTC-USDT @ 1787411400
[replaying  89%] replaying ETH-USDT @ 1787411400
[replaying  89%] replaying BTC-USDT @ 1787411460
[replaying  89%] replaying ETH-USDT @ 1787411460
[replaying  90%] replaying BTC-USDT @ 1787411520
[replaying  90%] replaying ETH-USDT @ 1787411520
[replaying  90%] replaying BTC-USDT @ 1787411580
[replaying  90%] replaying ETH-USDT @ 1787411580
[replaying  90%] replaying BTC-USDT @ 1787411640
[replaying  90%] replaying ETH-USDT @ 1787411640
[replaying  90%] replaying BTC-USDT @ 1787411700
[replaying  90%] replaying ETH-USDT @ 1787411700
[replaying  90%] replaying BTC-USDT @ 1787411760
[replaying  90%] replaying ETH-USDT @ 1787411760
[replaying  90%] replaying BTC-USDT @ 1787411820
[replaying  90%] replaying ETH-USDT @ 1787411820
[replaying  90%] replaying BTC-USDT @ 1787411880
[replaying  90%] replaying ETH-USDT @ 1787411880
[replaying  90%] replaying BTC-USDT @ 1787411940
[replaying  90%] replaying ETH-USDT @ 1787411940
[replaying  90%] replaying BTC-USDT @ 1787412000
[replaying  90%] replaying ETH-USDT @ 1787412000
[replaying  90%] replaying BTC-USDT @ 1787412060
[replaying  90%] replaying ETH-USDT @ 1787412060
[replaying  90%] replaying BTC-USDT @ 1787412120
[replaying  90%] replaying ETH-USDT @ 1787412120
[replaying  90%] replaying BTC-USDT @ 1787412180
[replaying  90%] replaying ETH-USDT @ 1787412180
[replaying  90%] replaying BTC-USDT @ 1787412240
[replaying  90%] replaying ETH-USDT @ 1787412240
[replaying  90%] replaying BTC-USDT @ 1787412300
[replaying  90%] replaying ETH-USDT @ 1787412300
[replaying  90%] replaying BTC-USDT @ 1787412360
[replaying  90%] replaying ETH-USDT @ 1787412360
[replaying  90%] replaying BTC-USDT @ 1787412420
[replaying  90%] replaying ETH-USDT @ 1787412420
[replaying  90%] replaying BTC-USDT @ 1787412480
[replaying  90%] replaying ETH-USDT @ 1787412480
[replaying  90%] replaying BTC-USDT @ 1787412540
[replaying  90%] replaying ETH-USDT @ 1787412540
[replaying  90%] replaying BTC-USDT @ 1787412600
[replaying  90%] replaying ETH-USDT @ 1787412600
[replaying  90%] replaying BTC-USDT @ 1787412660
[replaying  90%] replaying ETH-USDT @ 1787412660
[replaying  90%] replaying BTC-USDT @ 1787412720
[replaying  90%] replaying ETH-USDT @ 1787412720
[replaying  90%] replaying BTC-USDT @ 1787412780
[replaying  90%] replaying ETH-USDT @ 1787412780
[replaying  90%] replaying BTC-USDT @ 1787412840
[replaying  90%] replaying ETH-USDT @ 1787412840
[replaying  90%] replaying BTC-USDT @ 1787412900
[replaying  90%] replaying ETH-USDT @ 1787412900
[replaying  90%] replaying BTC-USDT @ 1787412960
[replaying  90%] replaying ETH-USDT @ 1787412960
[replaying  90%] replaying BTC-USDT @ 1787413020
[replaying  90%] replaying ETH-USDT @ 1787413020
[replaying  90%] replaying BTC-USDT @ 1787413080
[replaying  90%] replaying ETH-USDT @ 1787413080
[replaying  90%] replaying BTC-USDT @ 1787413140
[replaying  90%] replaying ETH-USDT @ 1787413140
[replaying  90%] replaying BTC-USDT @ 1787413200
[replaying  90%] replaying ETH-USDT @ 1787413200
[replaying  90%] replaying BTC-USDT @ 1787413260
[replaying  90%] replaying ETH-USDT @ 1787413260
[replaying  90%] replaying BTC-USDT @ 1787413320
[replaying  90%] replaying ETH-USDT @ 1787413320
[replaying  90%] replaying BTC-USDT @ 1787413380
[replaying  90%] replaying ETH-USDT @ 1787413380
[replaying  90%] replaying BTC-USDT @ 1787413440
[replaying  90%] replaying ETH-USDT @ 1787413440
[replaying  90%] replaying BTC-USDT @ 1787413500
[replaying  90%] replaying ETH-USDT @ 1787413500
[replaying  90%] replaying BTC-USDT @ 1787413560
[replaying  90%] replaying ETH-USDT @ 1787413560
[replaying  90%] replaying BTC-USDT @ 1787413620
[replaying  90%] replaying ETH-USDT @ 1787413620
[replaying  90%] replaying BTC-USDT @ 1787413680
[replaying  90%] replaying ETH-USDT @ 1787413680
[replaying  90%] replaying BTC-USDT @ 1787413740
[replaying  90%] replaying ETH-USDT @ 1787413740
[replaying  90%] replaying BTC-USDT @ 1787413800
[replaying  90%] replaying ETH-USDT @ 1787413800
[replaying  90%] replaying BTC-USDT @ 1787413860
[replaying  90%] replaying ETH-USDT @ 1787413860
[replaying  90%] replaying BTC-USDT @ 1787413920
[replaying  90%] replaying ETH-USDT @ 1787413920
[replaying  90%] replaying BTC-USDT @ 1787413980
[replaying  90%] replaying ETH-USDT @ 1787413980
[replaying  90%] replaying BTC-USDT @ 1787414040
[replaying  90%] replaying ETH-USDT @ 1787414040
[replaying  90%] replaying BTC-USDT @ 1787414100
[replaying  90%] replaying ETH-USDT @ 1787414100
[replaying  90%] replaying BTC-USDT @ 1787414160
[replaying  90%] replaying ETH-USDT @ 1787414160
[replaying  90%] replaying BTC-USDT @ 1787414220
[replaying  90%] replaying ETH-USDT @ 1787414220
[replaying  90%] replaying BTC-USDT @ 1787414280
[replaying  90%] replaying ETH-USDT @ 1787414280
[replaying  90%] replaying BTC-USDT @ 1787414340
[replaying  90%] replaying ETH-USDT @ 1787414340
[replaying  90%] replaying BTC-USDT @ 1787414400
[replaying  90%] replaying ETH-USDT @ 1787414400
[replaying  90%] replaying BTC-USDT @ 1787414460
[replaying  90%] replaying ETH-USDT @ 1787414460
[replaying  90%] replaying BTC-USDT @ 1787414520
[replaying  90%] replaying ETH-USDT @ 1787414520
[replaying  90%] replaying BTC-USDT @ 1787414580
[replaying  90%] replaying ETH-USDT @ 1787414580
[replaying  90%] replaying BTC-USDT @ 1787414640
[replaying  90%] replaying ETH-USDT @ 1787414640
[replaying  90%] replaying BTC-USDT @ 1787414700
[replaying  90%] replaying ETH-USDT @ 1787414700
[replaying  90%] replaying BTC-USDT @ 1787414760
[replaying  90%] replaying ETH-USDT @ 1787414760
[replaying  90%] replaying BTC-USDT @ 1787414820
[replaying  90%] replaying ETH-USDT @ 1787414820
[replaying  91%] replaying BTC-USDT @ 1787414880
[replaying  91%] replaying ETH-USDT @ 1787414880
[replaying  91%] replaying BTC-USDT @ 1787414940
[replaying  91%] replaying ETH-USDT @ 1787414940
[replaying  91%] replaying BTC-USDT @ 1787415000
[replaying  91%] replaying ETH-USDT @ 1787415000
[replaying  91%] replaying BTC-USDT @ 1787415060
[replaying  91%] replaying ETH-USDT @ 1787415060
[replaying  91%] replaying BTC-USDT @ 1787415120
[replaying  91%] replaying ETH-USDT @ 1787415120
[replaying  91%] replaying BTC-USDT @ 1787415180
[replaying  91%] replaying ETH-USDT @ 1787415180
[replaying  91%] replaying BTC-USDT @ 1787415240
[replaying  91%] replaying ETH-USDT @ 1787415240
[replaying  91%] replaying BTC-USDT @ 1787415300
[replaying  91%] replaying ETH-USDT @ 1787415300
[replaying  91%] replaying BTC-USDT @ 1787415360
[replaying  91%] replaying ETH-USDT @ 1787415360
[replaying  91%] replaying BTC-USDT @ 1787415420
[replaying  91%] replaying ETH-USDT @ 1787415420
[replaying  91%] replaying BTC-USDT @ 1787415480
[replaying  91%] replaying ETH-USDT @ 1787415480
[replaying  91%] replaying BTC-USDT @ 1787415540
[replaying  91%] replaying ETH-USDT @ 1787415540
[replaying  91%] replaying BTC-USDT @ 1787415600
[replaying  91%] replaying ETH-USDT @ 1787415600
[replaying  91%] replaying BTC-USDT @ 1787415660
[replaying  91%] replaying ETH-USDT @ 1787415660
[replaying  91%] replaying BTC-USDT @ 1787415720
[replaying  91%] replaying ETH-USDT @ 1787415720
[replaying  91%] replaying BTC-USDT @ 1787415780
[replaying  91%] replaying ETH-USDT @ 1787415780
[replaying  91%] replaying BTC-USDT @ 1787415840
[replaying  91%] replaying ETH-USDT @ 1787415840
[replaying  91%] replaying BTC-USDT @ 1787415900
[replaying  91%] replaying ETH-USDT @ 1787415900
[replaying  91%] replaying BTC-USDT @ 1787415960
[replaying  91%] replaying ETH-USDT @ 1787415960
[replaying  91%] replaying BTC-USDT @ 1787416020
[replaying  91%] replaying ETH-USDT @ 1787416020
[replaying  91%] replaying BTC-USDT @ 1787416080
[replaying  91%] replaying ETH-USDT @ 1787416080
[replaying  91%] replaying BTC-USDT @ 1787416140
[replaying  91%] replaying ETH-USDT @ 1787416140
[replaying  91%] replaying BTC-USDT @ 1787416200
[replaying  91%] replaying ETH-USDT @ 1787416200
[replaying  91%] replaying BTC-USDT @ 1787416260
[replaying  91%] replaying ETH-USDT @ 1787416260
[replaying  91%] replaying BTC-USDT @ 1787416320
[replaying  91%] replaying ETH-USDT @ 1787416320
[replaying  91%] replaying BTC-USDT @ 1787416380
[replaying  91%] replaying ETH-USDT @ 1787416380
[replaying  91%] replaying BTC-USDT @ 1787416440
[replaying  91%] replaying ETH-USDT @ 1787416440
[replaying  91%] replaying BTC-USDT @ 1787416500
[replaying  91%] replaying ETH-USDT @ 1787416500
[replaying  91%] replaying BTC-USDT @ 1787416560
[replaying  91%] replaying ETH-USDT @ 1787416560
[replaying  91%] replaying BTC-USDT @ 1787416620
[replaying  91%] replaying ETH-USDT @ 1787416620
[replaying  91%] replaying BTC-USDT @ 1787416680
[replaying  91%] replaying ETH-USDT @ 1787416680
[replaying  91%] replaying BTC-USDT @ 1787416740
[replaying  91%] replaying ETH-USDT @ 1787416740
[replaying  91%] replaying BTC-USDT @ 1787416800
[replaying  91%] replaying ETH-USDT @ 1787416800
[replaying  91%] replaying BTC-USDT @ 1787416860
[replaying  91%] replaying ETH-USDT @ 1787416860
[replaying  91%] replaying BTC-USDT @ 1787416920
[replaying  91%] replaying ETH-USDT @ 1787416920
[replaying  91%] replaying BTC-USDT @ 1787416980
[replaying  91%] replaying ETH-USDT @ 1787416980
[replaying  91%] replaying BTC-USDT @ 1787417040
[replaying  91%] replaying ETH-USDT @ 1787417040
[replaying  91%] replaying BTC-USDT @ 1787417100
[replaying  91%] replaying ETH-USDT @ 1787417100
[replaying  91%] replaying BTC-USDT @ 1787417160
[replaying  91%] replaying ETH-USDT @ 1787417160
[replaying  91%] replaying BTC-USDT @ 1787417220
[replaying  91%] replaying ETH-USDT @ 1787417220
[replaying  91%] replaying BTC-USDT @ 1787417280
[replaying  91%] replaying ETH-USDT @ 1787417280
[replaying  91%] replaying BTC-USDT @ 1787417340
[replaying  91%] replaying ETH-USDT @ 1787417340
[replaying  91%] replaying BTC-USDT @ 1787417400
[replaying  91%] replaying ETH-USDT @ 1787417400
[replaying  91%] replaying BTC-USDT @ 1787417460
[replaying  91%] replaying ETH-USDT @ 1787417460
[replaying  91%] replaying BTC-USDT @ 1787417520
[replaying  91%] replaying ETH-USDT @ 1787417520
[replaying  91%] replaying BTC-USDT @ 1787417580
[replaying  91%] replaying ETH-USDT @ 1787417580
[replaying  91%] replaying BTC-USDT @ 1787417640
[replaying  91%] replaying ETH-USDT @ 1787417640
[replaying  91%] replaying BTC-USDT @ 1787417700
[replaying  91%] replaying ETH-USDT @ 1787417700
[replaying  91%] replaying BTC-USDT @ 1787417760
[replaying  91%] replaying ETH-USDT @ 1787417760
[replaying  91%] replaying BTC-USDT @ 1787417820
[replaying  91%] replaying ETH-USDT @ 1787417820
[replaying  91%] replaying BTC-USDT @ 1787417880
[replaying  91%] replaying ETH-USDT @ 1787417880
[replaying  91%] replaying BTC-USDT @ 1787417940
[replaying  91%] replaying ETH-USDT @ 1787417940
[replaying  91%] replaying BTC-USDT @ 1787418000
[replaying  91%] replaying ETH-USDT @ 1787418000
[replaying  91%] replaying BTC-USDT @ 1787418060
[replaying  91%] replaying ETH-USDT @ 1787418060
[replaying  91%] replaying BTC-USDT @ 1787418120
[replaying  91%] replaying ETH-USDT @ 1787418120
[replaying  91%] replaying BTC-USDT @ 1787418180
[replaying  92%] replaying ETH-USDT @ 1787418180
[replaying  92%] replaying BTC-USDT @ 1787418240
[replaying  92%] replaying ETH-USDT @ 1787418240
[replaying  92%] replaying BTC-USDT @ 1787418300
[replaying  92%] replaying ETH-USDT @ 1787418300
[replaying  92%] replaying BTC-USDT @ 1787418360
[replaying  92%] replaying ETH-USDT @ 1787418360
[replaying  92%] replaying BTC-USDT @ 1787418420
[replaying  92%] replaying ETH-USDT @ 1787418420
[replaying  92%] replaying BTC-USDT @ 1787418480
[replaying  92%] replaying ETH-USDT @ 1787418480
[replaying  92%] replaying BTC-USDT @ 1787418540
[replaying  92%] replaying ETH-USDT @ 1787418540
[replaying  92%] replaying BTC-USDT @ 1787418600
[replaying  92%] replaying ETH-USDT @ 1787418600
[replaying  92%] replaying BTC-USDT @ 1787418660
[replaying  92%] replaying ETH-USDT @ 1787418660
[replaying  92%] replaying BTC-USDT @ 1787418720
[replaying  92%] replaying ETH-USDT @ 1787418720
[replaying  92%] replaying BTC-USDT @ 1787418780
[replaying  92%] replaying ETH-USDT @ 1787418780
[replaying  92%] replaying BTC-USDT @ 1787418840
[replaying  92%] replaying ETH-USDT @ 1787418840
[replaying  92%] replaying BTC-USDT @ 1787418900
[replaying  92%] replaying ETH-USDT @ 1787418900
[replaying  92%] replaying BTC-USDT @ 1787418960
[replaying  92%] replaying ETH-USDT @ 1787418960
[replaying  92%] replaying BTC-USDT @ 1787419020
[replaying  92%] replaying ETH-USDT @ 1787419020
[replaying  92%] replaying BTC-USDT @ 1787419080
[replaying  92%] replaying ETH-USDT @ 1787419080
[replaying  92%] replaying BTC-USDT @ 1787419140
[replaying  92%] replaying ETH-USDT @ 1787419140
[replaying  92%] replaying BTC-USDT @ 1787419200
[replaying  92%] replaying ETH-USDT @ 1787419200
[replaying  92%] replaying BTC-USDT @ 1787419260
[replaying  92%] replaying ETH-USDT @ 1787419260
[replaying  92%] replaying BTC-USDT @ 1787419320
[replaying  92%] replaying ETH-USDT @ 1787419320
[replaying  92%] replaying BTC-USDT @ 1787419380
[replaying  92%] replaying ETH-USDT @ 1787419380
[replaying  92%] replaying BTC-USDT @ 1787419440
[replaying  92%] replaying ETH-USDT @ 1787419440
[replaying  92%] replaying BTC-USDT @ 1787419500
[replaying  92%] replaying ETH-USDT @ 1787419500
[replaying  92%] replaying BTC-USDT @ 1787419560
[replaying  92%] replaying ETH-USDT @ 1787419560
[replaying  92%] replaying BTC-USDT @ 1787419620
[replaying  92%] replaying ETH-USDT @ 1787419620
[replaying  92%] replaying BTC-USDT @ 1787419680
[replaying  92%] replaying ETH-USDT @ 1787419680
[replaying  92%] replaying BTC-USDT @ 1787419740
[replaying  92%] replaying ETH-USDT @ 1787419740
[replaying  92%] replaying BTC-USDT @ 1787419800
[replaying  92%] replaying ETH-USDT @ 1787419800
[replaying  92%] replaying BTC-USDT @ 1787419860
[replaying  92%] replaying ETH-USDT @ 1787419860
[replaying  92%] replaying BTC-USDT @ 1787419920
[replaying  92%] replaying ETH-USDT @ 1787419920
[replaying  92%] replaying BTC-USDT @ 1787419980
[replaying  92%] replaying ETH-USDT @ 1787419980
[replaying  92%] replaying BTC-USDT @ 1787420040
[replaying  92%] replaying ETH-USDT @ 1787420040
[replaying  92%] replaying BTC-USDT @ 1787420100
[replaying  92%] replaying ETH-USDT @ 1787420100
[replaying  92%] replaying BTC-USDT @ 1787420160
[replaying  92%] replaying ETH-USDT @ 1787420160
[replaying  92%] replaying BTC-USDT @ 1787420220
[replaying  92%] replaying ETH-USDT @ 1787420220
[replaying  92%] replaying BTC-USDT @ 1787420280
[replaying  92%] replaying ETH-USDT @ 1787420280
[replaying  92%] replaying BTC-USDT @ 1787420340
[replaying  92%] replaying ETH-USDT @ 1787420340
[replaying  92%] replaying BTC-USDT @ 1787420400
[replaying  92%] replaying ETH-USDT @ 1787420400
[replaying  92%] replaying BTC-USDT @ 1787420460
[replaying  92%] replaying ETH-USDT @ 1787420460
[replaying  92%] replaying BTC-USDT @ 1787420520
[replaying  92%] replaying ETH-USDT @ 1787420520
[replaying  92%] replaying BTC-USDT @ 1787420580
[replaying  92%] replaying ETH-USDT @ 1787420580
[replaying  92%] replaying BTC-USDT @ 1787420640
[replaying  92%] replaying ETH-USDT @ 1787420640
[replaying  92%] replaying BTC-USDT @ 1787420700
[replaying  92%] replaying ETH-USDT @ 1787420700
[replaying  92%] replaying BTC-USDT @ 1787420760
[replaying  92%] replaying ETH-USDT @ 1787420760
[replaying  92%] replaying BTC-USDT @ 1787420820
[replaying  92%] replaying ETH-USDT @ 1787420820
[replaying  92%] replaying BTC-USDT @ 1787420880
[replaying  92%] replaying ETH-USDT @ 1787420880
[replaying  92%] replaying BTC-USDT @ 1787420940
[replaying  92%] replaying ETH-USDT @ 1787420940
[replaying  92%] replaying BTC-USDT @ 1787421000
[replaying  92%] replaying ETH-USDT @ 1787421000
[replaying  92%] replaying BTC-USDT @ 1787421060
[replaying  92%] replaying ETH-USDT @ 1787421060
[replaying  92%] replaying BTC-USDT @ 1787421120
[replaying  92%] replaying ETH-USDT @ 1787421120
[replaying  92%] replaying BTC-USDT @ 1787421180
[replaying  92%] replaying ETH-USDT @ 1787421180
[replaying  92%] replaying BTC-USDT @ 1787421240
[replaying  92%] replaying ETH-USDT @ 1787421240
[replaying  92%] replaying BTC-USDT @ 1787421300
[replaying  92%] replaying ETH-USDT @ 1787421300
[replaying  92%] replaying BTC-USDT @ 1787421360
[replaying  92%] replaying ETH-USDT @ 1787421360
[replaying  92%] replaying BTC-USDT @ 1787421420
[replaying  92%] replaying ETH-USDT @ 1787421420
[replaying  92%] replaying BTC-USDT @ 1787421480
[replaying  92%] replaying ETH-USDT @ 1787421480
[replaying  93%] replaying BTC-USDT @ 1787421540
[replaying  93%] replaying ETH-USDT @ 1787421540
[replaying  93%] replaying BTC-USDT @ 1787421600
[replaying  93%] replaying ETH-USDT @ 1787421600
[replaying  93%] replaying BTC-USDT @ 1787421660
[replaying  93%] replaying ETH-USDT @ 1787421660
[replaying  93%] replaying BTC-USDT @ 1787421720
[replaying  93%] replaying ETH-USDT @ 1787421720
[replaying  93%] replaying BTC-USDT @ 1787421780
[replaying  93%] replaying ETH-USDT @ 1787421780
[replaying  93%] replaying BTC-USDT @ 1787421840
[replaying  93%] replaying ETH-USDT @ 1787421840
[replaying  93%] replaying BTC-USDT @ 1787421900
[replaying  93%] replaying ETH-USDT @ 1787421900
[replaying  93%] replaying BTC-USDT @ 1787421960
[replaying  93%] replaying ETH-USDT @ 1787421960
[replaying  93%] replaying BTC-USDT @ 1787422020
[replaying  93%] replaying ETH-USDT @ 1787422020
[replaying  93%] replaying BTC-USDT @ 1787422080
[replaying  93%] replaying ETH-USDT @ 1787422080
[replaying  93%] replaying BTC-USDT @ 1787422140
[replaying  93%] replaying ETH-USDT @ 1787422140
[replaying  93%] replaying BTC-USDT @ 1787422200
[replaying  93%] replaying ETH-USDT @ 1787422200
[replaying  93%] replaying BTC-USDT @ 1787422260
[replaying  93%] replaying ETH-USDT @ 1787422260
[replaying  93%] replaying BTC-USDT @ 1787422320
[replaying  93%] replaying ETH-USDT @ 1787422320
[replaying  93%] replaying BTC-USDT @ 1787422380
[replaying  93%] replaying ETH-USDT @ 1787422380
[replaying  93%] replaying BTC-USDT @ 1787422440
[replaying  93%] replaying ETH-USDT @ 1787422440
[replaying  93%] replaying BTC-USDT @ 1787422500
[replaying  93%] replaying ETH-USDT @ 1787422500
[replaying  93%] replaying BTC-USDT @ 1787422560
[replaying  93%] replaying ETH-USDT @ 1787422560
[replaying  93%] replaying BTC-USDT @ 1787422620
[replaying  93%] replaying ETH-USDT @ 1787422620
[replaying  93%] replaying BTC-USDT @ 1787422680
[replaying  93%] replaying ETH-USDT @ 1787422680
[replaying  93%] replaying BTC-USDT @ 1787422740
[replaying  93%] replaying ETH-USDT @ 1787422740
[replaying  93%] replaying BTC-USDT @ 1787422800
[replaying  93%] replaying ETH-USDT @ 1787422800
[replaying  93%] replaying BTC-USDT @ 1787422860
[replaying  93%] replaying ETH-USDT @ 1787422860
[replaying  93%] replaying BTC-USDT @ 1787422920
[replaying  93%] replaying ETH-USDT @ 1787422920
[replaying  93%] replaying BTC-USDT @ 1787422980
[replaying  93%] replaying ETH-USDT @ 1787422980
[replaying  93%] replaying BTC-USDT @ 1787423040
[replaying  93%] replaying ETH-USDT @ 1787423040
[replaying  93%] replaying BTC-USDT @ 1787423100
[replaying  93%] replaying ETH-USDT @ 1787423100
[replaying  93%] replaying BTC-USDT @ 1787423160
[replaying  93%] replaying ETH-USDT @ 1787423160
[replaying  93%] replaying BTC-USDT @ 1787423220
[replaying  93%] replaying ETH-USDT @ 1787423220
[replaying  93%] replaying BTC-USDT @ 1787423280
[replaying  93%] replaying ETH-USDT @ 1787423280
[replaying  93%] replaying BTC-USDT @ 1787423340
[replaying  93%] replaying ETH-USDT @ 1787423340
[replaying  93%] replaying BTC-USDT @ 1787423400
[replaying  93%] replaying ETH-USDT @ 1787423400
[replaying  93%] replaying BTC-USDT @ 1787423460
[replaying  93%] replaying ETH-USDT @ 1787423460
[replaying  93%] replaying BTC-USDT @ 1787423520
[replaying  93%] replaying ETH-USDT @ 1787423520
[replaying  93%] replaying BTC-USDT @ 1787423580
[replaying  93%] replaying ETH-USDT @ 1787423580
[replaying  93%] replaying BTC-USDT @ 1787423640
[replaying  93%] replaying ETH-USDT @ 1787423640
[replaying  93%] replaying BTC-USDT @ 1787423700
[replaying  93%] replaying ETH-USDT @ 1787423700
[replaying  93%] replaying BTC-USDT @ 1787423760
[replaying  93%] replaying ETH-USDT @ 1787423760
[replaying  93%] replaying BTC-USDT @ 1787423820
[replaying  93%] replaying ETH-USDT @ 1787423820
[replaying  93%] replaying BTC-USDT @ 1787423880
[replaying  93%] replaying ETH-USDT @ 1787423880
[replaying  93%] replaying BTC-USDT @ 1787423940
[replaying  93%] replaying ETH-USDT @ 1787423940
[replaying  93%] replaying BTC-USDT @ 1787424000
[replaying  93%] replaying ETH-USDT @ 1787424000
[replaying  93%] replaying BTC-USDT @ 1787424060
[replaying  93%] replaying ETH-USDT @ 1787424060
[replaying  93%] replaying BTC-USDT @ 1787424120
[replaying  93%] replaying ETH-USDT @ 1787424120
[replaying  93%] replaying BTC-USDT @ 1787424180
[replaying  93%] replaying ETH-USDT @ 1787424180
[replaying  93%] replaying BTC-USDT @ 1787424240
[replaying  93%] replaying ETH-USDT @ 1787424240
[replaying  93%] replaying BTC-USDT @ 1787424300
[replaying  93%] replaying ETH-USDT @ 1787424300
[replaying  93%] replaying BTC-USDT @ 1787424360
[replaying  93%] replaying ETH-USDT @ 1787424360
[replaying  93%] replaying BTC-USDT @ 1787424420
[replaying  93%] replaying ETH-USDT @ 1787424420
[replaying  93%] replaying BTC-USDT @ 1787424480
[replaying  93%] replaying ETH-USDT @ 1787424480
[replaying  93%] replaying BTC-USDT @ 1787424540
[replaying  93%] replaying ETH-USDT @ 1787424540
[replaying  93%] replaying BTC-USDT @ 1787424600
[replaying  93%] replaying ETH-USDT @ 1787424600
[replaying  93%] replaying BTC-USDT @ 1787424660
[replaying  93%] replaying ETH-USDT @ 1787424660
[replaying  93%] replaying BTC-USDT @ 1787424720
[replaying  93%] replaying ETH-USDT @ 1787424720
[replaying  93%] replaying BTC-USDT @ 1787424780
[replaying  93%] replaying ETH-USDT @ 1787424780
[replaying  93%] replaying BTC-USDT @ 1787424840
[replaying  93%] replaying ETH-USDT @ 1787424840
[replaying  94%] replaying BTC-USDT @ 1787424900
[replaying  94%] replaying ETH-USDT @ 1787424900
[replaying  94%] replaying BTC-USDT @ 1787424960
[replaying  94%] replaying ETH-USDT @ 1787424960
[replaying  94%] replaying BTC-USDT @ 1787425020
[replaying  94%] replaying ETH-USDT @ 1787425020
[replaying  94%] replaying BTC-USDT @ 1787425080
[replaying  94%] replaying ETH-USDT @ 1787425080
[replaying  94%] replaying BTC-USDT @ 1787425140
[replaying  94%] replaying ETH-USDT @ 1787425140
[replaying  94%] replaying BTC-USDT @ 1787425200
[replaying  94%] replaying ETH-USDT @ 1787425200
[replaying  94%] replaying BTC-USDT @ 1787425260
[replaying  94%] replaying ETH-USDT @ 1787425260
[replaying  94%] replaying BTC-USDT @ 1787425320
[replaying  94%] replaying ETH-USDT @ 1787425320
[replaying  94%] replaying BTC-USDT @ 1787425380
[replaying  94%] replaying ETH-USDT @ 1787425380
[replaying  94%] replaying BTC-USDT @ 1787425440
[replaying  94%] replaying ETH-USDT @ 1787425440
[replaying  94%] replaying BTC-USDT @ 1787425500
[replaying  94%] replaying ETH-USDT @ 1787425500
[replaying  94%] replaying BTC-USDT @ 1787425560
[replaying  94%] replaying ETH-USDT @ 1787425560
[replaying  94%] replaying BTC-USDT @ 1787425620
[replaying  94%] replaying ETH-USDT @ 1787425620
[replaying  94%] replaying BTC-USDT @ 1787425680
[replaying  94%] replaying ETH-USDT @ 1787425680
[replaying  94%] replaying BTC-USDT @ 1787425740
[replaying  94%] replaying ETH-USDT @ 1787425740
[replaying  94%] replaying BTC-USDT @ 1787425800
[replaying  94%] replaying ETH-USDT @ 1787425800
[replaying  94%] replaying BTC-USDT @ 1787425860
[replaying  94%] replaying ETH-USDT @ 1787425860
[replaying  94%] replaying BTC-USDT @ 1787425920
[replaying  94%] replaying ETH-USDT @ 1787425920
[replaying  94%] replaying BTC-USDT @ 1787425980
[replaying  94%] replaying ETH-USDT @ 1787425980
[replaying  94%] replaying BTC-USDT @ 1787426040
[replaying  94%] replaying ETH-USDT @ 1787426040
[replaying  94%] replaying BTC-USDT @ 1787426100
[replaying  94%] replaying ETH-USDT @ 1787426100
[replaying  94%] replaying BTC-USDT @ 1787426160
[replaying  94%] replaying ETH-USDT @ 1787426160
[replaying  94%] replaying BTC-USDT @ 1787426220
[replaying  94%] replaying ETH-USDT @ 1787426220
[replaying  94%] replaying BTC-USDT @ 1787426280
[replaying  94%] replaying ETH-USDT @ 1787426280
[replaying  94%] replaying BTC-USDT @ 1787426340
[replaying  94%] replaying ETH-USDT @ 1787426340
[replaying  94%] replaying BTC-USDT @ 1787426400
[replaying  94%] replaying ETH-USDT @ 1787426400
[replaying  94%] replaying BTC-USDT @ 1787426460
[replaying  94%] replaying ETH-USDT @ 1787426460
[replaying  94%] replaying BTC-USDT @ 1787426520
[replaying  94%] replaying ETH-USDT @ 1787426520
[replaying  94%] replaying BTC-USDT @ 1787426580
[replaying  94%] replaying ETH-USDT @ 1787426580
[replaying  94%] replaying BTC-USDT @ 1787426640
[replaying  94%] replaying ETH-USDT @ 1787426640
[replaying  94%] replaying BTC-USDT @ 1787426700
[replaying  94%] replaying ETH-USDT @ 1787426700
[replaying  94%] replaying BTC-USDT @ 1787426760
[replaying  94%] replaying ETH-USDT @ 1787426760
[replaying  94%] replaying BTC-USDT @ 1787426820
[replaying  94%] replaying ETH-USDT @ 1787426820
[replaying  94%] replaying BTC-USDT @ 1787426880
[replaying  94%] replaying ETH-USDT @ 1787426880
[replaying  94%] replaying BTC-USDT @ 1787426940
[replaying  94%] replaying ETH-USDT @ 1787426940
[replaying  94%] replaying BTC-USDT @ 1787427000
[replaying  94%] replaying ETH-USDT @ 1787427000
[replaying  94%] replaying BTC-USDT @ 1787427060
[replaying  94%] replaying ETH-USDT @ 1787427060
[replaying  94%] replaying BTC-USDT @ 1787427120
[replaying  94%] replaying ETH-USDT @ 1787427120
[replaying  94%] replaying BTC-USDT @ 1787427180
[replaying  94%] replaying ETH-USDT @ 1787427180
[replaying  94%] replaying BTC-USDT @ 1787427240
[replaying  94%] replaying ETH-USDT @ 1787427240
[replaying  94%] replaying BTC-USDT @ 1787427300
[replaying  94%] replaying ETH-USDT @ 1787427300
[replaying  94%] replaying BTC-USDT @ 1787427360
[replaying  94%] replaying ETH-USDT @ 1787427360
[replaying  94%] replaying BTC-USDT @ 1787427420
[replaying  94%] replaying ETH-USDT @ 1787427420
[replaying  94%] replaying BTC-USDT @ 1787427480
[replaying  94%] replaying ETH-USDT @ 1787427480
[replaying  94%] replaying BTC-USDT @ 1787427540
[replaying  94%] replaying ETH-USDT @ 1787427540
[replaying  94%] replaying BTC-USDT @ 1787427600
[replaying  94%] replaying ETH-USDT @ 1787427600
[replaying  94%] replaying BTC-USDT @ 1787427660
[replaying  94%] replaying ETH-USDT @ 1787427660
[replaying  94%] replaying BTC-USDT @ 1787427720
[replaying  94%] replaying ETH-USDT @ 1787427720
[replaying  94%] replaying BTC-USDT @ 1787427780
[replaying  94%] replaying ETH-USDT @ 1787427780
[replaying  94%] replaying BTC-USDT @ 1787427840
[replaying  94%] replaying ETH-USDT @ 1787427840
[replaying  94%] replaying BTC-USDT @ 1787427900
[replaying  94%] replaying ETH-USDT @ 1787427900
[replaying  94%] replaying BTC-USDT @ 1787427960
[replaying  94%] replaying ETH-USDT @ 1787427960
[replaying  94%] replaying BTC-USDT @ 1787428020
[replaying  94%] replaying ETH-USDT @ 1787428020
[replaying  94%] replaying BTC-USDT @ 1787428080
[replaying  94%] replaying ETH-USDT @ 1787428080
[replaying  94%] replaying BTC-USDT @ 1787428140
[replaying  94%] replaying ETH-USDT @ 1787428140
[replaying  94%] replaying BTC-USDT @ 1787428200
[replaying  95%] replaying ETH-USDT @ 1787428200
[replaying  95%] replaying BTC-USDT @ 1787428260
[replaying  95%] replaying ETH-USDT @ 1787428260
[replaying  95%] replaying BTC-USDT @ 1787428320
[replaying  95%] replaying ETH-USDT @ 1787428320
[replaying  95%] replaying BTC-USDT @ 1787428380
[replaying  95%] replaying ETH-USDT @ 1787428380
[replaying  95%] replaying BTC-USDT @ 1787428440
[replaying  95%] replaying ETH-USDT @ 1787428440
[replaying  95%] replaying BTC-USDT @ 1787428500
[replaying  95%] replaying ETH-USDT @ 1787428500
[replaying  95%] replaying BTC-USDT @ 1787428560
[replaying  95%] replaying ETH-USDT @ 1787428560
[replaying  95%] replaying BTC-USDT @ 1787428620
[replaying  95%] replaying ETH-USDT @ 1787428620
[replaying  95%] replaying BTC-USDT @ 1787428680
[replaying  95%] replaying ETH-USDT @ 1787428680
[replaying  95%] replaying BTC-USDT @ 1787428740
[replaying  95%] replaying ETH-USDT @ 1787428740
[replaying  95%] replaying BTC-USDT @ 1787428800
[replaying  95%] replaying ETH-USDT @ 1787428800
[replaying  95%] replaying BTC-USDT @ 1787428860
[replaying  95%] replaying ETH-USDT @ 1787428860
[replaying  95%] replaying BTC-USDT @ 1787428920
[replaying  95%] replaying ETH-USDT @ 1787428920
[replaying  95%] replaying BTC-USDT @ 1787428980
[replaying  95%] replaying ETH-USDT @ 1787428980
[replaying  95%] replaying BTC-USDT @ 1787429040
[replaying  95%] replaying ETH-USDT @ 1787429040
[replaying  95%] replaying BTC-USDT @ 1787429100
[replaying  95%] replaying ETH-USDT @ 1787429100
[replaying  95%] replaying BTC-USDT @ 1787429160
[replaying  95%] replaying ETH-USDT @ 1787429160
[replaying  95%] replaying BTC-USDT @ 1787429220
[replaying  95%] replaying ETH-USDT @ 1787429220
[replaying  95%] replaying BTC-USDT @ 1787429280
[replaying  95%] replaying ETH-USDT @ 1787429280
[replaying  95%] replaying BTC-USDT @ 1787429340
[replaying  95%] replaying ETH-USDT @ 1787429340
[replaying  95%] replaying BTC-USDT @ 1787429400
[replaying  95%] replaying ETH-USDT @ 1787429400
[replaying  95%] replaying BTC-USDT @ 1787429460
[replaying  95%] replaying ETH-USDT @ 1787429460
[replaying  95%] replaying BTC-USDT @ 1787429520
[replaying  95%] replaying ETH-USDT @ 1787429520
[replaying  95%] replaying BTC-USDT @ 1787429580
[replaying  95%] replaying ETH-USDT @ 1787429580
[replaying  95%] replaying BTC-USDT @ 1787429640
[replaying  95%] replaying ETH-USDT @ 1787429640
[replaying  95%] replaying BTC-USDT @ 1787429700
[replaying  95%] replaying ETH-USDT @ 1787429700
[replaying  95%] replaying BTC-USDT @ 1787429760
[replaying  95%] replaying ETH-USDT @ 1787429760
[replaying  95%] replaying BTC-USDT @ 1787429820
[replaying  95%] replaying ETH-USDT @ 1787429820
[replaying  95%] replaying BTC-USDT @ 1787429880
[replaying  95%] replaying ETH-USDT @ 1787429880
[replaying  95%] replaying BTC-USDT @ 1787429940
[replaying  95%] replaying ETH-USDT @ 1787429940
[replaying  95%] replaying BTC-USDT @ 1787430000
[replaying  95%] replaying ETH-USDT @ 1787430000
[replaying  95%] replaying BTC-USDT @ 1787430060
[replaying  95%] replaying ETH-USDT @ 1787430060
[replaying  95%] replaying BTC-USDT @ 1787430120
[replaying  95%] replaying ETH-USDT @ 1787430120
[replaying  95%] replaying BTC-USDT @ 1787430180
[replaying  95%] replaying ETH-USDT @ 1787430180
[replaying  95%] replaying BTC-USDT @ 1787430240
[replaying  95%] replaying ETH-USDT @ 1787430240
[replaying  95%] replaying BTC-USDT @ 1787430300
[replaying  95%] replaying ETH-USDT @ 1787430300
[replaying  95%] replaying BTC-USDT @ 1787430360
[replaying  95%] replaying ETH-USDT @ 1787430360
[replaying  95%] replaying BTC-USDT @ 1787430420
[replaying  95%] replaying ETH-USDT @ 1787430420
[replaying  95%] replaying BTC-USDT @ 1787430480
[replaying  95%] replaying ETH-USDT @ 1787430480
[replaying  95%] replaying BTC-USDT @ 1787430540
[replaying  95%] replaying ETH-USDT @ 1787430540
[replaying  95%] replaying BTC-USDT @ 1787430600
[replaying  95%] replaying ETH-USDT @ 1787430600
[replaying  95%] replaying BTC-USDT @ 1787430660
[replaying  95%] replaying ETH-USDT @ 1787430660
[replaying  95%] replaying BTC-USDT @ 1787430720
[replaying  95%] replaying ETH-USDT @ 1787430720
[replaying  95%] replaying BTC-USDT @ 1787430780
[replaying  95%] replaying ETH-USDT @ 1787430780
[replaying  95%] replaying BTC-USDT @ 1787430840
[replaying  95%] replaying ETH-USDT @ 1787430840
[replaying  95%] replaying BTC-USDT @ 1787430900
[replaying  95%] replaying ETH-USDT @ 1787430900
[replaying  95%] replaying BTC-USDT @ 1787430960
[replaying  95%] replaying ETH-USDT @ 1787430960
[replaying  95%] replaying BTC-USDT @ 1787431020
[replaying  95%] replaying ETH-USDT @ 1787431020
[replaying  95%] replaying BTC-USDT @ 1787431080
[replaying  95%] replaying ETH-USDT @ 1787431080
[replaying  95%] replaying BTC-USDT @ 1787431140
[replaying  95%] replaying ETH-USDT @ 1787431140
[replaying  95%] replaying BTC-USDT @ 1787431200
[replaying  95%] replaying ETH-USDT @ 1787431200
[replaying  95%] replaying BTC-USDT @ 1787431260
[replaying  95%] replaying ETH-USDT @ 1787431260
[replaying  95%] replaying BTC-USDT @ 1787431320
[replaying  95%] replaying ETH-USDT @ 1787431320
[replaying  95%] replaying BTC-USDT @ 1787431380
[replaying  95%] replaying ETH-USDT @ 1787431380
[replaying  95%] replaying BTC-USDT @ 1787431440
[replaying  95%] replaying ETH-USDT @ 1787431440
[replaying  95%] replaying BTC-USDT @ 1787431500
[replaying  95%] replaying ETH-USDT @ 1787431500
[replaying  96%] replaying BTC-USDT @ 1787431560
[replaying  96%] replaying ETH-USDT @ 1787431560
[replaying  96%] replaying BTC-USDT @ 1787431620
[replaying  96%] replaying ETH-USDT @ 1787431620
[replaying  96%] replaying BTC-USDT @ 1787431680
[replaying  96%] replaying ETH-USDT @ 1787431680
[replaying  96%] replaying BTC-USDT @ 1787431740
[replaying  96%] replaying ETH-USDT @ 1787431740
[replaying  96%] replaying BTC-USDT @ 1787431800
[replaying  96%] replaying ETH-USDT @ 1787431800
[replaying  96%] replaying BTC-USDT @ 1787431860
[replaying  96%] replaying ETH-USDT @ 1787431860
[replaying  96%] replaying BTC-USDT @ 1787431920
[replaying  96%] replaying ETH-USDT @ 1787431920
[replaying  96%] replaying BTC-USDT @ 1787431980
[replaying  96%] replaying ETH-USDT @ 1787431980
[replaying  96%] replaying BTC-USDT @ 1787432040
[replaying  96%] replaying ETH-USDT @ 1787432040
[replaying  96%] replaying BTC-USDT @ 1787432100
[replaying  96%] replaying ETH-USDT @ 1787432100
[replaying  96%] replaying BTC-USDT @ 1787432160
[replaying  96%] replaying ETH-USDT @ 1787432160
[replaying  96%] replaying BTC-USDT @ 1787432220
[replaying  96%] replaying ETH-USDT @ 1787432220
[replaying  96%] replaying BTC-USDT @ 1787432280
[replaying  96%] replaying ETH-USDT @ 1787432280
[replaying  96%] replaying BTC-USDT @ 1787432340
[replaying  96%] replaying ETH-USDT @ 1787432340
[replaying  96%] replaying BTC-USDT @ 1787432400
[replaying  96%] replaying ETH-USDT @ 1787432400
[replaying  96%] replaying BTC-USDT @ 1787432460
[replaying  96%] replaying ETH-USDT @ 1787432460
[replaying  96%] replaying BTC-USDT @ 1787432520
[replaying  96%] replaying ETH-USDT @ 1787432520
[replaying  96%] replaying BTC-USDT @ 1787432580
[replaying  96%] replaying ETH-USDT @ 1787432580
[replaying  96%] replaying BTC-USDT @ 1787432640
[replaying  96%] replaying ETH-USDT @ 1787432640
[replaying  96%] replaying BTC-USDT @ 1787432700
[replaying  96%] replaying ETH-USDT @ 1787432700
[replaying  96%] replaying BTC-USDT @ 1787432760
[replaying  96%] replaying ETH-USDT @ 1787432760
[replaying  96%] replaying BTC-USDT @ 1787432820
[replaying  96%] replaying ETH-USDT @ 1787432820
[replaying  96%] replaying BTC-USDT @ 1787432880
[replaying  96%] replaying ETH-USDT @ 1787432880
[replaying  96%] replaying BTC-USDT @ 1787432940
[replaying  96%] replaying ETH-USDT @ 1787432940
[replaying  96%] replaying BTC-USDT @ 1787433000
[replaying  96%] replaying ETH-USDT @ 1787433000
[replaying  96%] replaying BTC-USDT @ 1787433060
[replaying  96%] replaying ETH-USDT @ 1787433060
[replaying  96%] replaying BTC-USDT @ 1787433120
[replaying  96%] replaying ETH-USDT @ 1787433120
[replaying  96%] replaying BTC-USDT @ 1787433180
[replaying  96%] replaying ETH-USDT @ 1787433180
[replaying  96%] replaying BTC-USDT @ 1787433240
[replaying  96%] replaying ETH-USDT @ 1787433240
[replaying  96%] replaying BTC-USDT @ 1787433300
[replaying  96%] replaying ETH-USDT @ 1787433300
[replaying  96%] replaying BTC-USDT @ 1787433360
[replaying  96%] replaying ETH-USDT @ 1787433360
[replaying  96%] replaying BTC-USDT @ 1787433420
[replaying  96%] replaying ETH-USDT @ 1787433420
[replaying  96%] replaying BTC-USDT @ 1787433480
[replaying  96%] replaying ETH-USDT @ 1787433480
[replaying  96%] replaying BTC-USDT @ 1787433540
[replaying  96%] replaying ETH-USDT @ 1787433540
[replaying  96%] replaying BTC-USDT @ 1787433600
[replaying  96%] replaying ETH-USDT @ 1787433600
[replaying  96%] replaying BTC-USDT @ 1787433660
[replaying  96%] replaying ETH-USDT @ 1787433660
[replaying  96%] replaying BTC-USDT @ 1787433720
[replaying  96%] replaying ETH-USDT @ 1787433720
[replaying  96%] replaying BTC-USDT @ 1787433780
[replaying  96%] replaying ETH-USDT @ 1787433780
[replaying  96%] replaying BTC-USDT @ 1787433840
[replaying  96%] replaying ETH-USDT @ 1787433840
[replaying  96%] replaying BTC-USDT @ 1787433900
[replaying  96%] replaying ETH-USDT @ 1787433900
[replaying  96%] replaying BTC-USDT @ 1787433960
[replaying  96%] replaying ETH-USDT @ 1787433960
[replaying  96%] replaying BTC-USDT @ 1787434020
[replaying  96%] replaying ETH-USDT @ 1787434020
[replaying  96%] replaying BTC-USDT @ 1787434080
[replaying  96%] replaying ETH-USDT @ 1787434080
[replaying  96%] replaying BTC-USDT @ 1787434140
[replaying  96%] replaying ETH-USDT @ 1787434140
[replaying  96%] replaying BTC-USDT @ 1787434200
[replaying  96%] replaying ETH-USDT @ 1787434200
[replaying  96%] replaying BTC-USDT @ 1787434260
[replaying  96%] replaying ETH-USDT @ 1787434260
[replaying  96%] replaying BTC-USDT @ 1787434320
[replaying  96%] replaying ETH-USDT @ 1787434320
[replaying  96%] replaying BTC-USDT @ 1787434380
[replaying  96%] replaying ETH-USDT @ 1787434380
[replaying  96%] replaying BTC-USDT @ 1787434440
[replaying  96%] replaying ETH-USDT @ 1787434440
[replaying  96%] replaying BTC-USDT @ 1787434500
[replaying  96%] replaying ETH-USDT @ 1787434500
[replaying  96%] replaying BTC-USDT @ 1787434560
[replaying  96%] replaying ETH-USDT @ 1787434560
[replaying  96%] replaying BTC-USDT @ 1787434620
[replaying  96%] replaying ETH-USDT @ 1787434620
[replaying  96%] replaying BTC-USDT @ 1787434680
[replaying  96%] replaying ETH-USDT @ 1787434680
[replaying  96%] replaying BTC-USDT @ 1787434740
[replaying  96%] replaying ETH-USDT @ 1787434740
[replaying  96%] replaying BTC-USDT @ 1787434800
[replaying  96%] replaying ETH-USDT @ 1787434800
[replaying  96%] replaying BTC-USDT @ 1787434860
[replaying  96%] replaying ETH-USDT @ 1787434860
[replaying  97%] replaying BTC-USDT @ 1787434920
[replaying  97%] replaying ETH-USDT @ 1787434920
[replaying  97%] replaying BTC-USDT @ 1787434980
[replaying  97%] replaying ETH-USDT @ 1787434980
[replaying  97%] replaying BTC-USDT @ 1787435040
[replaying  97%] replaying ETH-USDT @ 1787435040
[replaying  97%] replaying BTC-USDT @ 1787435100
[replaying  97%] replaying ETH-USDT @ 1787435100
[replaying  97%] replaying BTC-USDT @ 1787435160
[replaying  97%] replaying ETH-USDT @ 1787435160
[replaying  97%] replaying BTC-USDT @ 1787435220
[replaying  97%] replaying ETH-USDT @ 1787435220
[replaying  97%] replaying BTC-USDT @ 1787435280
[replaying  97%] replaying ETH-USDT @ 1787435280
[replaying  97%] replaying BTC-USDT @ 1787435340
[replaying  97%] replaying ETH-USDT @ 1787435340
[replaying  97%] replaying BTC-USDT @ 1787435400
[replaying  97%] replaying ETH-USDT @ 1787435400
[replaying  97%] replaying BTC-USDT @ 1787435460
[replaying  97%] replaying ETH-USDT @ 1787435460
[replaying  97%] replaying BTC-USDT @ 1787435520
[replaying  97%] replaying ETH-USDT @ 1787435520
[replaying  97%] replaying BTC-USDT @ 1787435580
[replaying  97%] replaying ETH-USDT @ 1787435580
[replaying  97%] replaying BTC-USDT @ 1787435640
[replaying  97%] replaying ETH-USDT @ 1787435640
[replaying  97%] replaying BTC-USDT @ 1787435700
[replaying  97%] replaying ETH-USDT @ 1787435700
[replaying  97%] replaying BTC-USDT @ 1787435760
[replaying  97%] replaying ETH-USDT @ 1787435760
[replaying  97%] replaying BTC-USDT @ 1787435820
[replaying  97%] replaying ETH-USDT @ 1787435820
[replaying  97%] replaying BTC-USDT @ 1787435880
[replaying  97%] replaying ETH-USDT @ 1787435880
[replaying  97%] replaying BTC-USDT @ 1787435940
[replaying  97%] replaying ETH-USDT @ 1787435940
[replaying  97%] replaying BTC-USDT @ 1787436000
[replaying  97%] replaying ETH-USDT @ 1787436000
[replaying  97%] replaying BTC-USDT @ 1787436060
[replaying  97%] replaying ETH-USDT @ 1787436060
[replaying  97%] replaying BTC-USDT @ 1787436120
[replaying  97%] replaying ETH-USDT @ 1787436120
[replaying  97%] replaying BTC-USDT @ 1787436180
[replaying  97%] replaying ETH-USDT @ 1787436180
[replaying  97%] replaying BTC-USDT @ 1787436240
[replaying  97%] replaying ETH-USDT @ 1787436240
[replaying  97%] replaying BTC-USDT @ 1787436300
[replaying  97%] replaying ETH-USDT @ 1787436300
[replaying  97%] replaying BTC-USDT @ 1787436360
[replaying  97%] replaying ETH-USDT @ 1787436360
[replaying  97%] replaying BTC-USDT @ 1787436420
[replaying  97%] replaying ETH-USDT @ 1787436420
[replaying  97%] replaying BTC-USDT @ 1787436480
[replaying  97%] replaying ETH-USDT @ 1787436480
[replaying  97%] replaying BTC-USDT @ 1787436540
[replaying  97%] replaying ETH-USDT @ 1787436540
[replaying  97%] replaying BTC-USDT @ 1787436600
[replaying  97%] replaying ETH-USDT @ 1787436600
[replaying  97%] replaying BTC-USDT @ 1787436660
[replaying  97%] replaying ETH-USDT @ 1787436660
[replaying  97%] replaying BTC-USDT @ 1787436720
[replaying  97%] replaying ETH-USDT @ 1787436720
[replaying  97%] replaying BTC-USDT @ 1787436780
[replaying  97%] replaying ETH-USDT @ 1787436780
[replaying  97%] replaying BTC-USDT @ 1787436840
[replaying  97%] replaying ETH-USDT @ 1787436840
[replaying  97%] replaying BTC-USDT @ 1787436900
[replaying  97%] replaying ETH-USDT @ 1787436900
[replaying  97%] replaying BTC-USDT @ 1787436960
[replaying  97%] replaying ETH-USDT @ 1787436960
[replaying  97%] replaying BTC-USDT @ 1787437020
[replaying  97%] replaying ETH-USDT @ 1787437020
[replaying  97%] replaying BTC-USDT @ 1787437080
[replaying  97%] replaying ETH-USDT @ 1787437080
[replaying  97%] replaying BTC-USDT @ 1787437140
[replaying  97%] replaying ETH-USDT @ 1787437140
[replaying  97%] replaying BTC-USDT @ 1787437200
[replaying  97%] replaying ETH-USDT @ 1787437200
[replaying  97%] replaying BTC-USDT @ 1787437260
[replaying  97%] replaying ETH-USDT @ 1787437260
[replaying  97%] replaying BTC-USDT @ 1787437320
[replaying  97%] replaying ETH-USDT @ 1787437320
[replaying  97%] replaying BTC-USDT @ 1787437380
[replaying  97%] replaying ETH-USDT @ 1787437380
[replaying  97%] replaying BTC-USDT @ 1787437440
[replaying  97%] replaying ETH-USDT @ 1787437440
[replaying  97%] replaying BTC-USDT @ 1787437500
[replaying  97%] replaying ETH-USDT @ 1787437500
[replaying  97%] replaying BTC-USDT @ 1787437560
[replaying  97%] replaying ETH-USDT @ 1787437560
[replaying  97%] replaying BTC-USDT @ 1787437620
[replaying  97%] replaying ETH-USDT @ 1787437620
[replaying  97%] replaying BTC-USDT @ 1787437680
[replaying  97%] replaying ETH-USDT @ 1787437680
[replaying  97%] replaying BTC-USDT @ 1787437740
[replaying  97%] replaying ETH-USDT @ 1787437740
[replaying  97%] replaying BTC-USDT @ 1787437800
[replaying  97%] replaying ETH-USDT @ 1787437800
[replaying  97%] replaying BTC-USDT @ 1787437860
[replaying  97%] replaying ETH-USDT @ 1787437860
[replaying  97%] replaying BTC-USDT @ 1787437920
[replaying  97%] replaying ETH-USDT @ 1787437920
[replaying  97%] replaying BTC-USDT @ 1787437980
[replaying  97%] replaying ETH-USDT @ 1787437980
[replaying  97%] replaying BTC-USDT @ 1787438040
[replaying  97%] replaying ETH-USDT @ 1787438040
[replaying  97%] replaying BTC-USDT @ 1787438100
[replaying  97%] replaying ETH-USDT @ 1787438100
[replaying  97%] replaying BTC-USDT @ 1787438160
[replaying  97%] replaying ETH-USDT @ 1787438160
[replaying  97%] replaying BTC-USDT @ 1787438220
[replaying  98%] replaying ETH-USDT @ 1787438220
[replaying  98%] replaying BTC-USDT @ 1787438280
[replaying  98%] replaying ETH-USDT @ 1787438280
[replaying  98%] replaying BTC-USDT @ 1787438340
[replaying  98%] replaying ETH-USDT @ 1787438340
[replaying  98%] replaying BTC-USDT @ 1787438400
[replaying  98%] replaying ETH-USDT @ 1787438400
[replaying  98%] replaying BTC-USDT @ 1787438460
[replaying  98%] replaying ETH-USDT @ 1787438460
[replaying  98%] replaying BTC-USDT @ 1787438520
[replaying  98%] replaying ETH-USDT @ 1787438520
[replaying  98%] replaying BTC-USDT @ 1787438580
[replaying  98%] replaying ETH-USDT @ 1787438580
[replaying  98%] replaying BTC-USDT @ 1787438640
[replaying  98%] replaying ETH-USDT @ 1787438640
[replaying  98%] replaying BTC-USDT @ 1787438700
[replaying  98%] replaying ETH-USDT @ 1787438700
[replaying  98%] replaying BTC-USDT @ 1787438760
[replaying  98%] replaying ETH-USDT @ 1787438760
[replaying  98%] replaying BTC-USDT @ 1787438820
[replaying  98%] replaying ETH-USDT @ 1787438820
[replaying  98%] replaying BTC-USDT @ 1787438880
[replaying  98%] replaying ETH-USDT @ 1787438880
[replaying  98%] replaying BTC-USDT @ 1787438940
[replaying  98%] replaying ETH-USDT @ 1787438940
[replaying  98%] replaying BTC-USDT @ 1787439000
[replaying  98%] replaying ETH-USDT @ 1787439000
[replaying  98%] replaying BTC-USDT @ 1787439060
[replaying  98%] replaying ETH-USDT @ 1787439060
[replaying  98%] replaying BTC-USDT @ 1787439120
[replaying  98%] replaying ETH-USDT @ 1787439120
[replaying  98%] replaying BTC-USDT @ 1787439180
[replaying  98%] replaying ETH-USDT @ 1787439180
[replaying  98%] replaying BTC-USDT @ 1787439240
[replaying  98%] replaying ETH-USDT @ 1787439240
[replaying  98%] replaying BTC-USDT @ 1787439300
[replaying  98%] replaying ETH-USDT @ 1787439300
[replaying  98%] replaying BTC-USDT @ 1787439360
[replaying  98%] replaying ETH-USDT @ 1787439360
[replaying  98%] replaying BTC-USDT @ 1787439420
[replaying  98%] replaying ETH-USDT @ 1787439420
[replaying  98%] replaying BTC-USDT @ 1787439480
[replaying  98%] replaying ETH-USDT @ 1787439480
[replaying  98%] replaying BTC-USDT @ 1787439540
[replaying  98%] replaying ETH-USDT @ 1787439540
[replaying  98%] replaying BTC-USDT @ 1787439600
[replaying  98%] replaying ETH-USDT @ 1787439600
[replaying  98%] replaying BTC-USDT @ 1787439660
[replaying  98%] replaying ETH-USDT @ 1787439660
[replaying  98%] replaying BTC-USDT @ 1787439720
[replaying  98%] replaying ETH-USDT @ 1787439720
[replaying  98%] replaying BTC-USDT @ 1787439780
[replaying  98%] replaying ETH-USDT @ 1787439780
[replaying  98%] replaying BTC-USDT @ 1787439840
[replaying  98%] replaying ETH-USDT @ 1787439840
[replaying  98%] replaying BTC-USDT @ 1787439900
[replaying  98%] replaying ETH-USDT @ 1787439900
[replaying  98%] replaying BTC-USDT @ 1787439960
[replaying  98%] replaying ETH-USDT @ 1787439960
[replaying  98%] replaying BTC-USDT @ 1787440020
[replaying  98%] replaying ETH-USDT @ 1787440020
[replaying  98%] replaying BTC-USDT @ 1787440080
[replaying  98%] replaying ETH-USDT @ 1787440080
[replaying  98%] replaying BTC-USDT @ 1787440140
[replaying  98%] replaying ETH-USDT @ 1787440140
[replaying  98%] replaying BTC-USDT @ 1787440200
[replaying  98%] replaying ETH-USDT @ 1787440200
[replaying  98%] replaying BTC-USDT @ 1787440260
[replaying  98%] replaying ETH-USDT @ 1787440260
[replaying  98%] replaying BTC-USDT @ 1787440320
[replaying  98%] replaying ETH-USDT @ 1787440320
[replaying  98%] replaying BTC-USDT @ 1787440380
[replaying  98%] replaying ETH-USDT @ 1787440380
[replaying  98%] replaying BTC-USDT @ 1787440440
[replaying  98%] replaying ETH-USDT @ 1787440440
[replaying  98%] replaying BTC-USDT @ 1787440500
[replaying  98%] replaying ETH-USDT @ 1787440500
[replaying  98%] replaying BTC-USDT @ 1787440560
[replaying  98%] replaying ETH-USDT @ 1787440560
[replaying  98%] replaying BTC-USDT @ 1787440620
[replaying  98%] replaying ETH-USDT @ 1787440620
[replaying  98%] replaying BTC-USDT @ 1787440680
[replaying  98%] replaying ETH-USDT @ 1787440680
[replaying  98%] replaying BTC-USDT @ 1787440740
[replaying  98%] replaying ETH-USDT @ 1787440740
[replaying  98%] replaying BTC-USDT @ 1787440800
[replaying  98%] replaying ETH-USDT @ 1787440800
[replaying  98%] replaying BTC-USDT @ 1787440860
[replaying  98%] replaying ETH-USDT @ 1787440860
[replaying  98%] replaying BTC-USDT @ 1787440920
[replaying  98%] replaying ETH-USDT @ 1787440920
[replaying  98%] replaying BTC-USDT @ 1787440980
[replaying  98%] replaying ETH-USDT @ 1787440980
[replaying  98%] replaying BTC-USDT @ 1787441040
[replaying  98%] replaying ETH-USDT @ 1787441040
[replaying  98%] replaying BTC-USDT @ 1787441100
[replaying  98%] replaying ETH-USDT @ 1787441100
[replaying  98%] replaying BTC-USDT @ 1787441160
[replaying  98%] replaying ETH-USDT @ 1787441160
[replaying  98%] replaying BTC-USDT @ 1787441220
[replaying  98%] replaying ETH-USDT @ 1787441220
[replaying  98%] replaying BTC-USDT @ 1787441280
[replaying  98%] replaying ETH-USDT @ 1787441280
[replaying  98%] replaying BTC-USDT @ 1787441340
[replaying  98%] replaying ETH-USDT @ 1787441340
[replaying  98%] replaying BTC-USDT @ 1787441400
[replaying  98%] replaying ETH-USDT @ 1787441400
[replaying  98%] replaying BTC-USDT @ 1787441460
[replaying  98%] replaying ETH-USDT @ 1787441460
[replaying  98%] replaying BTC-USDT @ 1787441520
[replaying  98%] replaying ETH-USDT @ 1787441520
[replaying  99%] replaying BTC-USDT @ 1787441580
[replaying  99%] replaying ETH-USDT @ 1787441580
[replaying  99%] replaying BTC-USDT @ 1787441640
[replaying  99%] replaying ETH-USDT @ 1787441640
[replaying  99%] replaying BTC-USDT @ 1787441700
[replaying  99%] replaying ETH-USDT @ 1787441700
[replaying  99%] replaying BTC-USDT @ 1787441760
[replaying  99%] replaying ETH-USDT @ 1787441760
[replaying  99%] replaying BTC-USDT @ 1787441820
[replaying  99%] replaying ETH-USDT @ 1787441820
[replaying  99%] replaying BTC-USDT @ 1787441880
[replaying  99%] replaying ETH-USDT @ 1787441880
[replaying  99%] replaying BTC-USDT @ 1787441940
[replaying  99%] replaying ETH-USDT @ 1787441940
[replaying  99%] replaying BTC-USDT @ 1787442000
[replaying  99%] replaying ETH-USDT @ 1787442000
[replaying  99%] replaying BTC-USDT @ 1787442060
[replaying  99%] replaying ETH-USDT @ 1787442060
[replaying  99%] replaying BTC-USDT @ 1787442120
[replaying  99%] replaying ETH-USDT @ 1787442120
[replaying  99%] replaying BTC-USDT @ 1787442180
[replaying  99%] replaying ETH-USDT @ 1787442180
[replaying  99%] replaying BTC-USDT @ 1787442240
[replaying  99%] replaying ETH-USDT @ 1787442240
[replaying  99%] replaying BTC-USDT @ 1787442300
[replaying  99%] replaying ETH-USDT @ 1787442300
[replaying  99%] replaying BTC-USDT @ 1787442360
[replaying  99%] replaying ETH-USDT @ 1787442360
[replaying  99%] replaying BTC-USDT @ 1787442420
[replaying  99%] replaying ETH-USDT @ 1787442420
[replaying  99%] replaying BTC-USDT @ 1787442480
[replaying  99%] replaying ETH-USDT @ 1787442480
[replaying  99%] replaying BTC-USDT @ 1787442540
[replaying  99%] replaying ETH-USDT @ 1787442540
[replaying  99%] replaying BTC-USDT @ 1787442600
[replaying  99%] replaying ETH-USDT @ 1787442600
[replaying  99%] replaying BTC-USDT @ 1787442660
[replaying  99%] replaying ETH-USDT @ 1787442660
[replaying  99%] replaying BTC-USDT @ 1787442720
[replaying  99%] replaying ETH-USDT @ 1787442720
[replaying  99%] replaying BTC-USDT @ 1787442780
[replaying  99%] replaying ETH-USDT @ 1787442780
[replaying  99%] replaying BTC-USDT @ 1787442840
[replaying  99%] replaying ETH-USDT @ 1787442840
[replaying  99%] replaying BTC-USDT @ 1787442900
[replaying  99%] replaying ETH-USDT @ 1787442900
[replaying  99%] replaying BTC-USDT @ 1787442960
[replaying  99%] replaying ETH-USDT @ 1787442960
[replaying  99%] replaying BTC-USDT @ 1787443020
[replaying  99%] replaying ETH-USDT @ 1787443020
[replaying  99%] replaying BTC-USDT @ 1787443080
[replaying  99%] replaying ETH-USDT @ 1787443080
[replaying  99%] replaying BTC-USDT @ 1787443140
[replaying  99%] replaying ETH-USDT @ 1787443140
[replaying  99%] replaying BTC-USDT @ 1787443200
[replaying  99%] replaying ETH-USDT @ 1787443200
[replaying  99%] replaying BTC-USDT @ 1787443260
[replaying  99%] replaying ETH-USDT @ 1787443260
[replaying  99%] replaying BTC-USDT @ 1787443320
[replaying  99%] replaying ETH-USDT @ 1787443320
[replaying  99%] replaying BTC-USDT @ 1787443380
[replaying  99%] replaying ETH-USDT @ 1787443380
[replaying  99%] replaying BTC-USDT @ 1787443440
[replaying  99%] replaying ETH-USDT @ 1787443440
[replaying  99%] replaying BTC-USDT @ 1787443500
[replaying  99%] replaying ETH-USDT @ 1787443500
[replaying  99%] replaying BTC-USDT @ 1787443560
[replaying  99%] replaying ETH-USDT @ 1787443560
[replaying  99%] replaying BTC-USDT @ 1787443620
[replaying  99%] replaying ETH-USDT @ 1787443620
[replaying  99%] replaying BTC-USDT @ 1787443680
[replaying  99%] replaying ETH-USDT @ 1787443680
[replaying  99%] replaying BTC-USDT @ 1787443740
[replaying  99%] replaying ETH-USDT @ 1787443740
[replaying  99%] replaying BTC-USDT @ 1787443800
[replaying  99%] replaying ETH-USDT @ 1787443800
[replaying  99%] replaying BTC-USDT @ 1787443860
[replaying  99%] replaying ETH-USDT @ 1787443860
[replaying  99%] replaying BTC-USDT @ 1787443920
[replaying  99%] replaying ETH-USDT @ 1787443920
[replaying  99%] replaying BTC-USDT @ 1787443980
[replaying  99%] replaying ETH-USDT @ 1787443980
[replaying  99%] replaying BTC-USDT @ 1787444040
[replaying  99%] replaying ETH-USDT @ 1787444040
[replaying  99%] replaying BTC-USDT @ 1787444100
[replaying  99%] replaying ETH-USDT @ 1787444100
[replaying  99%] replaying BTC-USDT @ 1787444160
[replaying  99%] replaying ETH-USDT @ 1787444160
[replaying  99%] replaying BTC-USDT @ 1787444220
[replaying  99%] replaying ETH-USDT @ 1787444220
[replaying  99%] replaying BTC-USDT @ 1787444280
[replaying  99%] replaying ETH-USDT @ 1787444280
[replaying  99%] replaying BTC-USDT @ 1787444340
[replaying  99%] replaying ETH-USDT @ 1787444340
[replaying  99%] replaying BTC-USDT @ 1787444400
[replaying  99%] replaying ETH-USDT @ 1787444400
[replaying  99%] replaying BTC-USDT @ 1787444460
[replaying  99%] replaying ETH-USDT @ 1787444460
[replaying  99%] replaying BTC-USDT @ 1787444520
[replaying  99%] replaying ETH-USDT @ 1787444520
[replaying  99%] replaying BTC-USDT @ 1787444580
[replaying  99%] replaying ETH-USDT @ 1787444580
[replaying  99%] replaying BTC-USDT @ 1787444640
[replaying  99%] replaying ETH-USDT @ 1787444640
[replaying  99%] replaying BTC-USDT @ 1787444700
[replaying  99%] replaying ETH-USDT @ 1787444700
[replaying  99%] replaying BTC-USDT @ 1787444760
[replaying  99%] replaying ETH-USDT @ 1787444760
[replaying  99%] replaying BTC-USDT @ 1787444820
[replaying  99%] replaying ETH-USDT @ 1787444820
[replaying  99%] replaying BTC-USDT @ 1787444880
[replaying  99%] replaying ETH-USDT @ 1787444880
[replaying 100%] replaying BTC-USDT @ 1787444940
[replaying 100%] replaying ETH-USDT @ 1787444940
[replaying 100%] replaying BTC-USDT @ 1787445000
[replaying 100%] replaying ETH-USDT @ 1787445000
[replaying 100%] replaying BTC-USDT @ 1787445060
[replaying 100%] replaying ETH-USDT @ 1787445060
[replaying 100%] replaying BTC-USDT @ 1787445120
[replaying 100%] replaying ETH-USDT @ 1787445120
[replaying 100%] replaying BTC-USDT @ 1787445180
[replaying 100%] replaying ETH-USDT @ 1787445180
[replaying 100%] replaying BTC-USDT @ 1787445240
[replaying 100%] replaying ETH-USDT @ 1787445240
[replaying 100%] replaying BTC-USDT @ 1787445300
[replaying 100%] replaying ETH-USDT @ 1787445300
[replaying 100%] replaying BTC-USDT @ 1787445360
[replaying 100%] replaying ETH-USDT @ 1787445360
[replaying 100%] replaying BTC-USDT @ 1787445420
[replaying 100%] replaying ETH-USDT @ 1787445420
[replaying 100%] replaying BTC-USDT @ 1787445480
[replaying 100%] replaying ETH-USDT @ 1787445480
[replaying 100%] replaying BTC-USDT @ 1787445540
[replaying 100%] replaying ETH-USDT @ 1787445540
[replaying 100%] replaying BTC-USDT @ 1787445600
[replaying 100%] replaying ETH-USDT @ 1787445600
[replaying 100%] replaying BTC-USDT @ 1787445660
[replaying 100%] replaying ETH-USDT @ 1787445660
[replaying 100%] replaying BTC-USDT @ 1787445720
[replaying 100%] replaying ETH-USDT @ 1787445720
[replaying 100%] replaying BTC-USDT @ 1787445780
[replaying 100%] replaying ETH-USDT @ 1787445780
[replaying 100%] replaying BTC-USDT @ 1787445840
[replaying 100%] replaying ETH-USDT @ 1787445840
[replaying 100%] replaying BTC-USDT @ 1787445900
[replaying 100%] replaying ETH-USDT @ 1787445900
[replaying 100%] replaying BTC-USDT @ 1787445960
[replaying 100%] replaying ETH-USDT @ 1787445960
[replaying 100%] replaying BTC-USDT @ 1787446020
[replaying 100%] replaying ETH-USDT @ 1787446020
[replaying 100%] replaying BTC-USDT @ 1787446080
[replaying 100%] replaying ETH-USDT @ 1787446080
[replaying 100%] replaying ETH-USDT @ 1787446140
[replaying 100%] replaying ETH-USDT @ 1787446200
[replaying 100%] replaying ETH-USDT @ 1787446260
[replaying 100%] replaying ETH-USDT @ 1787446320
[replaying 100%] replaying ETH-USDT @ 1787446380
[replaying 100%] replaying ETH-USDT @ 1787446440
[replaying 100%] replaying ETH-USDT @ 1787446500
[replaying 100%] replaying ETH-USDT @ 1787446560
[replaying 100%] replaying ETH-USDT @ 1787446620
[replaying 100%] replaying ETH-USDT @ 1787446680
[replaying 100%] replaying ETH-USDT @ 1787446740
[replaying 100%] replaying ETH-USDT @ 1787446800
[replaying 100%] replaying ETH-USDT @ 1787446860
[replaying 100%] replaying ETH-USDT @ 1787446920
[replaying 100%] replaying ETH-USDT @ 1787446980
[replaying 100%] replaying ETH-USDT @ 1787447040
[analyzing 100%] analysis complete
OK run=9 trades=9 equity_points=2228 final_equity=1008.86
