🧪 CLI backtest: exchange=bitget symbols=BTC-USDT tf=[180, 300, 900, 3600] depth=30d capital=1000 allocation=10%
[warming    25%] warming BTC-USDT 180s (1/4)
[warming    50%] warming BTC-USDT 300s (2/4)
[warming    75%] warming BTC-USDT 900s (3/4)
[warming   100%] warming BTC-USDT 3600s (4/4)
[replaying   0%] replaying BTC-USDT @ 1785877920
[replaying   0%] replaying BTC-USDT @ 1785878100
[replaying   0%] replaying BTC-USDT @ 1785878280
[replaying   0%] replaying BTC-USDT @ 1785878460
[replaying   0%] replaying BTC-USDT @ 1785878640
[replaying   0%] replaying BTC-USDT @ 1785878820
[replaying   0%] replaying BTC-USDT @ 1785879000
[replaying   0%] replaying BTC-USDT @ 1785879180
[replaying   0%] replaying BTC-USDT @ 1785879360
[replaying   0%] replaying BTC-USDT @ 1785879540
[replaying   0%] replaying BTC-USDT @ 1785879720
[replaying   0%] replaying BTC-USDT @ 1785879900
[replaying   0%] replaying BTC-USDT @ 1785880080
[replaying   0%] replaying BTC-USDT @ 1785880260
[replaying   0%] replaying BTC-USDT @ 1785880440
[replaying   0%] replaying BTC-USDT @ 1785880620
[replaying   0%] replaying BTC-USDT @ 1785880800
[replaying   0%] replaying BTC-USDT @ 1785880980
[replaying   0%] replaying BTC-USDT @ 1785881160
[replaying   0%] replaying BTC-USDT @ 1785881340
[replaying   0%] replaying BTC-USDT @ 1785881520
[replaying   0%] replaying BTC-USDT @ 1785881700
[replaying   0%] replaying BTC-USDT @ 1785881880
[replaying   0%] replaying BTC-USDT @ 1785882060
[replaying   0%] replaying BTC-USDT @ 1785882240
[replaying   0%] replaying BTC-USDT @ 1785882420
[replaying   0%] replaying BTC-USDT @ 1785882600
[replaying   0%] replaying BTC-USDT @ 1785882780
[replaying   0%] replaying BTC-USDT @ 1785882960
[replaying   0%] replaying BTC-USDT @ 1785883140
[replaying   0%] replaying BTC-USDT @ 1785883320
[replaying   0%] replaying BTC-USDT @ 1785883500
[replaying   0%] replaying BTC-USDT @ 1785883680
[replaying   0%] replaying BTC-USDT @ 1785883860
[replaying   0%] replaying BTC-USDT @ 1785884040
[replaying   0%] replaying BTC-USDT @ 1785884220
[replaying   0%] replaying BTC-USDT @ 1785884400
[replaying   0%] replaying BTC-USDT @ 1785884580
[replaying   0%] replaying BTC-USDT @ 1785884760
[replaying   0%] replaying BTC-USDT @ 1785884940
[replaying   0%] replaying BTC-USDT @ 1785885120
[replaying   1%] replaying BTC-USDT @ 1785885300
[replaying   1%] replaying BTC-USDT @ 1785885480
[replaying   1%] replaying BTC-USDT @ 1785885660
[replaying   1%] replaying BTC-USDT @ 1785885840
[replaying   1%] replaying BTC-USDT @ 1785886020
[replaying   1%] replaying BTC-USDT @ 1785886200
[replaying   1%] replaying BTC-USDT @ 1785886380
[replaying   1%] replaying BTC-USDT @ 1785886560
[replaying   1%] replaying BTC-USDT @ 1785886740
[replaying   1%] replaying BTC-USDT @ 1785886920
[replaying   1%] replaying BTC-USDT @ 1785887100
[replaying   1%] replaying BTC-USDT @ 1785887280
[replaying   1%] replaying BTC-USDT @ 1785887460
[replaying   1%] replaying BTC-USDT @ 1785887640
[replaying   1%] replaying BTC-USDT @ 1785887820
[replaying   1%] replaying BTC-USDT @ 1785888000
[replaying   1%] replaying BTC-USDT @ 1785888180
[replaying   1%] replaying BTC-USDT @ 1785888360
[replaying   1%] replaying BTC-USDT @ 1785888540
[replaying   1%] replaying BTC-USDT @ 1785888720
[replaying   1%] replaying BTC-USDT @ 1785888900
[replaying   1%] replaying BTC-USDT @ 1785889080
[replaying   1%] replaying BTC-USDT @ 1785889260
[replaying   1%] replaying BTC-USDT @ 1785889440
[replaying   1%] replaying BTC-USDT @ 1785889620
[replaying   1%] replaying BTC-USDT @ 1785889800
[replaying   1%] replaying BTC-USDT @ 1785889980
[replaying   1%] replaying BTC-USDT @ 1785890160
[replaying   1%] replaying BTC-USDT @ 1785890340
[replaying   1%] replaying BTC-USDT @ 1785890520
[replaying   1%] replaying BTC-USDT @ 1785890700
[replaying   1%] replaying BTC-USDT @ 1785890880
[replaying   1%] replaying BTC-USDT @ 1785891060
[replaying   1%] replaying BTC-USDT @ 1785891240
[replaying   1%] replaying BTC-USDT @ 1785891420
[replaying   1%] replaying BTC-USDT @ 1785891600
[replaying   1%] replaying BTC-USDT @ 1785891780
[replaying   1%] replaying BTC-USDT @ 1785891960
[replaying   1%] replaying BTC-USDT @ 1785892140
[replaying   1%] replaying BTC-USDT @ 1785892320
[replaying   1%] replaying BTC-USDT @ 1785892500
[replaying   1%] replaying BTC-USDT @ 1785892680
[replaying   1%] replaying BTC-USDT @ 1785892860
[replaying   1%] replaying BTC-USDT @ 1785893040
[replaying   1%] replaying BTC-USDT @ 1785893220
[replaying   1%] replaying BTC-USDT @ 1785893400
[replaying   1%] replaying BTC-USDT @ 1785893580
[replaying   1%] replaying BTC-USDT @ 1785893760
[replaying   1%] replaying BTC-USDT @ 1785893940
[replaying   1%] replaying BTC-USDT @ 1785894120
[replaying   1%] replaying BTC-USDT @ 1785894300
[replaying   1%] replaying BTC-USDT @ 1785894480
[replaying   1%] replaying BTC-USDT @ 1785894660
[replaying   1%] replaying BTC-USDT @ 1785894840
[replaying   1%] replaying BTC-USDT @ 1785895020
[replaying   1%] replaying BTC-USDT @ 1785895200
[replaying   1%] replaying BTC-USDT @ 1785895380
[replaying   1%] replaying BTC-USDT @ 1785895560
[replaying   1%] replaying BTC-USDT @ 1785895740
[replaying   1%] replaying BTC-USDT @ 1785895920
[replaying   1%] replaying BTC-USDT @ 1785896100
[replaying   1%] replaying BTC-USDT @ 1785896280
[replaying   1%] replaying BTC-USDT @ 1785896460
[replaying   1%] replaying BTC-USDT @ 1785896640
[replaying   1%] replaying BTC-USDT @ 1785896820
[replaying   1%] replaying BTC-USDT @ 1785897000
[replaying   1%] replaying BTC-USDT @ 1785897180
[replaying   1%] replaying BTC-USDT @ 1785897360
[replaying   1%] replaying BTC-USDT @ 1785897540
[replaying   1%] replaying BTC-USDT @ 1785897720
[replaying   1%] replaying BTC-USDT @ 1785897900
[replaying   1%] replaying BTC-USDT @ 1785898080
[replaying   1%] replaying BTC-USDT @ 1785898260
[replaying   1%] replaying BTC-USDT @ 1785898440
[replaying   1%] replaying BTC-USDT @ 1785898620
[replaying   1%] replaying BTC-USDT @ 1785898800
[replaying   1%] replaying BTC-USDT @ 1785898980
[replaying   1%] replaying BTC-USDT @ 1785899160
[replaying   1%] replaying BTC-USDT @ 1785899340
[replaying   1%] replaying BTC-USDT @ 1785899520
[replaying   1%] replaying BTC-USDT @ 1785899700
[replaying   1%] replaying BTC-USDT @ 1785899880
[replaying   1%] replaying BTC-USDT @ 1785900060
[replaying   2%] replaying BTC-USDT @ 1785900240
[replaying   2%] replaying BTC-USDT @ 1785900420
[replaying   2%] replaying BTC-USDT @ 1785900600
[replaying   2%] replaying BTC-USDT @ 1785900780
[replaying   2%] replaying BTC-USDT @ 1785900960
[replaying   2%] replaying BTC-USDT @ 1785901140
[replaying   2%] replaying BTC-USDT @ 1785901320
[replaying   2%] replaying BTC-USDT @ 1785901500
[replaying   2%] replaying BTC-USDT @ 1785901680
[replaying   2%] replaying BTC-USDT @ 1785901860
[replaying   2%] replaying BTC-USDT @ 1785902040
[replaying   2%] replaying BTC-USDT @ 1785902220
[replaying   2%] replaying BTC-USDT @ 1785902400
[replaying   2%] replaying BTC-USDT @ 1785902580
[replaying   2%] replaying BTC-USDT @ 1785902760
[replaying   2%] replaying BTC-USDT @ 1785902940
[replaying   2%] replaying BTC-USDT @ 1785903120
[replaying   2%] replaying BTC-USDT @ 1785903300
[replaying   2%] replaying BTC-USDT @ 1785903480
[replaying   2%] replaying BTC-USDT @ 1785903660
[replaying   2%] replaying BTC-USDT @ 1785903840
[replaying   2%] replaying BTC-USDT @ 1785904020
[replaying   2%] replaying BTC-USDT @ 1785904200
[replaying   2%] replaying BTC-USDT @ 1785904380
[replaying   2%] replaying BTC-USDT @ 1785904560
[replaying   2%] replaying BTC-USDT @ 1785904740
[replaying   2%] replaying BTC-USDT @ 1785904920
[replaying   2%] replaying BTC-USDT @ 1785905100
[replaying   2%] replaying BTC-USDT @ 1785905280
[replaying   2%] replaying BTC-USDT @ 1785905460
[replaying   2%] replaying BTC-USDT @ 1785905640
[replaying   2%] replaying BTC-USDT @ 1785905820
[replaying   2%] replaying BTC-USDT @ 1785906000
[replaying   2%] replaying BTC-USDT @ 1785906180
[replaying   2%] replaying BTC-USDT @ 1785906360
[replaying   2%] replaying BTC-USDT @ 1785906540
[replaying   2%] replaying BTC-USDT @ 1785906720
[replaying   2%] replaying BTC-USDT @ 1785906900
[replaying   2%] replaying BTC-USDT @ 1785907080
[replaying   2%] replaying BTC-USDT @ 1785907260
[replaying   2%] replaying BTC-USDT @ 1785907440
[replaying   2%] replaying BTC-USDT @ 1785907620
[replaying   2%] replaying BTC-USDT @ 1785907800
[replaying   2%] replaying BTC-USDT @ 1785907980
[replaying   2%] replaying BTC-USDT @ 1785908160
[replaying   2%] replaying BTC-USDT @ 1785908340
[replaying   2%] replaying BTC-USDT @ 1785908520
[replaying   2%] replaying BTC-USDT @ 1785908700
[replaying   2%] replaying BTC-USDT @ 1785908880
[replaying   2%] replaying BTC-USDT @ 1785909060
[replaying   2%] replaying BTC-USDT @ 1785909240
[replaying   2%] replaying BTC-USDT @ 1785909420
[replaying   2%] replaying BTC-USDT @ 1785909600
[replaying   2%] replaying BTC-USDT @ 1785909780
[replaying   2%] replaying BTC-USDT @ 1785909960
[replaying   2%] replaying BTC-USDT @ 1785910140
[replaying   2%] replaying BTC-USDT @ 1785910320
[replaying   2%] replaying BTC-USDT @ 1785910500
[replaying   2%] replaying BTC-USDT @ 1785910680
[replaying   2%] replaying BTC-USDT @ 1785910860
[replaying   2%] replaying BTC-USDT @ 1785911040
[replaying   2%] replaying BTC-USDT @ 1785911220
[replaying   2%] replaying BTC-USDT @ 1785911400
[replaying   2%] replaying BTC-USDT @ 1785911580
[replaying   2%] replaying BTC-USDT @ 1785911760
[replaying   2%] replaying BTC-USDT @ 1785911940
[replaying   2%] replaying BTC-USDT @ 1785912120
[replaying   2%] replaying BTC-USDT @ 1785912300
[replaying   2%] replaying BTC-USDT @ 1785912480
[replaying   2%] replaying BTC-USDT @ 1785912660
[replaying   2%] replaying BTC-USDT @ 1785912840
[replaying   2%] replaying BTC-USDT @ 1785913020
[replaying   2%] replaying BTC-USDT @ 1785913200
[replaying   2%] replaying BTC-USDT @ 1785913380
[replaying   2%] replaying BTC-USDT @ 1785913560
[replaying   2%] replaying BTC-USDT @ 1785913740
[replaying   2%] replaying BTC-USDT @ 1785913920
[replaying   2%] replaying BTC-USDT @ 1785914100
[replaying   2%] replaying BTC-USDT @ 1785914280
[replaying   2%] replaying BTC-USDT @ 1785914460
[replaying   2%] replaying BTC-USDT @ 1785914640
[replaying   2%] replaying BTC-USDT @ 1785914820
[replaying   3%] replaying BTC-USDT @ 1785915000
[replaying   3%] replaying BTC-USDT @ 1785915180
[replaying   3%] replaying BTC-USDT @ 1785915360
[replaying   3%] replaying BTC-USDT @ 1785915540
[replaying   3%] replaying BTC-USDT @ 1785915720
[replaying   3%] replaying BTC-USDT @ 1785915900
[replaying   3%] replaying BTC-USDT @ 1785916080
[replaying   3%] replaying BTC-USDT @ 1785916260
[replaying   3%] replaying BTC-USDT @ 1785916440
[replaying   3%] replaying BTC-USDT @ 1785916620
[replaying   3%] replaying BTC-USDT @ 1785916800
[replaying   3%] replaying BTC-USDT @ 1785916980
[replaying   3%] replaying BTC-USDT @ 1785917160
[replaying   3%] replaying BTC-USDT @ 1785917340
[replaying   3%] replaying BTC-USDT @ 1785917520
[replaying   3%] replaying BTC-USDT @ 1785917700
[replaying   3%] replaying BTC-USDT @ 1785917880
[replaying   3%] replaying BTC-USDT @ 1785918060
[replaying   3%] replaying BTC-USDT @ 1785918240
[replaying   3%] replaying BTC-USDT @ 1785918420
[replaying   3%] replaying BTC-USDT @ 1785918600
[replaying   3%] replaying BTC-USDT @ 1785918780
[replaying   3%] replaying BTC-USDT @ 1785918960
[replaying   3%] replaying BTC-USDT @ 1785919140
[replaying   3%] replaying BTC-USDT @ 1785919320
[replaying   3%] replaying BTC-USDT @ 1785919500
[replaying   3%] replaying BTC-USDT @ 1785919680
[replaying   3%] replaying BTC-USDT @ 1785919860
[replaying   3%] replaying BTC-USDT @ 1785920040
[replaying   3%] replaying BTC-USDT @ 1785920220
[replaying   3%] replaying BTC-USDT @ 1785920400
[replaying   3%] replaying BTC-USDT @ 1785920580
[replaying   3%] replaying BTC-USDT @ 1785920760
[replaying   3%] replaying BTC-USDT @ 1785920940
[replaying   3%] replaying BTC-USDT @ 1785921120
[replaying   3%] replaying BTC-USDT @ 1785921300
[replaying   3%] replaying BTC-USDT @ 1785921480
[replaying   3%] replaying BTC-USDT @ 1785921660
[replaying   3%] replaying BTC-USDT @ 1785921840
[replaying   3%] replaying BTC-USDT @ 1785922020
[replaying   3%] replaying BTC-USDT @ 1785922200
[replaying   3%] replaying BTC-USDT @ 1785922380
[replaying   3%] replaying BTC-USDT @ 1785922560
[replaying   3%] replaying BTC-USDT @ 1785922740
[replaying   3%] replaying BTC-USDT @ 1785922920
[replaying   3%] replaying BTC-USDT @ 1785923100
[replaying   3%] replaying BTC-USDT @ 1785923280
[replaying   3%] replaying BTC-USDT @ 1785923460
[replaying   3%] replaying BTC-USDT @ 1785923640
[replaying   3%] replaying BTC-USDT @ 1785923820
[replaying   3%] replaying BTC-USDT @ 1785924000
[replaying   3%] replaying BTC-USDT @ 1785924180
[replaying   3%] replaying BTC-USDT @ 1785924360
[replaying   3%] replaying BTC-USDT @ 1785924540
[replaying   3%] replaying BTC-USDT @ 1785924720
[replaying   3%] replaying BTC-USDT @ 1785924900
[replaying   3%] replaying BTC-USDT @ 1785925080
[replaying   3%] replaying BTC-USDT @ 1785925260
[replaying   3%] replaying BTC-USDT @ 1785925440
[replaying   3%] replaying BTC-USDT @ 1785925620
[replaying   3%] replaying BTC-USDT @ 1785925800
[replaying   3%] replaying BTC-USDT @ 1785925980
[replaying   3%] replaying BTC-USDT @ 1785926160
[replaying   3%] replaying BTC-USDT @ 1785926340
[replaying   3%] replaying BTC-USDT @ 1785926520
[replaying   3%] replaying BTC-USDT @ 1785926700
[replaying   3%] replaying BTC-USDT @ 1785926880
[replaying   3%] replaying BTC-USDT @ 1785927060
[replaying   3%] replaying BTC-USDT @ 1785927240
[replaying   3%] replaying BTC-USDT @ 1785927420
[replaying   3%] replaying BTC-USDT @ 1785927600
[replaying   3%] replaying BTC-USDT @ 1785927780
[replaying   3%] replaying BTC-USDT @ 1785927960
[replaying   3%] replaying BTC-USDT @ 1785928140
[replaying   3%] replaying BTC-USDT @ 1785928320
[replaying   3%] replaying BTC-USDT @ 1785928500
[replaying   3%] replaying BTC-USDT @ 1785928680
[replaying   3%] replaying BTC-USDT @ 1785928860
[replaying   3%] replaying BTC-USDT @ 1785929040
[replaying   3%] replaying BTC-USDT @ 1785929220
[replaying   3%] replaying BTC-USDT @ 1785929400
[replaying   3%] replaying BTC-USDT @ 1785929580
[replaying   3%] replaying BTC-USDT @ 1785929760
[replaying   4%] replaying BTC-USDT @ 1785929940
[replaying   4%] replaying BTC-USDT @ 1785930120
[replaying   4%] replaying BTC-USDT @ 1785930300
[replaying   4%] replaying BTC-USDT @ 1785930480
[replaying   4%] replaying BTC-USDT @ 1785930660
[replaying   4%] replaying BTC-USDT @ 1785930840
[replaying   4%] replaying BTC-USDT @ 1785931020
[replaying   4%] replaying BTC-USDT @ 1785931200
[replaying   4%] replaying BTC-USDT @ 1785931380
[replaying   4%] replaying BTC-USDT @ 1785931560
[replaying   4%] replaying BTC-USDT @ 1785931740
[replaying   4%] replaying BTC-USDT @ 1785931920
[replaying   4%] replaying BTC-USDT @ 1785932100
[replaying   4%] replaying BTC-USDT @ 1785932280
[replaying   4%] replaying BTC-USDT @ 1785932460
[replaying   4%] replaying BTC-USDT @ 1785932640
[replaying   4%] replaying BTC-USDT @ 1785932820
[replaying   4%] replaying BTC-USDT @ 1785933000
[replaying   4%] replaying BTC-USDT @ 1785933180
[replaying   4%] replaying BTC-USDT @ 1785933360
[replaying   4%] replaying BTC-USDT @ 1785933540
[replaying   4%] replaying BTC-USDT @ 1785933720
[replaying   4%] replaying BTC-USDT @ 1785933900
[replaying   4%] replaying BTC-USDT @ 1785934080
[replaying   4%] replaying BTC-USDT @ 1785934260
[replaying   4%] replaying BTC-USDT @ 1785934440
[replaying   4%] replaying BTC-USDT @ 1785934620
[replaying   4%] replaying BTC-USDT @ 1785934800
[replaying   4%] replaying BTC-USDT @ 1785934980
[replaying   4%] replaying BTC-USDT @ 1785935160
[replaying   4%] replaying BTC-USDT @ 1785935340
[replaying   4%] replaying BTC-USDT @ 1785935520
[replaying   4%] replaying BTC-USDT @ 1785935700
[replaying   4%] replaying BTC-USDT @ 1785935880
[replaying   4%] replaying BTC-USDT @ 1785936060
[replaying   4%] replaying BTC-USDT @ 1785936240
[replaying   4%] replaying BTC-USDT @ 1785936420
[replaying   4%] replaying BTC-USDT @ 1785936600
[replaying   4%] replaying BTC-USDT @ 1785936780
[replaying   4%] replaying BTC-USDT @ 1785936960
[replaying   4%] replaying BTC-USDT @ 1785937140
[replaying   4%] replaying BTC-USDT @ 1785937320
[replaying   4%] replaying BTC-USDT @ 1785937500
[replaying   4%] replaying BTC-USDT @ 1785937680
[replaying   4%] replaying BTC-USDT @ 1785937860
[replaying   4%] replaying BTC-USDT @ 1785938040
[replaying   4%] replaying BTC-USDT @ 1785938220
[replaying   4%] replaying BTC-USDT @ 1785938400
[replaying   4%] replaying BTC-USDT @ 1785938580
[replaying   4%] replaying BTC-USDT @ 1785938760
[replaying   4%] replaying BTC-USDT @ 1785938940
[replaying   4%] replaying BTC-USDT @ 1785939120
[replaying   4%] replaying BTC-USDT @ 1785939300
[replaying   4%] replaying BTC-USDT @ 1785939480
[replaying   4%] replaying BTC-USDT @ 1785939660
[replaying   4%] replaying BTC-USDT @ 1785939840
[replaying   4%] replaying BTC-USDT @ 1785940020
[replaying   4%] replaying BTC-USDT @ 1785940200
[replaying   4%] replaying BTC-USDT @ 1785940380
[replaying   4%] replaying BTC-USDT @ 1785940560
[replaying   4%] replaying BTC-USDT @ 1785940740
[replaying   4%] replaying BTC-USDT @ 1785940920
[replaying   4%] replaying BTC-USDT @ 1785941100
[replaying   4%] replaying BTC-USDT @ 1785941280
[replaying   4%] replaying BTC-USDT @ 1785941460
[replaying   4%] replaying BTC-USDT @ 1785941640
[replaying   4%] replaying BTC-USDT @ 1785941820
[replaying   4%] replaying BTC-USDT @ 1785942000
[replaying   4%] replaying BTC-USDT @ 1785942180
[replaying   4%] replaying BTC-USDT @ 1785942360
[replaying   4%] replaying BTC-USDT @ 1785942540
[replaying   4%] replaying BTC-USDT @ 1785942720
[replaying   4%] replaying BTC-USDT @ 1785942900
[replaying   4%] replaying BTC-USDT @ 1785943080
[replaying   4%] replaying BTC-USDT @ 1785943260
[replaying   4%] replaying BTC-USDT @ 1785943440
[replaying   4%] replaying BTC-USDT @ 1785943620
[replaying   4%] replaying BTC-USDT @ 1785943800
[replaying   4%] replaying BTC-USDT @ 1785943980
[replaying   4%] replaying BTC-USDT @ 1785944160
[replaying   4%] replaying BTC-USDT @ 1785944340
[replaying   4%] replaying BTC-USDT @ 1785944520
[replaying   4%] replaying BTC-USDT @ 1785944700
[replaying   5%] replaying BTC-USDT @ 1785944880
[replaying   5%] replaying BTC-USDT @ 1785945060
[replaying   5%] replaying BTC-USDT @ 1785945240
[replaying   5%] replaying BTC-USDT @ 1785945420
[replaying   5%] replaying BTC-USDT @ 1785945600
[replaying   5%] replaying BTC-USDT @ 1785945780
[replaying   5%] replaying BTC-USDT @ 1785945960
[replaying   5%] replaying BTC-USDT @ 1785946140
[replaying   5%] replaying BTC-USDT @ 1785946320
[replaying   5%] replaying BTC-USDT @ 1785946500
[replaying   5%] replaying BTC-USDT @ 1785946680
[replaying   5%] replaying BTC-USDT @ 1785946860
[replaying   5%] replaying BTC-USDT @ 1785947040
[replaying   5%] replaying BTC-USDT @ 1785947220
[replaying   5%] replaying BTC-USDT @ 1785947400
[replaying   5%] replaying BTC-USDT @ 1785947580
[replaying   5%] replaying BTC-USDT @ 1785947760
[replaying   5%] replaying BTC-USDT @ 1785947940
[replaying   5%] replaying BTC-USDT @ 1785948120
[replaying   5%] replaying BTC-USDT @ 1785948300
[replaying   5%] replaying BTC-USDT @ 1785948480
[replaying   5%] replaying BTC-USDT @ 1785948660
[replaying   5%] replaying BTC-USDT @ 1785948840
[replaying   5%] replaying BTC-USDT @ 1785949020
[replaying   5%] replaying BTC-USDT @ 1785949200
[replaying   5%] replaying BTC-USDT @ 1785949380
[replaying   5%] replaying BTC-USDT @ 1785949560
[replaying   5%] replaying BTC-USDT @ 1785949740
[replaying   5%] replaying BTC-USDT @ 1785949920
[replaying   5%] replaying BTC-USDT @ 1785950100
[replaying   5%] replaying BTC-USDT @ 1785950280
[replaying   5%] replaying BTC-USDT @ 1785950460
[replaying   5%] replaying BTC-USDT @ 1785950640
[replaying   5%] replaying BTC-USDT @ 1785950820
[replaying   5%] replaying BTC-USDT @ 1785951000
[replaying   5%] replaying BTC-USDT @ 1785951180
[replaying   5%] replaying BTC-USDT @ 1785951360
[replaying   5%] replaying BTC-USDT @ 1785951540
[replaying   5%] replaying BTC-USDT @ 1785951720
[replaying   5%] replaying BTC-USDT @ 1785951900
[replaying   5%] replaying BTC-USDT @ 1785952080
[replaying   5%] replaying BTC-USDT @ 1785952260
[replaying   5%] replaying BTC-USDT @ 1785952440
[replaying   5%] replaying BTC-USDT @ 1785952620
[replaying   5%] replaying BTC-USDT @ 1785952800
[replaying   5%] replaying BTC-USDT @ 1785952980
[replaying   5%] replaying BTC-USDT @ 1785953160
[replaying   5%] replaying BTC-USDT @ 1785953340
[replaying   5%] replaying BTC-USDT @ 1785953520
[replaying   5%] replaying BTC-USDT @ 1785953700
[replaying   5%] replaying BTC-USDT @ 1785953880
[replaying   5%] replaying BTC-USDT @ 1785954060
[replaying   5%] replaying BTC-USDT @ 1785954240
[replaying   5%] replaying BTC-USDT @ 1785954420
[replaying   5%] replaying BTC-USDT @ 1785954600
[replaying   5%] replaying BTC-USDT @ 1785954780
[replaying   5%] replaying BTC-USDT @ 1785954960
[replaying   5%] replaying BTC-USDT @ 1785955140
[replaying   5%] replaying BTC-USDT @ 1785955320
[replaying   5%] replaying BTC-USDT @ 1785955500
[replaying   5%] replaying BTC-USDT @ 1785955680
[replaying   5%] replaying BTC-USDT @ 1785955860
[replaying   5%] replaying BTC-USDT @ 1785956040
[replaying   5%] replaying BTC-USDT @ 1785956220
[replaying   5%] replaying BTC-USDT @ 1785956400
[replaying   5%] replaying BTC-USDT @ 1785956580
[replaying   5%] replaying BTC-USDT @ 1785956760
[replaying   5%] replaying BTC-USDT @ 1785956940
[replaying   5%] replaying BTC-USDT @ 1785957120
[replaying   5%] replaying BTC-USDT @ 1785957300
[replaying   5%] replaying BTC-USDT @ 1785957480
[replaying   5%] replaying BTC-USDT @ 1785957660
[replaying   5%] replaying BTC-USDT @ 1785957840
[replaying   5%] replaying BTC-USDT @ 1785958020
[replaying   5%] replaying BTC-USDT @ 1785958200
[replaying   5%] replaying BTC-USDT @ 1785958380
[replaying   5%] replaying BTC-USDT @ 1785958560
[replaying   5%] replaying BTC-USDT @ 1785958740
[replaying   5%] replaying BTC-USDT @ 1785958920
[replaying   5%] replaying BTC-USDT @ 1785959100
[replaying   5%] replaying BTC-USDT @ 1785959280
[replaying   5%] replaying BTC-USDT @ 1785959460
[replaying   6%] replaying BTC-USDT @ 1785959640
[replaying   6%] replaying BTC-USDT @ 1785959820
[replaying   6%] replaying BTC-USDT @ 1785960000
[replaying   6%] replaying BTC-USDT @ 1785960180
[replaying   6%] replaying BTC-USDT @ 1785960360
[replaying   6%] replaying BTC-USDT @ 1785960540
[replaying   6%] replaying BTC-USDT @ 1785960720
[replaying   6%] replaying BTC-USDT @ 1785960900
[replaying   6%] replaying BTC-USDT @ 1785961080
[replaying   6%] replaying BTC-USDT @ 1785961260
[replaying   6%] replaying BTC-USDT @ 1785961440
[replaying   6%] replaying BTC-USDT @ 1785961620
[replaying   6%] replaying BTC-USDT @ 1785961800
[replaying   6%] replaying BTC-USDT @ 1785961980
[replaying   6%] replaying BTC-USDT @ 1785962160
[replaying   6%] replaying BTC-USDT @ 1785962340
[replaying   6%] replaying BTC-USDT @ 1785962520
[replaying   6%] replaying BTC-USDT @ 1785962700
[replaying   6%] replaying BTC-USDT @ 1785962880
[replaying   6%] replaying BTC-USDT @ 1785963060
[replaying   6%] replaying BTC-USDT @ 1785963240
[replaying   6%] replaying BTC-USDT @ 1785963420
[replaying   6%] replaying BTC-USDT @ 1785963600
[replaying   6%] replaying BTC-USDT @ 1785963780
[replaying   6%] replaying BTC-USDT @ 1785963960
[replaying   6%] replaying BTC-USDT @ 1785964140
[replaying   6%] replaying BTC-USDT @ 1785964320
[replaying   6%] replaying BTC-USDT @ 1785964500
[replaying   6%] replaying BTC-USDT @ 1785964680
[replaying   6%] replaying BTC-USDT @ 1785964860
[replaying   6%] replaying BTC-USDT @ 1785965040
[replaying   6%] replaying BTC-USDT @ 1785965220
[replaying   6%] replaying BTC-USDT @ 1785965400
[replaying   6%] replaying BTC-USDT @ 1785965580
[replaying   6%] replaying BTC-USDT @ 1785965760
[replaying   6%] replaying BTC-USDT @ 1785965940
[replaying   6%] replaying BTC-USDT @ 1785966120
[replaying   6%] replaying BTC-USDT @ 1785966300
[replaying   6%] replaying BTC-USDT @ 1785966480
[replaying   6%] replaying BTC-USDT @ 1785966660
[replaying   6%] replaying BTC-USDT @ 1785966840
[replaying   6%] replaying BTC-USDT @ 1785967020
[replaying   6%] replaying BTC-USDT @ 1785967200
[replaying   6%] replaying BTC-USDT @ 1785967380
[replaying   6%] replaying BTC-USDT @ 1785967560
[replaying   6%] replaying BTC-USDT @ 1785967740
[replaying   6%] replaying BTC-USDT @ 1785967920
[replaying   6%] replaying BTC-USDT @ 1785968100
[replaying   6%] replaying BTC-USDT @ 1785968280
[replaying   6%] replaying BTC-USDT @ 1785968460
[replaying   6%] replaying BTC-USDT @ 1785968640
[replaying   6%] replaying BTC-USDT @ 1785968820
[replaying   6%] replaying BTC-USDT @ 1785969000
[replaying   6%] replaying BTC-USDT @ 1785969180
[replaying   6%] replaying BTC-USDT @ 1785969360
[replaying   6%] replaying BTC-USDT @ 1785969540
[replaying   6%] replaying BTC-USDT @ 1785969720
[replaying   6%] replaying BTC-USDT @ 1785969900
[replaying   6%] replaying BTC-USDT @ 1785970080
[replaying   6%] replaying BTC-USDT @ 1785970260
[replaying   6%] replaying BTC-USDT @ 1785970440
[replaying   6%] replaying BTC-USDT @ 1785970620
[replaying   6%] replaying BTC-USDT @ 1785970800
[replaying   6%] replaying BTC-USDT @ 1785970980
[replaying   6%] replaying BTC-USDT @ 1785971160
[replaying   6%] replaying BTC-USDT @ 1785971340
[replaying   6%] replaying BTC-USDT @ 1785971520
[replaying   6%] replaying BTC-USDT @ 1785971700
[replaying   6%] replaying BTC-USDT @ 1785971880
[replaying   6%] replaying BTC-USDT @ 1785972060
[replaying   6%] replaying BTC-USDT @ 1785972240
[replaying   6%] replaying BTC-USDT @ 1785972420
[replaying   6%] replaying BTC-USDT @ 1785972600
[replaying   6%] replaying BTC-USDT @ 1785972780
[replaying   6%] replaying BTC-USDT @ 1785972960
[replaying   6%] replaying BTC-USDT @ 1785973140
[replaying   6%] replaying BTC-USDT @ 1785973320
[replaying   6%] replaying BTC-USDT @ 1785973500
[replaying   6%] replaying BTC-USDT @ 1785973680
[replaying   6%] replaying BTC-USDT @ 1785973860
[replaying   6%] replaying BTC-USDT @ 1785974040
[replaying   6%] replaying BTC-USDT @ 1785974220
[replaying   6%] replaying BTC-USDT @ 1785974400
[replaying   7%] replaying BTC-USDT @ 1785974580
[replaying   7%] replaying BTC-USDT @ 1785974760
[replaying   7%] replaying BTC-USDT @ 1785974940
[replaying   7%] replaying BTC-USDT @ 1785975120
[replaying   7%] replaying BTC-USDT @ 1785975300
[replaying   7%] replaying BTC-USDT @ 1785975480
[replaying   7%] replaying BTC-USDT @ 1785975660
[replaying   7%] replaying BTC-USDT @ 1785975840
[replaying   7%] replaying BTC-USDT @ 1785976020
[replaying   7%] replaying BTC-USDT @ 1785976200
[replaying   7%] replaying BTC-USDT @ 1785976380
[replaying   7%] replaying BTC-USDT @ 1785976560
[replaying   7%] replaying BTC-USDT @ 1785976740
[replaying   7%] replaying BTC-USDT @ 1785976920
[replaying   7%] replaying BTC-USDT @ 1785977100
[replaying   7%] replaying BTC-USDT @ 1785977280
[replaying   7%] replaying BTC-USDT @ 1785977460
[replaying   7%] replaying BTC-USDT @ 1785977640
[replaying   7%] replaying BTC-USDT @ 1785977820
[replaying   7%] replaying BTC-USDT @ 1785978000
[replaying   7%] replaying BTC-USDT @ 1785978180
[replaying   7%] replaying BTC-USDT @ 1785978360
[replaying   7%] replaying BTC-USDT @ 1785978540
[replaying   7%] replaying BTC-USDT @ 1785978720
[replaying   7%] replaying BTC-USDT @ 1785978900
[replaying   7%] replaying BTC-USDT @ 1785979080
[replaying   7%] replaying BTC-USDT @ 1785979260
[replaying   7%] replaying BTC-USDT @ 1785979440
[replaying   7%] replaying BTC-USDT @ 1785979620
[replaying   7%] replaying BTC-USDT @ 1785979800
[replaying   7%] replaying BTC-USDT @ 1785979980
[replaying   7%] replaying BTC-USDT @ 1785980160
[replaying   7%] replaying BTC-USDT @ 1785980340
[replaying   7%] replaying BTC-USDT @ 1785980520
[replaying   7%] replaying BTC-USDT @ 1785980700
[replaying   7%] replaying BTC-USDT @ 1785980880
[replaying   7%] replaying BTC-USDT @ 1785981060
[replaying   7%] replaying BTC-USDT @ 1785981240
[replaying   7%] replaying BTC-USDT @ 1785981420
[replaying   7%] replaying BTC-USDT @ 1785981600
[replaying   7%] replaying BTC-USDT @ 1785981780
[replaying   7%] replaying BTC-USDT @ 1785981960
[replaying   7%] replaying BTC-USDT @ 1785982140
[replaying   7%] replaying BTC-USDT @ 1785982320
[replaying   7%] replaying BTC-USDT @ 1785982500
[replaying   7%] replaying BTC-USDT @ 1785982680
[replaying   7%] replaying BTC-USDT @ 1785982860
[replaying   7%] replaying BTC-USDT @ 1785983040
[replaying   7%] replaying BTC-USDT @ 1785983220
[replaying   7%] replaying BTC-USDT @ 1785983400
[replaying   7%] replaying BTC-USDT @ 1785983580
[replaying   7%] replaying BTC-USDT @ 1785983760
[replaying   7%] replaying BTC-USDT @ 1785983940
[replaying   7%] replaying BTC-USDT @ 1785984120
[replaying   7%] replaying BTC-USDT @ 1785984300
[replaying   7%] replaying BTC-USDT @ 1785984480
[replaying   7%] replaying BTC-USDT @ 1785984660
[replaying   7%] replaying BTC-USDT @ 1785984840
[replaying   7%] replaying BTC-USDT @ 1785985020
[replaying   7%] replaying BTC-USDT @ 1785985200
[replaying   7%] replaying BTC-USDT @ 1785985380
[replaying   7%] replaying BTC-USDT @ 1785985560
[replaying   7%] replaying BTC-USDT @ 1785985740
[replaying   7%] replaying BTC-USDT @ 1785985920
[replaying   7%] replaying BTC-USDT @ 1785986100
[replaying   7%] replaying BTC-USDT @ 1785986280
[replaying   7%] replaying BTC-USDT @ 1785986460
[replaying   7%] replaying BTC-USDT @ 1785986640
[replaying   7%] replaying BTC-USDT @ 1785986820
[replaying   7%] replaying BTC-USDT @ 1785987000
[replaying   7%] replaying BTC-USDT @ 1785987180
[replaying   7%] replaying BTC-USDT @ 1785987360
[replaying   7%] replaying BTC-USDT @ 1785987540
[replaying   7%] replaying BTC-USDT @ 1785987720
[replaying   7%] replaying BTC-USDT @ 1785987900
[replaying   7%] replaying BTC-USDT @ 1785988080
[replaying   7%] replaying BTC-USDT @ 1785988260
[replaying   7%] replaying BTC-USDT @ 1785988440
[replaying   7%] replaying BTC-USDT @ 1785988620
[replaying   7%] replaying BTC-USDT @ 1785988800
[replaying   7%] replaying BTC-USDT @ 1785988980
[replaying   7%] replaying BTC-USDT @ 1785989160
[replaying   7%] replaying BTC-USDT @ 1785989340
[replaying   8%] replaying BTC-USDT @ 1785989520
[replaying   8%] replaying BTC-USDT @ 1785989700
[replaying   8%] replaying BTC-USDT @ 1785989880
[replaying   8%] replaying BTC-USDT @ 1785990060
[replaying   8%] replaying BTC-USDT @ 1785990240
[replaying   8%] replaying BTC-USDT @ 1785990420
[replaying   8%] replaying BTC-USDT @ 1785990600
[replaying   8%] replaying BTC-USDT @ 1785990780
[replaying   8%] replaying BTC-USDT @ 1785990960
[replaying   8%] replaying BTC-USDT @ 1785991140
[replaying   8%] replaying BTC-USDT @ 1785991320
[replaying   8%] replaying BTC-USDT @ 1785991500
[replaying   8%] replaying BTC-USDT @ 1785991680
[replaying   8%] replaying BTC-USDT @ 1785991860
[replaying   8%] replaying BTC-USDT @ 1785992040
[replaying   8%] replaying BTC-USDT @ 1785992220
[replaying   8%] replaying BTC-USDT @ 1785992400
[replaying   8%] replaying BTC-USDT @ 1785992580
[replaying   8%] replaying BTC-USDT @ 1785992760
[replaying   8%] replaying BTC-USDT @ 1785992940
[replaying   8%] replaying BTC-USDT @ 1785993120
[replaying   8%] replaying BTC-USDT @ 1785993300
[replaying   8%] replaying BTC-USDT @ 1785993480
[replaying   8%] replaying BTC-USDT @ 1785993660
[replaying   8%] replaying BTC-USDT @ 1785993840
[replaying   8%] replaying BTC-USDT @ 1785994020
[replaying   8%] replaying BTC-USDT @ 1785994200
[replaying   8%] replaying BTC-USDT @ 1785994380
[replaying   8%] replaying BTC-USDT @ 1785994560
[replaying   8%] replaying BTC-USDT @ 1785994740
[replaying   8%] replaying BTC-USDT @ 1785994920
[replaying   8%] replaying BTC-USDT @ 1785995100
[replaying   8%] replaying BTC-USDT @ 1785995280
[replaying   8%] replaying BTC-USDT @ 1785995460
[replaying   8%] replaying BTC-USDT @ 1785995640
[replaying   8%] replaying BTC-USDT @ 1785995820
[replaying   8%] replaying BTC-USDT @ 1785996000
[replaying   8%] replaying BTC-USDT @ 1785996180
[replaying   8%] replaying BTC-USDT @ 1785996360
[replaying   8%] replaying BTC-USDT @ 1785996540
[replaying   8%] replaying BTC-USDT @ 1785996720
[replaying   8%] replaying BTC-USDT @ 1785996900
[replaying   8%] replaying BTC-USDT @ 1785997080
[replaying   8%] replaying BTC-USDT @ 1785997260
[replaying   8%] replaying BTC-USDT @ 1785997440
[replaying   8%] replaying BTC-USDT @ 1785997620
[replaying   8%] replaying BTC-USDT @ 1785997800
[replaying   8%] replaying BTC-USDT @ 1785997980
[replaying   8%] replaying BTC-USDT @ 1785998160
[replaying   8%] replaying BTC-USDT @ 1785998340
[replaying   8%] replaying BTC-USDT @ 1785998520
[replaying   8%] replaying BTC-USDT @ 1785998700
[replaying   8%] replaying BTC-USDT @ 1785998880
[replaying   8%] replaying BTC-USDT @ 1785999060
[replaying   8%] replaying BTC-USDT @ 1785999240
[replaying   8%] replaying BTC-USDT @ 1785999420
[replaying   8%] replaying BTC-USDT @ 1785999600
[replaying   8%] replaying BTC-USDT @ 1785999780
[replaying   8%] replaying BTC-USDT @ 1785999960
[replaying   8%] replaying BTC-USDT @ 1786000140
[replaying   8%] replaying BTC-USDT @ 1786000320
[replaying   8%] replaying BTC-USDT @ 1786000500
[replaying   8%] replaying BTC-USDT @ 1786000680
[replaying   8%] replaying BTC-USDT @ 1786000860
[replaying   8%] replaying BTC-USDT @ 1786001040
[replaying   8%] replaying BTC-USDT @ 1786001220
[replaying   8%] replaying BTC-USDT @ 1786001400
[replaying   8%] replaying BTC-USDT @ 1786001580
[replaying   8%] replaying BTC-USDT @ 1786001760
[replaying   8%] replaying BTC-USDT @ 1786001940
[replaying   8%] replaying BTC-USDT @ 1786002120
[replaying   8%] replaying BTC-USDT @ 1786002300
[replaying   8%] replaying BTC-USDT @ 1786002480
[replaying   8%] replaying BTC-USDT @ 1786002660
[replaying   8%] replaying BTC-USDT @ 1786002840
[replaying   8%] replaying BTC-USDT @ 1786003020
[replaying   8%] replaying BTC-USDT @ 1786003200
[replaying   8%] replaying BTC-USDT @ 1786003380
[replaying   8%] replaying BTC-USDT @ 1786003560
[replaying   8%] replaying BTC-USDT @ 1786003740
[replaying   8%] replaying BTC-USDT @ 1786003920
[replaying   8%] replaying BTC-USDT @ 1786004100
[replaying   9%] replaying BTC-USDT @ 1786004280
[replaying   9%] replaying BTC-USDT @ 1786004460
[replaying   9%] replaying BTC-USDT @ 1786004640
[replaying   9%] replaying BTC-USDT @ 1786004820
[replaying   9%] replaying BTC-USDT @ 1786005000
[replaying   9%] replaying BTC-USDT @ 1786005180
[replaying   9%] replaying BTC-USDT @ 1786005360
[replaying   9%] replaying BTC-USDT @ 1786005540
[replaying   9%] replaying BTC-USDT @ 1786005720
[replaying   9%] replaying BTC-USDT @ 1786005900
[replaying   9%] replaying BTC-USDT @ 1786006080
[replaying   9%] replaying BTC-USDT @ 1786006260
[replaying   9%] replaying BTC-USDT @ 1786006440
[replaying   9%] replaying BTC-USDT @ 1786006620
[replaying   9%] replaying BTC-USDT @ 1786006800
[replaying   9%] replaying BTC-USDT @ 1786006980
[replaying   9%] replaying BTC-USDT @ 1786007160
[replaying   9%] replaying BTC-USDT @ 1786007340
[replaying   9%] replaying BTC-USDT @ 1786007520
[replaying   9%] replaying BTC-USDT @ 1786007700
[replaying   9%] replaying BTC-USDT @ 1786007880
[replaying   9%] replaying BTC-USDT @ 1786008060
[replaying   9%] replaying BTC-USDT @ 1786008240
[replaying   9%] replaying BTC-USDT @ 1786008420
[replaying   9%] replaying BTC-USDT @ 1786008600
[replaying   9%] replaying BTC-USDT @ 1786008780
[replaying   9%] replaying BTC-USDT @ 1786008960
[replaying   9%] replaying BTC-USDT @ 1786009140
[replaying   9%] replaying BTC-USDT @ 1786009320
[replaying   9%] replaying BTC-USDT @ 1786009500
[replaying   9%] replaying BTC-USDT @ 1786009680
[replaying   9%] replaying BTC-USDT @ 1786009860
[replaying   9%] replaying BTC-USDT @ 1786010040
[replaying   9%] replaying BTC-USDT @ 1786010220
[replaying   9%] replaying BTC-USDT @ 1786010400
[replaying   9%] replaying BTC-USDT @ 1786010580
[replaying   9%] replaying BTC-USDT @ 1786010760
[replaying   9%] replaying BTC-USDT @ 1786010940
[replaying   9%] replaying BTC-USDT @ 1786011120
[replaying   9%] replaying BTC-USDT @ 1786011300
[replaying   9%] replaying BTC-USDT @ 1786011480
[replaying   9%] replaying BTC-USDT @ 1786011660
[replaying   9%] replaying BTC-USDT @ 1786011840
[replaying   9%] replaying BTC-USDT @ 1786012020
[replaying   9%] replaying BTC-USDT @ 1786012200
[replaying   9%] replaying BTC-USDT @ 1786012380
[replaying   9%] replaying BTC-USDT @ 1786012560
[replaying   9%] replaying BTC-USDT @ 1786012740
[replaying   9%] replaying BTC-USDT @ 1786012920
[replaying   9%] replaying BTC-USDT @ 1786013100
[replaying   9%] replaying BTC-USDT @ 1786013280
[replaying   9%] replaying BTC-USDT @ 1786013460
[replaying   9%] replaying BTC-USDT @ 1786013640
[replaying   9%] replaying BTC-USDT @ 1786013820
[replaying   9%] replaying BTC-USDT @ 1786014000
[replaying   9%] replaying BTC-USDT @ 1786014180
[replaying   9%] replaying BTC-USDT @ 1786014360
[replaying   9%] replaying BTC-USDT @ 1786014540
[replaying   9%] replaying BTC-USDT @ 1786014720
[replaying   9%] replaying BTC-USDT @ 1786014900
[replaying   9%] replaying BTC-USDT @ 1786015080
[replaying   9%] replaying BTC-USDT @ 1786015260
[replaying   9%] replaying BTC-USDT @ 1786015440
[replaying   9%] replaying BTC-USDT @ 1786015620
[replaying   9%] replaying BTC-USDT @ 1786015800
[replaying   9%] replaying BTC-USDT @ 1786015980
[replaying   9%] replaying BTC-USDT @ 1786016160
[replaying   9%] replaying BTC-USDT @ 1786016340
[replaying   9%] replaying BTC-USDT @ 1786016520
[replaying   9%] replaying BTC-USDT @ 1786016700
[replaying   9%] replaying BTC-USDT @ 1786016880
[replaying   9%] replaying BTC-USDT @ 1786017060
[replaying   9%] replaying BTC-USDT @ 1786017240
[replaying   9%] replaying BTC-USDT @ 1786017420
[replaying   9%] replaying BTC-USDT @ 1786017600
[replaying   9%] replaying BTC-USDT @ 1786017780
[replaying   9%] replaying BTC-USDT @ 1786017960
[replaying   9%] replaying BTC-USDT @ 1786018140
[replaying   9%] replaying BTC-USDT @ 1786018320
[replaying   9%] replaying BTC-USDT @ 1786018500
[replaying   9%] replaying BTC-USDT @ 1786018680
[replaying   9%] replaying BTC-USDT @ 1786018860
[replaying   9%] replaying BTC-USDT @ 1786019040
[replaying  10%] replaying BTC-USDT @ 1786019220
[replaying  10%] replaying BTC-USDT @ 1786019400
[replaying  10%] replaying BTC-USDT @ 1786019580
[replaying  10%] replaying BTC-USDT @ 1786019760
[replaying  10%] replaying BTC-USDT @ 1786019940
[replaying  10%] replaying BTC-USDT @ 1786020120
[replaying  10%] replaying BTC-USDT @ 1786020300
[replaying  10%] replaying BTC-USDT @ 1786020480
[replaying  10%] replaying BTC-USDT @ 1786020660
[replaying  10%] replaying BTC-USDT @ 1786020840
[replaying  10%] replaying BTC-USDT @ 1786021020
[replaying  10%] replaying BTC-USDT @ 1786021200
[replaying  10%] replaying BTC-USDT @ 1786021380
[replaying  10%] replaying BTC-USDT @ 1786021560
[replaying  10%] replaying BTC-USDT @ 1786021740
[replaying  10%] replaying BTC-USDT @ 1786021920
[replaying  10%] replaying BTC-USDT @ 1786022100
[replaying  10%] replaying BTC-USDT @ 1786022280
[replaying  10%] replaying BTC-USDT @ 1786022460
[replaying  10%] replaying BTC-USDT @ 1786022640
[replaying  10%] replaying BTC-USDT @ 1786022820
[replaying  10%] replaying BTC-USDT @ 1786023000
[replaying  10%] replaying BTC-USDT @ 1786023180
[replaying  10%] replaying BTC-USDT @ 1786023360
[replaying  10%] replaying BTC-USDT @ 1786023540
[replaying  10%] replaying BTC-USDT @ 1786023720
[replaying  10%] replaying BTC-USDT @ 1786023900
[replaying  10%] replaying BTC-USDT @ 1786024080
[replaying  10%] replaying BTC-USDT @ 1786024260
[replaying  10%] replaying BTC-USDT @ 1786024440
[replaying  10%] replaying BTC-USDT @ 1786024620
[replaying  10%] replaying BTC-USDT @ 1786024800
[replaying  10%] replaying BTC-USDT @ 1786024980
[replaying  10%] replaying BTC-USDT @ 1786025160
[replaying  10%] replaying BTC-USDT @ 1786025340
[replaying  10%] replaying BTC-USDT @ 1786025520
[replaying  10%] replaying BTC-USDT @ 1786025700
[replaying  10%] replaying BTC-USDT @ 1786025880
[replaying  10%] replaying BTC-USDT @ 1786026060
[replaying  10%] replaying BTC-USDT @ 1786026240
[replaying  10%] replaying BTC-USDT @ 1786026420
[replaying  10%] replaying BTC-USDT @ 1786026600
[replaying  10%] replaying BTC-USDT @ 1786026780
[replaying  10%] replaying BTC-USDT @ 1786026960
[replaying  10%] replaying BTC-USDT @ 1786027140
[replaying  10%] replaying BTC-USDT @ 1786027320
[replaying  10%] replaying BTC-USDT @ 1786027500
[replaying  10%] replaying BTC-USDT @ 1786027680
[replaying  10%] replaying BTC-USDT @ 1786027860
[replaying  10%] replaying BTC-USDT @ 1786028040
[replaying  10%] replaying BTC-USDT @ 1786028220
[replaying  10%] replaying BTC-USDT @ 1786028400
[replaying  10%] replaying BTC-USDT @ 1786028580
[replaying  10%] replaying BTC-USDT @ 1786028760
[replaying  10%] replaying BTC-USDT @ 1786028940
[replaying  10%] replaying BTC-USDT @ 1786029120
[replaying  10%] replaying BTC-USDT @ 1786029300
[replaying  10%] replaying BTC-USDT @ 1786029480
[replaying  10%] replaying BTC-USDT @ 1786029660
[replaying  10%] replaying BTC-USDT @ 1786029840
[replaying  10%] replaying BTC-USDT @ 1786030020
[replaying  10%] replaying BTC-USDT @ 1786030200
[replaying  10%] replaying BTC-USDT @ 1786030380
[replaying  10%] replaying BTC-USDT @ 1786030560
[replaying  10%] replaying BTC-USDT @ 1786030740
[replaying  10%] replaying BTC-USDT @ 1786030920
[replaying  10%] replaying BTC-USDT @ 1786031100
[replaying  10%] replaying BTC-USDT @ 1786031280
[replaying  10%] replaying BTC-USDT @ 1786031460
[replaying  10%] replaying BTC-USDT @ 1786031640
[replaying  10%] replaying BTC-USDT @ 1786031820
[replaying  10%] replaying BTC-USDT @ 1786032000
[replaying  10%] replaying BTC-USDT @ 1786032180
[replaying  10%] replaying BTC-USDT @ 1786032360
[replaying  10%] replaying BTC-USDT @ 1786032540
[replaying  10%] replaying BTC-USDT @ 1786032720
[replaying  10%] replaying BTC-USDT @ 1786032900
[replaying  10%] replaying BTC-USDT @ 1786033080
[replaying  10%] replaying BTC-USDT @ 1786033260
[replaying  10%] replaying BTC-USDT @ 1786033440
[replaying  10%] replaying BTC-USDT @ 1786033620
[replaying  10%] replaying BTC-USDT @ 1786033800
[replaying  10%] replaying BTC-USDT @ 1786033980
[replaying  11%] replaying BTC-USDT @ 1786034160
[replaying  11%] replaying BTC-USDT @ 1786034340
[replaying  11%] replaying BTC-USDT @ 1786034520
[replaying  11%] replaying BTC-USDT @ 1786034700
[replaying  11%] replaying BTC-USDT @ 1786034880
[replaying  11%] replaying BTC-USDT @ 1786035060
[replaying  11%] replaying BTC-USDT @ 1786035240
[replaying  11%] replaying BTC-USDT @ 1786035420
[replaying  11%] replaying BTC-USDT @ 1786035600
[replaying  11%] replaying BTC-USDT @ 1786035780
[replaying  11%] replaying BTC-USDT @ 1786035960
[replaying  11%] replaying BTC-USDT @ 1786036140
[replaying  11%] replaying BTC-USDT @ 1786036320
[replaying  11%] replaying BTC-USDT @ 1786036500
[replaying  11%] replaying BTC-USDT @ 1786036680
[replaying  11%] replaying BTC-USDT @ 1786036860
[replaying  11%] replaying BTC-USDT @ 1786037040
[replaying  11%] replaying BTC-USDT @ 1786037220
[replaying  11%] replaying BTC-USDT @ 1786037400
[replaying  11%] replaying BTC-USDT @ 1786037580
[replaying  11%] replaying BTC-USDT @ 1786037760
[replaying  11%] replaying BTC-USDT @ 1786037940
[replaying  11%] replaying BTC-USDT @ 1786038120
[replaying  11%] replaying BTC-USDT @ 1786038300
[replaying  11%] replaying BTC-USDT @ 1786038480
[replaying  11%] replaying BTC-USDT @ 1786038660
[replaying  11%] replaying BTC-USDT @ 1786038840
[replaying  11%] replaying BTC-USDT @ 1786039020
[replaying  11%] replaying BTC-USDT @ 1786039200
[replaying  11%] replaying BTC-USDT @ 1786039380
[replaying  11%] replaying BTC-USDT @ 1786039560
[replaying  11%] replaying BTC-USDT @ 1786039740
[replaying  11%] replaying BTC-USDT @ 1786039920
[replaying  11%] replaying BTC-USDT @ 1786040100
[replaying  11%] replaying BTC-USDT @ 1786040280
[replaying  11%] replaying BTC-USDT @ 1786040460
[replaying  11%] replaying BTC-USDT @ 1786040640
[replaying  11%] replaying BTC-USDT @ 1786040820
[replaying  11%] replaying BTC-USDT @ 1786041000
[replaying  11%] replaying BTC-USDT @ 1786041180
[replaying  11%] replaying BTC-USDT @ 1786041360
[replaying  11%] replaying BTC-USDT @ 1786041540
[replaying  11%] replaying BTC-USDT @ 1786041720
[replaying  11%] replaying BTC-USDT @ 1786041900
[replaying  11%] replaying BTC-USDT @ 1786042080
[replaying  11%] replaying BTC-USDT @ 1786042260
[replaying  11%] replaying BTC-USDT @ 1786042440
[replaying  11%] replaying BTC-USDT @ 1786042620
[replaying  11%] replaying BTC-USDT @ 1786042800
[replaying  11%] replaying BTC-USDT @ 1786042980
[replaying  11%] replaying BTC-USDT @ 1786043160
[replaying  11%] replaying BTC-USDT @ 1786043340
[replaying  11%] replaying BTC-USDT @ 1786043520
[replaying  11%] replaying BTC-USDT @ 1786043700
[replaying  11%] replaying BTC-USDT @ 1786043880
[replaying  11%] replaying BTC-USDT @ 1786044060
[replaying  11%] replaying BTC-USDT @ 1786044240
[replaying  11%] replaying BTC-USDT @ 1786044420
[replaying  11%] replaying BTC-USDT @ 1786044600
[replaying  11%] replaying BTC-USDT @ 1786044780
[replaying  11%] replaying BTC-USDT @ 1786044960
[replaying  11%] replaying BTC-USDT @ 1786045140
[replaying  11%] replaying BTC-USDT @ 1786045320
[replaying  11%] replaying BTC-USDT @ 1786045500
[replaying  11%] replaying BTC-USDT @ 1786045680
[replaying  11%] replaying BTC-USDT @ 1786045860
[replaying  11%] replaying BTC-USDT @ 1786046040
[replaying  11%] replaying BTC-USDT @ 1786046220
[replaying  11%] replaying BTC-USDT @ 1786046400
[replaying  11%] replaying BTC-USDT @ 1786046580
[replaying  11%] replaying BTC-USDT @ 1786046760
[replaying  11%] replaying BTC-USDT @ 1786046940
[replaying  11%] replaying BTC-USDT @ 1786047120
[replaying  11%] replaying BTC-USDT @ 1786047300
[replaying  11%] replaying BTC-USDT @ 1786047480
[replaying  11%] replaying BTC-USDT @ 1786047660
[replaying  11%] replaying BTC-USDT @ 1786047840
[replaying  11%] replaying BTC-USDT @ 1786048020
[replaying  11%] replaying BTC-USDT @ 1786048200
[replaying  11%] replaying BTC-USDT @ 1786048380
[replaying  11%] replaying BTC-USDT @ 1786048560
[replaying  11%] replaying BTC-USDT @ 1786048740
[replaying  12%] replaying BTC-USDT @ 1786048920
[replaying  12%] replaying BTC-USDT @ 1786049100
[replaying  12%] replaying BTC-USDT @ 1786049280
[replaying  12%] replaying BTC-USDT @ 1786049460
[replaying  12%] replaying BTC-USDT @ 1786049640
[replaying  12%] replaying BTC-USDT @ 1786049820
[replaying  12%] replaying BTC-USDT @ 1786050000
[replaying  12%] replaying BTC-USDT @ 1786050180
[replaying  12%] replaying BTC-USDT @ 1786050360
[replaying  12%] replaying BTC-USDT @ 1786050540
[replaying  12%] replaying BTC-USDT @ 1786050720
[replaying  12%] replaying BTC-USDT @ 1786050900
[replaying  12%] replaying BTC-USDT @ 1786051080
[replaying  12%] replaying BTC-USDT @ 1786051260
[replaying  12%] replaying BTC-USDT @ 1786051440
[replaying  12%] replaying BTC-USDT @ 1786051620
[replaying  12%] replaying BTC-USDT @ 1786051800
[replaying  12%] replaying BTC-USDT @ 1786051980
[replaying  12%] replaying BTC-USDT @ 1786052160
[replaying  12%] replaying BTC-USDT @ 1786052340
[replaying  12%] replaying BTC-USDT @ 1786052520
[replaying  12%] replaying BTC-USDT @ 1786052700
[replaying  12%] replaying BTC-USDT @ 1786052880
[replaying  12%] replaying BTC-USDT @ 1786053060
[replaying  12%] replaying BTC-USDT @ 1786053240
[replaying  12%] replaying BTC-USDT @ 1786053420
[replaying  12%] replaying BTC-USDT @ 1786053600
[replaying  12%] replaying BTC-USDT @ 1786053780
[replaying  12%] replaying BTC-USDT @ 1786053960
[replaying  12%] replaying BTC-USDT @ 1786054140
[replaying  12%] replaying BTC-USDT @ 1786054320
[replaying  12%] replaying BTC-USDT @ 1786054500
[replaying  12%] replaying BTC-USDT @ 1786054680
[replaying  12%] replaying BTC-USDT @ 1786054860
[replaying  12%] replaying BTC-USDT @ 1786055040
[replaying  12%] replaying BTC-USDT @ 1786055220
[replaying  12%] replaying BTC-USDT @ 1786055400
[replaying  12%] replaying BTC-USDT @ 1786055580
[replaying  12%] replaying BTC-USDT @ 1786055760
[replaying  12%] replaying BTC-USDT @ 1786055940
[replaying  12%] replaying BTC-USDT @ 1786056120
[replaying  12%] replaying BTC-USDT @ 1786056300
[replaying  12%] replaying BTC-USDT @ 1786056480
[replaying  12%] replaying BTC-USDT @ 1786056660
[replaying  12%] replaying BTC-USDT @ 1786056840
[replaying  12%] replaying BTC-USDT @ 1786057020
[replaying  12%] replaying BTC-USDT @ 1786057200
[replaying  12%] replaying BTC-USDT @ 1786057380
[replaying  12%] replaying BTC-USDT @ 1786057560
[replaying  12%] replaying BTC-USDT @ 1786057740
[replaying  12%] replaying BTC-USDT @ 1786057920
[replaying  12%] replaying BTC-USDT @ 1786058100
[replaying  12%] replaying BTC-USDT @ 1786058280
[replaying  12%] replaying BTC-USDT @ 1786058460
[replaying  12%] replaying BTC-USDT @ 1786058640
[replaying  12%] replaying BTC-USDT @ 1786058820
[replaying  12%] replaying BTC-USDT @ 1786059000
[replaying  12%] replaying BTC-USDT @ 1786059180
[replaying  12%] replaying BTC-USDT @ 1786059360
[replaying  12%] replaying BTC-USDT @ 1786059540
[replaying  12%] replaying BTC-USDT @ 1786059720
[replaying  12%] replaying BTC-USDT @ 1786059900
[replaying  12%] replaying BTC-USDT @ 1786060080
[replaying  12%] replaying BTC-USDT @ 1786060260
[replaying  12%] replaying BTC-USDT @ 1786060440
[replaying  12%] replaying BTC-USDT @ 1786060620
[replaying  12%] replaying BTC-USDT @ 1786060800
💰 FUNDING: Settlement applied — -0.0099995968287075075176895265 (rate=0.0100%)
[replaying  12%] replaying BTC-USDT @ 1786060980
[replaying  12%] replaying BTC-USDT @ 1786061160
[replaying  12%] replaying BTC-USDT @ 1786061340
[replaying  12%] replaying BTC-USDT @ 1786061520
[replaying  12%] replaying BTC-USDT @ 1786061700
[replaying  12%] replaying BTC-USDT @ 1786061880
[replaying  12%] replaying BTC-USDT @ 1786062060
[replaying  12%] replaying BTC-USDT @ 1786062240
[replaying  12%] replaying BTC-USDT @ 1786062420
[replaying  12%] replaying BTC-USDT @ 1786062600
[replaying  12%] replaying BTC-USDT @ 1786062780
[replaying  12%] replaying BTC-USDT @ 1786062960
[replaying  12%] replaying BTC-USDT @ 1786063140
[replaying  12%] replaying BTC-USDT @ 1786063320
[replaying  12%] replaying BTC-USDT @ 1786063500
[replaying  12%] replaying BTC-USDT @ 1786063680
[replaying  13%] replaying BTC-USDT @ 1786063860
[replaying  13%] replaying BTC-USDT @ 1786064040
[replaying  13%] replaying BTC-USDT @ 1786064220
[replaying  13%] replaying BTC-USDT @ 1786064400
[replaying  13%] replaying BTC-USDT @ 1786064580
[replaying  13%] replaying BTC-USDT @ 1786064760
[replaying  13%] replaying BTC-USDT @ 1786064940
[replaying  13%] replaying BTC-USDT @ 1786065120
[replaying  13%] replaying BTC-USDT @ 1786065300
[replaying  13%] replaying BTC-USDT @ 1786065480
[replaying  13%] replaying BTC-USDT @ 1786065660
[replaying  13%] replaying BTC-USDT @ 1786065840
[replaying  13%] replaying BTC-USDT @ 1786066020
[replaying  13%] replaying BTC-USDT @ 1786066200
[replaying  13%] replaying BTC-USDT @ 1786066380
[replaying  13%] replaying BTC-USDT @ 1786066560
[replaying  13%] replaying BTC-USDT @ 1786066740
[replaying  13%] replaying BTC-USDT @ 1786066920
[replaying  13%] replaying BTC-USDT @ 1786067100
[replaying  13%] replaying BTC-USDT @ 1786067280
[replaying  13%] replaying BTC-USDT @ 1786067460
[replaying  13%] replaying BTC-USDT @ 1786067640
[replaying  13%] replaying BTC-USDT @ 1786067820
[replaying  13%] replaying BTC-USDT @ 1786068000
[replaying  13%] replaying BTC-USDT @ 1786068180
[replaying  13%] replaying BTC-USDT @ 1786068360
[replaying  13%] replaying BTC-USDT @ 1786068540
[replaying  13%] replaying BTC-USDT @ 1786068720
[replaying  13%] replaying BTC-USDT @ 1786068900
[replaying  13%] replaying BTC-USDT @ 1786069080
[replaying  13%] replaying BTC-USDT @ 1786069260
[replaying  13%] replaying BTC-USDT @ 1786069440
[replaying  13%] replaying BTC-USDT @ 1786069620
[replaying  13%] replaying BTC-USDT @ 1786069800
[replaying  13%] replaying BTC-USDT @ 1786069980
[replaying  13%] replaying BTC-USDT @ 1786070160
[replaying  13%] replaying BTC-USDT @ 1786070340
[replaying  13%] replaying BTC-USDT @ 1786070520
[replaying  13%] replaying BTC-USDT @ 1786070700
[replaying  13%] replaying BTC-USDT @ 1786070880
[replaying  13%] replaying BTC-USDT @ 1786071060
[replaying  13%] replaying BTC-USDT @ 1786071240
[replaying  13%] replaying BTC-USDT @ 1786071420
[replaying  13%] replaying BTC-USDT @ 1786071600
[replaying  13%] replaying BTC-USDT @ 1786071780
[replaying  13%] replaying BTC-USDT @ 1786071960
[replaying  13%] replaying BTC-USDT @ 1786072140
[replaying  13%] replaying BTC-USDT @ 1786072320
[replaying  13%] replaying BTC-USDT @ 1786072500
[replaying  13%] replaying BTC-USDT @ 1786072680
[replaying  13%] replaying BTC-USDT @ 1786072860
[replaying  13%] replaying BTC-USDT @ 1786073040
[replaying  13%] replaying BTC-USDT @ 1786073220
[replaying  13%] replaying BTC-USDT @ 1786073400
[replaying  13%] replaying BTC-USDT @ 1786073580
[replaying  13%] replaying BTC-USDT @ 1786073760
[replaying  13%] replaying BTC-USDT @ 1786073940
[replaying  13%] replaying BTC-USDT @ 1786074120
[replaying  13%] replaying BTC-USDT @ 1786074300
[replaying  13%] replaying BTC-USDT @ 1786074480
[replaying  13%] replaying BTC-USDT @ 1786074660
[replaying  13%] replaying BTC-USDT @ 1786074840
[replaying  13%] replaying BTC-USDT @ 1786075020
[replaying  13%] replaying BTC-USDT @ 1786075200
[replaying  13%] replaying BTC-USDT @ 1786075380
[replaying  13%] replaying BTC-USDT @ 1786075560
[replaying  13%] replaying BTC-USDT @ 1786075740
[replaying  13%] replaying BTC-USDT @ 1786075920
[replaying  13%] replaying BTC-USDT @ 1786076100
[replaying  13%] replaying BTC-USDT @ 1786076280
[replaying  13%] replaying BTC-USDT @ 1786076460
[replaying  13%] replaying BTC-USDT @ 1786076640
[replaying  13%] replaying BTC-USDT @ 1786076820
[replaying  13%] replaying BTC-USDT @ 1786077000
[replaying  13%] replaying BTC-USDT @ 1786077180
[replaying  13%] replaying BTC-USDT @ 1786077360
[replaying  13%] replaying BTC-USDT @ 1786077540
[replaying  13%] replaying BTC-USDT @ 1786077720
[replaying  13%] replaying BTC-USDT @ 1786077900
[replaying  13%] replaying BTC-USDT @ 1786078080
[replaying  13%] replaying BTC-USDT @ 1786078260
[replaying  13%] replaying BTC-USDT @ 1786078440
[replaying  13%] replaying BTC-USDT @ 1786078620
[replaying  14%] replaying BTC-USDT @ 1786078800
[replaying  14%] replaying BTC-USDT @ 1786078980
[replaying  14%] replaying BTC-USDT @ 1786079160
[replaying  14%] replaying BTC-USDT @ 1786079340
[replaying  14%] replaying BTC-USDT @ 1786079520
[replaying  14%] replaying BTC-USDT @ 1786079700
[replaying  14%] replaying BTC-USDT @ 1786079880
[replaying  14%] replaying BTC-USDT @ 1786080060
[replaying  14%] replaying BTC-USDT @ 1786080240
[replaying  14%] replaying BTC-USDT @ 1786080420
[replaying  14%] replaying BTC-USDT @ 1786080600
[replaying  14%] replaying BTC-USDT @ 1786080780
[replaying  14%] replaying BTC-USDT @ 1786080960
[replaying  14%] replaying BTC-USDT @ 1786081140
[replaying  14%] replaying BTC-USDT @ 1786081320
[replaying  14%] replaying BTC-USDT @ 1786081500
[replaying  14%] replaying BTC-USDT @ 1786081680
[replaying  14%] replaying BTC-USDT @ 1786081860
[replaying  14%] replaying BTC-USDT @ 1786082040
[replaying  14%] replaying BTC-USDT @ 1786082220
[replaying  14%] replaying BTC-USDT @ 1786082400
[replaying  14%] replaying BTC-USDT @ 1786082580
[replaying  14%] replaying BTC-USDT @ 1786082760
[replaying  14%] replaying BTC-USDT @ 1786082940
[replaying  14%] replaying BTC-USDT @ 1786083120
[replaying  14%] replaying BTC-USDT @ 1786083300
[replaying  14%] replaying BTC-USDT @ 1786083480
[replaying  14%] replaying BTC-USDT @ 1786083660
[replaying  14%] replaying BTC-USDT @ 1786083840
[replaying  14%] replaying BTC-USDT @ 1786084020
[replaying  14%] replaying BTC-USDT @ 1786084200
[replaying  14%] replaying BTC-USDT @ 1786084380
[replaying  14%] replaying BTC-USDT @ 1786084560
[replaying  14%] replaying BTC-USDT @ 1786084740
[replaying  14%] replaying BTC-USDT @ 1786084920
[replaying  14%] replaying BTC-USDT @ 1786085100
[replaying  14%] replaying BTC-USDT @ 1786085280
[replaying  14%] replaying BTC-USDT @ 1786085460
[replaying  14%] replaying BTC-USDT @ 1786085640
[replaying  14%] replaying BTC-USDT @ 1786085820
[replaying  14%] replaying BTC-USDT @ 1786086000
[replaying  14%] replaying BTC-USDT @ 1786086180
[replaying  14%] replaying BTC-USDT @ 1786086360
[replaying  14%] replaying BTC-USDT @ 1786086540
[replaying  14%] replaying BTC-USDT @ 1786086720
[replaying  14%] replaying BTC-USDT @ 1786086900
[replaying  14%] replaying BTC-USDT @ 1786087080
[replaying  14%] replaying BTC-USDT @ 1786087260
[replaying  14%] replaying BTC-USDT @ 1786087440
[replaying  14%] replaying BTC-USDT @ 1786087620
[replaying  14%] replaying BTC-USDT @ 1786087800
[replaying  14%] replaying BTC-USDT @ 1786087980
[replaying  14%] replaying BTC-USDT @ 1786088160
[replaying  14%] replaying BTC-USDT @ 1786088340
[replaying  14%] replaying BTC-USDT @ 1786088520
[replaying  14%] replaying BTC-USDT @ 1786088700
[replaying  14%] replaying BTC-USDT @ 1786088880
[replaying  14%] replaying BTC-USDT @ 1786089060
[replaying  14%] replaying BTC-USDT @ 1786089240
[replaying  14%] replaying BTC-USDT @ 1786089420
[replaying  14%] replaying BTC-USDT @ 1786089600
💰 FUNDING: Settlement applied — -0.0099995968287075075176895265 (rate=0.0100%)
[replaying  14%] replaying BTC-USDT @ 1786089780
[replaying  14%] replaying BTC-USDT @ 1786089960
[replaying  14%] replaying BTC-USDT @ 1786090140
[replaying  14%] replaying BTC-USDT @ 1786090320
[replaying  14%] replaying BTC-USDT @ 1786090500
[replaying  14%] replaying BTC-USDT @ 1786090680
[replaying  14%] replaying BTC-USDT @ 1786090860
[replaying  14%] replaying BTC-USDT @ 1786091040
[replaying  14%] replaying BTC-USDT @ 1786091220
[replaying  14%] replaying BTC-USDT @ 1786091400
[replaying  14%] replaying BTC-USDT @ 1786091580
[replaying  14%] replaying BTC-USDT @ 1786091760
[replaying  14%] replaying BTC-USDT @ 1786091940
[replaying  14%] replaying BTC-USDT @ 1786092120
[replaying  14%] replaying BTC-USDT @ 1786092300
[replaying  14%] replaying BTC-USDT @ 1786092480
[replaying  14%] replaying BTC-USDT @ 1786092660
[replaying  14%] replaying BTC-USDT @ 1786092840
[replaying  14%] replaying BTC-USDT @ 1786093020
[replaying  14%] replaying BTC-USDT @ 1786093200
[replaying  14%] replaying BTC-USDT @ 1786093380
[replaying  15%] replaying BTC-USDT @ 1786093560
[replaying  15%] replaying BTC-USDT @ 1786093740
[replaying  15%] replaying BTC-USDT @ 1786093920
[replaying  15%] replaying BTC-USDT @ 1786094100
[replaying  15%] replaying BTC-USDT @ 1786094280
[replaying  15%] replaying BTC-USDT @ 1786094460
[replaying  15%] replaying BTC-USDT @ 1786094640
[replaying  15%] replaying BTC-USDT @ 1786094820
[replaying  15%] replaying BTC-USDT @ 1786095000
[replaying  15%] replaying BTC-USDT @ 1786095180
[replaying  15%] replaying BTC-USDT @ 1786095360
[replaying  15%] replaying BTC-USDT @ 1786095540
[replaying  15%] replaying BTC-USDT @ 1786095720
[replaying  15%] replaying BTC-USDT @ 1786095900
[replaying  15%] replaying BTC-USDT @ 1786096080
[replaying  15%] replaying BTC-USDT @ 1786096260
[replaying  15%] replaying BTC-USDT @ 1786096440
[replaying  15%] replaying BTC-USDT @ 1786096620
[replaying  15%] replaying BTC-USDT @ 1786096800
[replaying  15%] replaying BTC-USDT @ 1786096980
[replaying  15%] replaying BTC-USDT @ 1786097160
[replaying  15%] replaying BTC-USDT @ 1786097340
[replaying  15%] replaying BTC-USDT @ 1786097520
[replaying  15%] replaying BTC-USDT @ 1786097700
[replaying  15%] replaying BTC-USDT @ 1786097880
[replaying  15%] replaying BTC-USDT @ 1786098060
[replaying  15%] replaying BTC-USDT @ 1786098240
[replaying  15%] replaying BTC-USDT @ 1786098420
[replaying  15%] replaying BTC-USDT @ 1786098600
[replaying  15%] replaying BTC-USDT @ 1786098780
[replaying  15%] replaying BTC-USDT @ 1786098960
[replaying  15%] replaying BTC-USDT @ 1786099140
[replaying  15%] replaying BTC-USDT @ 1786099320
[replaying  15%] replaying BTC-USDT @ 1786099500
[replaying  15%] replaying BTC-USDT @ 1786099680
[replaying  15%] replaying BTC-USDT @ 1786099860
[replaying  15%] replaying BTC-USDT @ 1786100040
[replaying  15%] replaying BTC-USDT @ 1786100220
[replaying  15%] replaying BTC-USDT @ 1786100400
[replaying  15%] replaying BTC-USDT @ 1786100580
[replaying  15%] replaying BTC-USDT @ 1786100760
[replaying  15%] replaying BTC-USDT @ 1786100940
[replaying  15%] replaying BTC-USDT @ 1786101120
[replaying  15%] replaying BTC-USDT @ 1786101300
[replaying  15%] replaying BTC-USDT @ 1786101480
[replaying  15%] replaying BTC-USDT @ 1786101660
[replaying  15%] replaying BTC-USDT @ 1786101840
[replaying  15%] replaying BTC-USDT @ 1786102020
[replaying  15%] replaying BTC-USDT @ 1786102200
[replaying  15%] replaying BTC-USDT @ 1786102380
[replaying  15%] replaying BTC-USDT @ 1786102560
[replaying  15%] replaying BTC-USDT @ 1786102740
[replaying  15%] replaying BTC-USDT @ 1786102920
[replaying  15%] replaying BTC-USDT @ 1786103100
[replaying  15%] replaying BTC-USDT @ 1786103280
[replaying  15%] replaying BTC-USDT @ 1786103460
[replaying  15%] replaying BTC-USDT @ 1786103640
[replaying  15%] replaying BTC-USDT @ 1786103820
[replaying  15%] replaying BTC-USDT @ 1786104000
[replaying  15%] replaying BTC-USDT @ 1786104180
[replaying  15%] replaying BTC-USDT @ 1786104360
[replaying  15%] replaying BTC-USDT @ 1786104540
[replaying  15%] replaying BTC-USDT @ 1786104720
[replaying  15%] replaying BTC-USDT @ 1786104900
[replaying  15%] replaying BTC-USDT @ 1786105080
[replaying  15%] replaying BTC-USDT @ 1786105260
[replaying  15%] replaying BTC-USDT @ 1786105440
[replaying  15%] replaying BTC-USDT @ 1786105620
[replaying  15%] replaying BTC-USDT @ 1786105800
[replaying  15%] replaying BTC-USDT @ 1786105980
[replaying  15%] replaying BTC-USDT @ 1786106160
[replaying  15%] replaying BTC-USDT @ 1786106340
[replaying  15%] replaying BTC-USDT @ 1786106520
[replaying  15%] replaying BTC-USDT @ 1786106700
[replaying  15%] replaying BTC-USDT @ 1786106880
[replaying  15%] replaying BTC-USDT @ 1786107060
[replaying  15%] replaying BTC-USDT @ 1786107240
[replaying  15%] replaying BTC-USDT @ 1786107420
[replaying  15%] replaying BTC-USDT @ 1786107600
[replaying  15%] replaying BTC-USDT @ 1786107780
[replaying  15%] replaying BTC-USDT @ 1786107960
[replaying  15%] replaying BTC-USDT @ 1786108140
[replaying  15%] replaying BTC-USDT @ 1786108320
[replaying  16%] replaying BTC-USDT @ 1786108500
[replaying  16%] replaying BTC-USDT @ 1786108680
[replaying  16%] replaying BTC-USDT @ 1786108860
[replaying  16%] replaying BTC-USDT @ 1786109040
[replaying  16%] replaying BTC-USDT @ 1786109220
[replaying  16%] replaying BTC-USDT @ 1786109400
[replaying  16%] replaying BTC-USDT @ 1786109580
[replaying  16%] replaying BTC-USDT @ 1786109760
[replaying  16%] replaying BTC-USDT @ 1786109940
[replaying  16%] replaying BTC-USDT @ 1786110120
[replaying  16%] replaying BTC-USDT @ 1786110300
[replaying  16%] replaying BTC-USDT @ 1786110480
[replaying  16%] replaying BTC-USDT @ 1786110660
[replaying  16%] replaying BTC-USDT @ 1786110840
[replaying  16%] replaying BTC-USDT @ 1786111020
[replaying  16%] replaying BTC-USDT @ 1786111200
[replaying  16%] replaying BTC-USDT @ 1786111380
[replaying  16%] replaying BTC-USDT @ 1786111560
[replaying  16%] replaying BTC-USDT @ 1786111740
[replaying  16%] replaying BTC-USDT @ 1786111920
[replaying  16%] replaying BTC-USDT @ 1786112100
[replaying  16%] replaying BTC-USDT @ 1786112280
[replaying  16%] replaying BTC-USDT @ 1786112460
[replaying  16%] replaying BTC-USDT @ 1786112640
[replaying  16%] replaying BTC-USDT @ 1786112820
[replaying  16%] replaying BTC-USDT @ 1786113000
[replaying  16%] replaying BTC-USDT @ 1786113180
[replaying  16%] replaying BTC-USDT @ 1786113360
[replaying  16%] replaying BTC-USDT @ 1786113540
[replaying  16%] replaying BTC-USDT @ 1786113720
[replaying  16%] replaying BTC-USDT @ 1786113900
[replaying  16%] replaying BTC-USDT @ 1786114080
[replaying  16%] replaying BTC-USDT @ 1786114260
[replaying  16%] replaying BTC-USDT @ 1786114440
[replaying  16%] replaying BTC-USDT @ 1786114620
[replaying  16%] replaying BTC-USDT @ 1786114800
[replaying  16%] replaying BTC-USDT @ 1786114980
[replaying  16%] replaying BTC-USDT @ 1786115160
[replaying  16%] replaying BTC-USDT @ 1786115340
[replaying  16%] replaying BTC-USDT @ 1786115520
[replaying  16%] replaying BTC-USDT @ 1786115700
[replaying  16%] replaying BTC-USDT @ 1786115880
[replaying  16%] replaying BTC-USDT @ 1786116060
[replaying  16%] replaying BTC-USDT @ 1786116240
[replaying  16%] replaying BTC-USDT @ 1786116420
[replaying  16%] replaying BTC-USDT @ 1786116600
[replaying  16%] replaying BTC-USDT @ 1786116780
[replaying  16%] replaying BTC-USDT @ 1786116960
[replaying  16%] replaying BTC-USDT @ 1786117140
[replaying  16%] replaying BTC-USDT @ 1786117320
[replaying  16%] replaying BTC-USDT @ 1786117500
[replaying  16%] replaying BTC-USDT @ 1786117680
[replaying  16%] replaying BTC-USDT @ 1786117860
[replaying  16%] replaying BTC-USDT @ 1786118040
[replaying  16%] replaying BTC-USDT @ 1786118220
[replaying  16%] replaying BTC-USDT @ 1786118400
💰 FUNDING: Settlement applied — -0.0099995968287075075176895265 (rate=0.0100%)
[replaying  16%] replaying BTC-USDT @ 1786118580
[replaying  16%] replaying BTC-USDT @ 1786118760
[replaying  16%] replaying BTC-USDT @ 1786118940
[replaying  16%] replaying BTC-USDT @ 1786119120
[replaying  16%] replaying BTC-USDT @ 1786119300
[replaying  16%] replaying BTC-USDT @ 1786119480
[replaying  16%] replaying BTC-USDT @ 1786119660
[replaying  16%] replaying BTC-USDT @ 1786119840
[replaying  16%] replaying BTC-USDT @ 1786120020
[replaying  16%] replaying BTC-USDT @ 1786120200
[replaying  16%] replaying BTC-USDT @ 1786120380
[replaying  16%] replaying BTC-USDT @ 1786120560
[replaying  16%] replaying BTC-USDT @ 1786120740
[replaying  16%] replaying BTC-USDT @ 1786120920
[replaying  16%] replaying BTC-USDT @ 1786121100
[replaying  16%] replaying BTC-USDT @ 1786121280
[replaying  16%] replaying BTC-USDT @ 1786121460
[replaying  16%] replaying BTC-USDT @ 1786121640
[replaying  16%] replaying BTC-USDT @ 1786121820
[replaying  16%] replaying BTC-USDT @ 1786122000
[replaying  16%] replaying BTC-USDT @ 1786122180
[replaying  16%] replaying BTC-USDT @ 1786122360
[replaying  16%] replaying BTC-USDT @ 1786122540
[replaying  16%] replaying BTC-USDT @ 1786122720
[replaying  16%] replaying BTC-USDT @ 1786122900
[replaying  16%] replaying BTC-USDT @ 1786123080
[replaying  16%] replaying BTC-USDT @ 1786123260
[replaying  17%] replaying BTC-USDT @ 1786123440
[replaying  17%] replaying BTC-USDT @ 1786123620
[replaying  17%] replaying BTC-USDT @ 1786123800
[replaying  17%] replaying BTC-USDT @ 1786123980
[replaying  17%] replaying BTC-USDT @ 1786124160
[replaying  17%] replaying BTC-USDT @ 1786124340
[replaying  17%] replaying BTC-USDT @ 1786124520
[replaying  17%] replaying BTC-USDT @ 1786124700
[replaying  17%] replaying BTC-USDT @ 1786124880
[replaying  17%] replaying BTC-USDT @ 1786125060
[replaying  17%] replaying BTC-USDT @ 1786125240
[replaying  17%] replaying BTC-USDT @ 1786125420
[replaying  17%] replaying BTC-USDT @ 1786125600
[replaying  17%] replaying BTC-USDT @ 1786125780
[replaying  17%] replaying BTC-USDT @ 1786125960
[replaying  17%] replaying BTC-USDT @ 1786126140
[replaying  17%] replaying BTC-USDT @ 1786126320
[replaying  17%] replaying BTC-USDT @ 1786126500
[replaying  17%] replaying BTC-USDT @ 1786126680
[replaying  17%] replaying BTC-USDT @ 1786126860
[replaying  17%] replaying BTC-USDT @ 1786127040
[replaying  17%] replaying BTC-USDT @ 1786127220
[replaying  17%] replaying BTC-USDT @ 1786127400
[replaying  17%] replaying BTC-USDT @ 1786127580
[replaying  17%] replaying BTC-USDT @ 1786127760
[replaying  17%] replaying BTC-USDT @ 1786127940
[replaying  17%] replaying BTC-USDT @ 1786128120
[replaying  17%] replaying BTC-USDT @ 1786128300
[replaying  17%] replaying BTC-USDT @ 1786128480
[replaying  17%] replaying BTC-USDT @ 1786128660
[replaying  17%] replaying BTC-USDT @ 1786128840
[replaying  17%] replaying BTC-USDT @ 1786129020
[replaying  17%] replaying BTC-USDT @ 1786129200
[replaying  17%] replaying BTC-USDT @ 1786129380
[replaying  17%] replaying BTC-USDT @ 1786129560
[replaying  17%] replaying BTC-USDT @ 1786129740
[replaying  17%] replaying BTC-USDT @ 1786129920
[replaying  17%] replaying BTC-USDT @ 1786130100
[replaying  17%] replaying BTC-USDT @ 1786130280
[replaying  17%] replaying BTC-USDT @ 1786130460
[replaying  17%] replaying BTC-USDT @ 1786130640
[replaying  17%] replaying BTC-USDT @ 1786130820
[replaying  17%] replaying BTC-USDT @ 1786131000
[replaying  17%] replaying BTC-USDT @ 1786131180
[replaying  17%] replaying BTC-USDT @ 1786131360
[replaying  17%] replaying BTC-USDT @ 1786131540
[replaying  17%] replaying BTC-USDT @ 1786131720
[replaying  17%] replaying BTC-USDT @ 1786131900
[replaying  17%] replaying BTC-USDT @ 1786132080
[replaying  17%] replaying BTC-USDT @ 1786132260
[replaying  17%] replaying BTC-USDT @ 1786132440
[replaying  17%] replaying BTC-USDT @ 1786132620
[replaying  17%] replaying BTC-USDT @ 1786132800
[replaying  17%] replaying BTC-USDT @ 1786132980
[replaying  17%] replaying BTC-USDT @ 1786133160
[replaying  17%] replaying BTC-USDT @ 1786133340
[replaying  17%] replaying BTC-USDT @ 1786133520
[replaying  17%] replaying BTC-USDT @ 1786133700
[replaying  17%] replaying BTC-USDT @ 1786133880
[replaying  17%] replaying BTC-USDT @ 1786134060
[replaying  17%] replaying BTC-USDT @ 1786134240
[replaying  17%] replaying BTC-USDT @ 1786134420
[replaying  17%] replaying BTC-USDT @ 1786134600
[replaying  17%] replaying BTC-USDT @ 1786134780
[replaying  17%] replaying BTC-USDT @ 1786134960
[replaying  17%] replaying BTC-USDT @ 1786135140
[replaying  17%] replaying BTC-USDT @ 1786135320
[replaying  17%] replaying BTC-USDT @ 1786135500
[replaying  17%] replaying BTC-USDT @ 1786135680
[replaying  17%] replaying BTC-USDT @ 1786135860
[replaying  17%] replaying BTC-USDT @ 1786136040
[replaying  17%] replaying BTC-USDT @ 1786136220
[replaying  17%] replaying BTC-USDT @ 1786136400
[replaying  17%] replaying BTC-USDT @ 1786136580
[replaying  17%] replaying BTC-USDT @ 1786136760
[replaying  17%] replaying BTC-USDT @ 1786136940
[replaying  17%] replaying BTC-USDT @ 1786137120
[replaying  17%] replaying BTC-USDT @ 1786137300
[replaying  17%] replaying BTC-USDT @ 1786137480
[replaying  17%] replaying BTC-USDT @ 1786137660
[replaying  17%] replaying BTC-USDT @ 1786137840
[replaying  17%] replaying BTC-USDT @ 1786138020
[replaying  18%] replaying BTC-USDT @ 1786138200
[replaying  18%] replaying BTC-USDT @ 1786138380
[replaying  18%] replaying BTC-USDT @ 1786138560
[replaying  18%] replaying BTC-USDT @ 1786138740
[replaying  18%] replaying BTC-USDT @ 1786138920
[replaying  18%] replaying BTC-USDT @ 1786139100
[replaying  18%] replaying BTC-USDT @ 1786139280
[replaying  18%] replaying BTC-USDT @ 1786139460
[replaying  18%] replaying BTC-USDT @ 1786139640
[replaying  18%] replaying BTC-USDT @ 1786139820
[replaying  18%] replaying BTC-USDT @ 1786140000
[replaying  18%] replaying BTC-USDT @ 1786140180
[replaying  18%] replaying BTC-USDT @ 1786140360
[replaying  18%] replaying BTC-USDT @ 1786140540
[replaying  18%] replaying BTC-USDT @ 1786140720
[replaying  18%] replaying BTC-USDT @ 1786140900
[replaying  18%] replaying BTC-USDT @ 1786141080
[replaying  18%] replaying BTC-USDT @ 1786141260
[replaying  18%] replaying BTC-USDT @ 1786141440
[replaying  18%] replaying BTC-USDT @ 1786141620
[replaying  18%] replaying BTC-USDT @ 1786141800
[replaying  18%] replaying BTC-USDT @ 1786141980
[replaying  18%] replaying BTC-USDT @ 1786142160
[replaying  18%] replaying BTC-USDT @ 1786142340
[replaying  18%] replaying BTC-USDT @ 1786142520
[replaying  18%] replaying BTC-USDT @ 1786142700
[replaying  18%] replaying BTC-USDT @ 1786142880
[replaying  18%] replaying BTC-USDT @ 1786143060
[replaying  18%] replaying BTC-USDT @ 1786143240
[replaying  18%] replaying BTC-USDT @ 1786143420
[replaying  18%] replaying BTC-USDT @ 1786143600
[replaying  18%] replaying BTC-USDT @ 1786143780
[replaying  18%] replaying BTC-USDT @ 1786143960
[replaying  18%] replaying BTC-USDT @ 1786144140
[replaying  18%] replaying BTC-USDT @ 1786144320
[replaying  18%] replaying BTC-USDT @ 1786144500
[replaying  18%] replaying BTC-USDT @ 1786144680
[replaying  18%] replaying BTC-USDT @ 1786144860
[replaying  18%] replaying BTC-USDT @ 1786145040
[replaying  18%] replaying BTC-USDT @ 1786145220
[replaying  18%] replaying BTC-USDT @ 1786145400
[replaying  18%] replaying BTC-USDT @ 1786145580
[replaying  18%] replaying BTC-USDT @ 1786145760
[replaying  18%] replaying BTC-USDT @ 1786145940
[replaying  18%] replaying BTC-USDT @ 1786146120
[replaying  18%] replaying BTC-USDT @ 1786146300
[replaying  18%] replaying BTC-USDT @ 1786146480
[replaying  18%] replaying BTC-USDT @ 1786146660
[replaying  18%] replaying BTC-USDT @ 1786146840
[replaying  18%] replaying BTC-USDT @ 1786147020
[replaying  18%] replaying BTC-USDT @ 1786147200
💰 FUNDING: Settlement applied — -0.0099995968287075075176895265 (rate=0.0100%)
[replaying  18%] replaying BTC-USDT @ 1786147380
[replaying  18%] replaying BTC-USDT @ 1786147560
[replaying  18%] replaying BTC-USDT @ 1786147740
[replaying  18%] replaying BTC-USDT @ 1786147920
[replaying  18%] replaying BTC-USDT @ 1786148100
[replaying  18%] replaying BTC-USDT @ 1786148280
[replaying  18%] replaying BTC-USDT @ 1786148460
[replaying  18%] replaying BTC-USDT @ 1786148640
[replaying  18%] replaying BTC-USDT @ 1786148820
[replaying  18%] replaying BTC-USDT @ 1786149000
[replaying  18%] replaying BTC-USDT @ 1786149180
[replaying  18%] replaying BTC-USDT @ 1786149360
[replaying  18%] replaying BTC-USDT @ 1786149540
[replaying  18%] replaying BTC-USDT @ 1786149720
[replaying  18%] replaying BTC-USDT @ 1786149900
[replaying  18%] replaying BTC-USDT @ 1786150080
[replaying  18%] replaying BTC-USDT @ 1786150260
[replaying  18%] replaying BTC-USDT @ 1786150440
[replaying  18%] replaying BTC-USDT @ 1786150620
[replaying  18%] replaying BTC-USDT @ 1786150800
[replaying  18%] replaying BTC-USDT @ 1786150980
[replaying  18%] replaying BTC-USDT @ 1786151160
[replaying  18%] replaying BTC-USDT @ 1786151340
[replaying  18%] replaying BTC-USDT @ 1786151520
[replaying  18%] replaying BTC-USDT @ 1786151700
[replaying  18%] replaying BTC-USDT @ 1786151880
[replaying  18%] replaying BTC-USDT @ 1786152060
[replaying  18%] replaying BTC-USDT @ 1786152240
[replaying  18%] replaying BTC-USDT @ 1786152420
[replaying  18%] replaying BTC-USDT @ 1786152600
[replaying  18%] replaying BTC-USDT @ 1786152780
[replaying  18%] replaying BTC-USDT @ 1786152960
[replaying  19%] replaying BTC-USDT @ 1786153140
[replaying  19%] replaying BTC-USDT @ 1786153320
[replaying  19%] replaying BTC-USDT @ 1786153500
[replaying  19%] replaying BTC-USDT @ 1786153680
[replaying  19%] replaying BTC-USDT @ 1786153860
[replaying  19%] replaying BTC-USDT @ 1786154040
[replaying  19%] replaying BTC-USDT @ 1786154220
[replaying  19%] replaying BTC-USDT @ 1786154400
[replaying  19%] replaying BTC-USDT @ 1786154580
[replaying  19%] replaying BTC-USDT @ 1786154760
[replaying  19%] replaying BTC-USDT @ 1786154940
[replaying  19%] replaying BTC-USDT @ 1786155120
[replaying  19%] replaying BTC-USDT @ 1786155300
[replaying  19%] replaying BTC-USDT @ 1786155480
[replaying  19%] replaying BTC-USDT @ 1786155660
[replaying  19%] replaying BTC-USDT @ 1786155840
[replaying  19%] replaying BTC-USDT @ 1786156020
[replaying  19%] replaying BTC-USDT @ 1786156200
[replaying  19%] replaying BTC-USDT @ 1786156380
[replaying  19%] replaying BTC-USDT @ 1786156560
[replaying  19%] replaying BTC-USDT @ 1786156740
[replaying  19%] replaying BTC-USDT @ 1786156920
[replaying  19%] replaying BTC-USDT @ 1786157100
[replaying  19%] replaying BTC-USDT @ 1786157280
[replaying  19%] replaying BTC-USDT @ 1786157460
[replaying  19%] replaying BTC-USDT @ 1786157640
[replaying  19%] replaying BTC-USDT @ 1786157820
[replaying  19%] replaying BTC-USDT @ 1786158000
[replaying  19%] replaying BTC-USDT @ 1786158180
[replaying  19%] replaying BTC-USDT @ 1786158360
[replaying  19%] replaying BTC-USDT @ 1786158540
[replaying  19%] replaying BTC-USDT @ 1786158720
[replaying  19%] replaying BTC-USDT @ 1786158900
[replaying  19%] replaying BTC-USDT @ 1786159080
[replaying  19%] replaying BTC-USDT @ 1786159260
[replaying  19%] replaying BTC-USDT @ 1786159440
[replaying  19%] replaying BTC-USDT @ 1786159620
[replaying  19%] replaying BTC-USDT @ 1786159800
[replaying  19%] replaying BTC-USDT @ 1786159980
[replaying  19%] replaying BTC-USDT @ 1786160160
[replaying  19%] replaying BTC-USDT @ 1786160340
[replaying  19%] replaying BTC-USDT @ 1786160520
[replaying  19%] replaying BTC-USDT @ 1786160700
[replaying  19%] replaying BTC-USDT @ 1786160880
[replaying  19%] replaying BTC-USDT @ 1786161060
[replaying  19%] replaying BTC-USDT @ 1786161240
[replaying  19%] replaying BTC-USDT @ 1786161420
[replaying  19%] replaying BTC-USDT @ 1786161600
[replaying  19%] replaying BTC-USDT @ 1786161780
[replaying  19%] replaying BTC-USDT @ 1786161960
[replaying  19%] replaying BTC-USDT @ 1786162140
[replaying  19%] replaying BTC-USDT @ 1786162320
[replaying  19%] replaying BTC-USDT @ 1786162500
[replaying  19%] replaying BTC-USDT @ 1786162680
[replaying  19%] replaying BTC-USDT @ 1786162860
[replaying  19%] replaying BTC-USDT @ 1786163040
[replaying  19%] replaying BTC-USDT @ 1786163220
[replaying  19%] replaying BTC-USDT @ 1786163400
[replaying  19%] replaying BTC-USDT @ 1786163580
[replaying  19%] replaying BTC-USDT @ 1786163760
[replaying  19%] replaying BTC-USDT @ 1786163940
[replaying  19%] replaying BTC-USDT @ 1786164120
[replaying  19%] replaying BTC-USDT @ 1786164300
[replaying  19%] replaying BTC-USDT @ 1786164480
[replaying  19%] replaying BTC-USDT @ 1786164660
[replaying  19%] replaying BTC-USDT @ 1786164840
[replaying  19%] replaying BTC-USDT @ 1786165020
[replaying  19%] replaying BTC-USDT @ 1786165200
[replaying  19%] replaying BTC-USDT @ 1786165380
[replaying  19%] replaying BTC-USDT @ 1786165560
[replaying  19%] replaying BTC-USDT @ 1786165740
[replaying  19%] replaying BTC-USDT @ 1786165920
[replaying  19%] replaying BTC-USDT @ 1786166100
[replaying  19%] replaying BTC-USDT @ 1786166280
[replaying  19%] replaying BTC-USDT @ 1786166460
[replaying  19%] replaying BTC-USDT @ 1786166640
[replaying  19%] replaying BTC-USDT @ 1786166820
[replaying  19%] replaying BTC-USDT @ 1786167000
[replaying  19%] replaying BTC-USDT @ 1786167180
[replaying  19%] replaying BTC-USDT @ 1786167360
[replaying  19%] replaying BTC-USDT @ 1786167540
[replaying  19%] replaying BTC-USDT @ 1786167720
[replaying  19%] replaying BTC-USDT @ 1786167900
[replaying  20%] replaying BTC-USDT @ 1786168080
[replaying  20%] replaying BTC-USDT @ 1786168260
[replaying  20%] replaying BTC-USDT @ 1786168440
[replaying  20%] replaying BTC-USDT @ 1786168620
[replaying  20%] replaying BTC-USDT @ 1786168800
[replaying  20%] replaying BTC-USDT @ 1786168980
[replaying  20%] replaying BTC-USDT @ 1786169160
[replaying  20%] replaying BTC-USDT @ 1786169340
[replaying  20%] replaying BTC-USDT @ 1786169520
[replaying  20%] replaying BTC-USDT @ 1786169700
[replaying  20%] replaying BTC-USDT @ 1786169880
[replaying  20%] replaying BTC-USDT @ 1786170060
[replaying  20%] replaying BTC-USDT @ 1786170240
[replaying  20%] replaying BTC-USDT @ 1786170420
[replaying  20%] replaying BTC-USDT @ 1786170600
[replaying  20%] replaying BTC-USDT @ 1786170780
[replaying  20%] replaying BTC-USDT @ 1786170960
[replaying  20%] replaying BTC-USDT @ 1786171140
[replaying  20%] replaying BTC-USDT @ 1786171320
[replaying  20%] replaying BTC-USDT @ 1786171500
[replaying  20%] replaying BTC-USDT @ 1786171680
[replaying  20%] replaying BTC-USDT @ 1786171860
[replaying  20%] replaying BTC-USDT @ 1786172040
[replaying  20%] replaying BTC-USDT @ 1786172220
[replaying  20%] replaying BTC-USDT @ 1786172400
[replaying  20%] replaying BTC-USDT @ 1786172580
[replaying  20%] replaying BTC-USDT @ 1786172760
[replaying  20%] replaying BTC-USDT @ 1786172940
[replaying  20%] replaying BTC-USDT @ 1786173120
[replaying  20%] replaying BTC-USDT @ 1786173300
[replaying  20%] replaying BTC-USDT @ 1786173480
[replaying  20%] replaying BTC-USDT @ 1786173660
[replaying  20%] replaying BTC-USDT @ 1786173840
[replaying  20%] replaying BTC-USDT @ 1786174020
[replaying  20%] replaying BTC-USDT @ 1786174200
[replaying  20%] replaying BTC-USDT @ 1786174380
[replaying  20%] replaying BTC-USDT @ 1786174560
[replaying  20%] replaying BTC-USDT @ 1786174740
[replaying  20%] replaying BTC-USDT @ 1786174920
[replaying  20%] replaying BTC-USDT @ 1786175100
[replaying  20%] replaying BTC-USDT @ 1786175280
[replaying  20%] replaying BTC-USDT @ 1786175460
[replaying  20%] replaying BTC-USDT @ 1786175640
[replaying  20%] replaying BTC-USDT @ 1786175820
[replaying  20%] replaying BTC-USDT @ 1786176000
💰 FUNDING: Settlement applied — -0.0099995968287075075176895265 (rate=0.0100%)
[replaying  20%] replaying BTC-USDT @ 1786176180
[replaying  20%] replaying BTC-USDT @ 1786176360
[replaying  20%] replaying BTC-USDT @ 1786176540
[replaying  20%] replaying BTC-USDT @ 1786176720
[replaying  20%] replaying BTC-USDT @ 1786176900
[replaying  20%] replaying BTC-USDT @ 1786177080
[replaying  20%] replaying BTC-USDT @ 1786177260
[replaying  20%] replaying BTC-USDT @ 1786177440
[replaying  20%] replaying BTC-USDT @ 1786177620
[replaying  20%] replaying BTC-USDT @ 1786177800
[replaying  20%] replaying BTC-USDT @ 1786177980
[replaying  20%] replaying BTC-USDT @ 1786178160
[replaying  20%] replaying BTC-USDT @ 1786178340
[replaying  20%] replaying BTC-USDT @ 1786178520
[replaying  20%] replaying BTC-USDT @ 1786178700
[replaying  20%] replaying BTC-USDT @ 1786178880
[replaying  20%] replaying BTC-USDT @ 1786179060
[replaying  20%] replaying BTC-USDT @ 1786179240
[replaying  20%] replaying BTC-USDT @ 1786179420
[replaying  20%] replaying BTC-USDT @ 1786179600
[replaying  20%] replaying BTC-USDT @ 1786179780
[replaying  20%] replaying BTC-USDT @ 1786179960
[replaying  20%] replaying BTC-USDT @ 1786180140
[replaying  20%] replaying BTC-USDT @ 1786180320
[replaying  20%] replaying BTC-USDT @ 1786180500
[replaying  20%] replaying BTC-USDT @ 1786180680
[replaying  20%] replaying BTC-USDT @ 1786180860
[replaying  20%] replaying BTC-USDT @ 1786181040
[replaying  20%] replaying BTC-USDT @ 1786181220
[replaying  20%] replaying BTC-USDT @ 1786181400
[replaying  20%] replaying BTC-USDT @ 1786181580
[replaying  20%] replaying BTC-USDT @ 1786181760
[replaying  20%] replaying BTC-USDT @ 1786181940
[replaying  20%] replaying BTC-USDT @ 1786182120
[replaying  20%] replaying BTC-USDT @ 1786182300
[replaying  20%] replaying BTC-USDT @ 1786182480
[replaying  20%] replaying BTC-USDT @ 1786182660
[replaying  21%] replaying BTC-USDT @ 1786182840
[replaying  21%] replaying BTC-USDT @ 1786183020
[replaying  21%] replaying BTC-USDT @ 1786183200
[replaying  21%] replaying BTC-USDT @ 1786183380
[replaying  21%] replaying BTC-USDT @ 1786183560
[replaying  21%] replaying BTC-USDT @ 1786183740
[replaying  21%] replaying BTC-USDT @ 1786183920
[replaying  21%] replaying BTC-USDT @ 1786184100
[replaying  21%] replaying BTC-USDT @ 1786184280
[replaying  21%] replaying BTC-USDT @ 1786184460
[replaying  21%] replaying BTC-USDT @ 1786184640
[replaying  21%] replaying BTC-USDT @ 1786184820
[replaying  21%] replaying BTC-USDT @ 1786185000
[replaying  21%] replaying BTC-USDT @ 1786185180
[replaying  21%] replaying BTC-USDT @ 1786185360
[replaying  21%] replaying BTC-USDT @ 1786185540
[replaying  21%] replaying BTC-USDT @ 1786185720
[replaying  21%] replaying BTC-USDT @ 1786185900
[replaying  21%] replaying BTC-USDT @ 1786186080
[replaying  21%] replaying BTC-USDT @ 1786186260
[replaying  21%] replaying BTC-USDT @ 1786186440
[replaying  21%] replaying BTC-USDT @ 1786186620
[replaying  21%] replaying BTC-USDT @ 1786186800
[replaying  21%] replaying BTC-USDT @ 1786186980
[replaying  21%] replaying BTC-USDT @ 1786187160
[replaying  21%] replaying BTC-USDT @ 1786187340
[replaying  21%] replaying BTC-USDT @ 1786187520
[replaying  21%] replaying BTC-USDT @ 1786187700
[replaying  21%] replaying BTC-USDT @ 1786187880
[replaying  21%] replaying BTC-USDT @ 1786188060
[replaying  21%] replaying BTC-USDT @ 1786188240
[replaying  21%] replaying BTC-USDT @ 1786188420
[replaying  21%] replaying BTC-USDT @ 1786188600
[replaying  21%] replaying BTC-USDT @ 1786188780
[replaying  21%] replaying BTC-USDT @ 1786188960
[replaying  21%] replaying BTC-USDT @ 1786189140
[replaying  21%] replaying BTC-USDT @ 1786189320
[replaying  21%] replaying BTC-USDT @ 1786189500
[replaying  21%] replaying BTC-USDT @ 1786189680
[replaying  21%] replaying BTC-USDT @ 1786189860
[replaying  21%] replaying BTC-USDT @ 1786190040
[replaying  21%] replaying BTC-USDT @ 1786190220
[replaying  21%] replaying BTC-USDT @ 1786190400
[replaying  21%] replaying BTC-USDT @ 1786190580
[replaying  21%] replaying BTC-USDT @ 1786190760
[replaying  21%] replaying BTC-USDT @ 1786190940
[replaying  21%] replaying BTC-USDT @ 1786191120
[replaying  21%] replaying BTC-USDT @ 1786191300
[replaying  21%] replaying BTC-USDT @ 1786191480
[replaying  21%] replaying BTC-USDT @ 1786191660
[replaying  21%] replaying BTC-USDT @ 1786191840
[replaying  21%] replaying BTC-USDT @ 1786192020
[replaying  21%] replaying BTC-USDT @ 1786192200
[replaying  21%] replaying BTC-USDT @ 1786192380
[replaying  21%] replaying BTC-USDT @ 1786192560
[replaying  21%] replaying BTC-USDT @ 1786192740
[replaying  21%] replaying BTC-USDT @ 1786192920
[replaying  21%] replaying BTC-USDT @ 1786193100
[replaying  21%] replaying BTC-USDT @ 1786193280
[replaying  21%] replaying BTC-USDT @ 1786193460
[replaying  21%] replaying BTC-USDT @ 1786193640
[replaying  21%] replaying BTC-USDT @ 1786193820
[replaying  21%] replaying BTC-USDT @ 1786194000
[replaying  21%] replaying BTC-USDT @ 1786194180
[replaying  21%] replaying BTC-USDT @ 1786194360
[replaying  21%] replaying BTC-USDT @ 1786194540
[replaying  21%] replaying BTC-USDT @ 1786194720
[replaying  21%] replaying BTC-USDT @ 1786194900
[replaying  21%] replaying BTC-USDT @ 1786195080
[replaying  21%] replaying BTC-USDT @ 1786195260
[replaying  21%] replaying BTC-USDT @ 1786195440
[replaying  21%] replaying BTC-USDT @ 1786195620
[replaying  21%] replaying BTC-USDT @ 1786195800
[replaying  21%] replaying BTC-USDT @ 1786195980
[replaying  21%] replaying BTC-USDT @ 1786196160
[replaying  21%] replaying BTC-USDT @ 1786196340
[replaying  21%] replaying BTC-USDT @ 1786196520
[replaying  21%] replaying BTC-USDT @ 1786196700
[replaying  21%] replaying BTC-USDT @ 1786196880
[replaying  21%] replaying BTC-USDT @ 1786197060
[replaying  21%] replaying BTC-USDT @ 1786197240
[replaying  21%] replaying BTC-USDT @ 1786197420
[replaying  21%] replaying BTC-USDT @ 1786197600
[replaying  22%] replaying BTC-USDT @ 1786197780
[replaying  22%] replaying BTC-USDT @ 1786197960
[replaying  22%] replaying BTC-USDT @ 1786198140
[replaying  22%] replaying BTC-USDT @ 1786198320
[replaying  22%] replaying BTC-USDT @ 1786198500
[replaying  22%] replaying BTC-USDT @ 1786198680
[replaying  22%] replaying BTC-USDT @ 1786198860
[replaying  22%] replaying BTC-USDT @ 1786199040
[replaying  22%] replaying BTC-USDT @ 1786199220
[replaying  22%] replaying BTC-USDT @ 1786199400
[replaying  22%] replaying BTC-USDT @ 1786199580
[replaying  22%] replaying BTC-USDT @ 1786199760
[replaying  22%] replaying BTC-USDT @ 1786199940
[replaying  22%] replaying BTC-USDT @ 1786200120
[replaying  22%] replaying BTC-USDT @ 1786200300
[replaying  22%] replaying BTC-USDT @ 1786200480
[replaying  22%] replaying BTC-USDT @ 1786200660
[replaying  22%] replaying BTC-USDT @ 1786200840
[replaying  22%] replaying BTC-USDT @ 1786201020
[replaying  22%] replaying BTC-USDT @ 1786201200
[replaying  22%] replaying BTC-USDT @ 1786201380
[replaying  22%] replaying BTC-USDT @ 1786201560
[replaying  22%] replaying BTC-USDT @ 1786201740
[replaying  22%] replaying BTC-USDT @ 1786201920
[replaying  22%] replaying BTC-USDT @ 1786202100
[replaying  22%] replaying BTC-USDT @ 1786202280
[replaying  22%] replaying BTC-USDT @ 1786202460
[replaying  22%] replaying BTC-USDT @ 1786202640
[replaying  22%] replaying BTC-USDT @ 1786202820
[replaying  22%] replaying BTC-USDT @ 1786203000
[replaying  22%] replaying BTC-USDT @ 1786203180
[replaying  22%] replaying BTC-USDT @ 1786203360
[replaying  22%] replaying BTC-USDT @ 1786203540
[replaying  22%] replaying BTC-USDT @ 1786203720
[replaying  22%] replaying BTC-USDT @ 1786203900
[replaying  22%] replaying BTC-USDT @ 1786204080
[replaying  22%] replaying BTC-USDT @ 1786204260
[replaying  22%] replaying BTC-USDT @ 1786204440
[replaying  22%] replaying BTC-USDT @ 1786204620
[replaying  22%] replaying BTC-USDT @ 1786204800
💰 FUNDING: Settlement applied — -0.0099995968287075075176895265 (rate=0.0100%)
[replaying  22%] replaying BTC-USDT @ 1786204980
[replaying  22%] replaying BTC-USDT @ 1786205160
[replaying  22%] replaying BTC-USDT @ 1786205340
[replaying  22%] replaying BTC-USDT @ 1786205520
[replaying  22%] replaying BTC-USDT @ 1786205700
[replaying  22%] replaying BTC-USDT @ 1786205880
[replaying  22%] replaying BTC-USDT @ 1786206060
[replaying  22%] replaying BTC-USDT @ 1786206240
[replaying  22%] replaying BTC-USDT @ 1786206420
[replaying  22%] replaying BTC-USDT @ 1786206600
[replaying  22%] replaying BTC-USDT @ 1786206780
[replaying  22%] replaying BTC-USDT @ 1786206960
[replaying  22%] replaying BTC-USDT @ 1786207140
[replaying  22%] replaying BTC-USDT @ 1786207320
[replaying  22%] replaying BTC-USDT @ 1786207500
[replaying  22%] replaying BTC-USDT @ 1786207680
[replaying  22%] replaying BTC-USDT @ 1786207860
[replaying  22%] replaying BTC-USDT @ 1786208040
[replaying  22%] replaying BTC-USDT @ 1786208220
[replaying  22%] replaying BTC-USDT @ 1786208400
[replaying  22%] replaying BTC-USDT @ 1786208580
[replaying  22%] replaying BTC-USDT @ 1786208760
[replaying  22%] replaying BTC-USDT @ 1786208940
[replaying  22%] replaying BTC-USDT @ 1786209120
[replaying  22%] replaying BTC-USDT @ 1786209300
[replaying  22%] replaying BTC-USDT @ 1786209480
[replaying  22%] replaying BTC-USDT @ 1786209660
[replaying  22%] replaying BTC-USDT @ 1786209840
[replaying  22%] replaying BTC-USDT @ 1786210020
[replaying  22%] replaying BTC-USDT @ 1786210200
[replaying  22%] replaying BTC-USDT @ 1786210380
[replaying  22%] replaying BTC-USDT @ 1786210560
[replaying  22%] replaying BTC-USDT @ 1786210740
[replaying  22%] replaying BTC-USDT @ 1786210920
[replaying  22%] replaying BTC-USDT @ 1786211100
[replaying  22%] replaying BTC-USDT @ 1786211280
[replaying  22%] replaying BTC-USDT @ 1786211460
[replaying  22%] replaying BTC-USDT @ 1786211640
[replaying  22%] replaying BTC-USDT @ 1786211820
[replaying  22%] replaying BTC-USDT @ 1786212000
[replaying  22%] replaying BTC-USDT @ 1786212180
[replaying  22%] replaying BTC-USDT @ 1786212360
[replaying  22%] replaying BTC-USDT @ 1786212540
[replaying  23%] replaying BTC-USDT @ 1786212720
[replaying  23%] replaying BTC-USDT @ 1786212900
[replaying  23%] replaying BTC-USDT @ 1786213080
[replaying  23%] replaying BTC-USDT @ 1786213260
[replaying  23%] replaying BTC-USDT @ 1786213440
[replaying  23%] replaying BTC-USDT @ 1786213620
[replaying  23%] replaying BTC-USDT @ 1786213800
[replaying  23%] replaying BTC-USDT @ 1786213980
[replaying  23%] replaying BTC-USDT @ 1786214160
[replaying  23%] replaying BTC-USDT @ 1786214340
[replaying  23%] replaying BTC-USDT @ 1786214520
[replaying  23%] replaying BTC-USDT @ 1786214700
[replaying  23%] replaying BTC-USDT @ 1786214880
[replaying  23%] replaying BTC-USDT @ 1786215060
[replaying  23%] replaying BTC-USDT @ 1786215240
[replaying  23%] replaying BTC-USDT @ 1786215420
[replaying  23%] replaying BTC-USDT @ 1786215600
[replaying  23%] replaying BTC-USDT @ 1786215780
[replaying  23%] replaying BTC-USDT @ 1786215960
[replaying  23%] replaying BTC-USDT @ 1786216140
[replaying  23%] replaying BTC-USDT @ 1786216320
[replaying  23%] replaying BTC-USDT @ 1786216500
[replaying  23%] replaying BTC-USDT @ 1786216680
[replaying  23%] replaying BTC-USDT @ 1786216860
[replaying  23%] replaying BTC-USDT @ 1786217040
[replaying  23%] replaying BTC-USDT @ 1786217220
[replaying  23%] replaying BTC-USDT @ 1786217400
[replaying  23%] replaying BTC-USDT @ 1786217580
[replaying  23%] replaying BTC-USDT @ 1786217760
[replaying  23%] replaying BTC-USDT @ 1786217940
[replaying  23%] replaying BTC-USDT @ 1786218120
[replaying  23%] replaying BTC-USDT @ 1786218300
[replaying  23%] replaying BTC-USDT @ 1786218480
[replaying  23%] replaying BTC-USDT @ 1786218660
[replaying  23%] replaying BTC-USDT @ 1786218840
[replaying  23%] replaying BTC-USDT @ 1786219020
[replaying  23%] replaying BTC-USDT @ 1786219200
[replaying  23%] replaying BTC-USDT @ 1786219380
[replaying  23%] replaying BTC-USDT @ 1786219560
[replaying  23%] replaying BTC-USDT @ 1786219740
[replaying  23%] replaying BTC-USDT @ 1786219920
[replaying  23%] replaying BTC-USDT @ 1786220100
[replaying  23%] replaying BTC-USDT @ 1786220280
[replaying  23%] replaying BTC-USDT @ 1786220460
[replaying  23%] replaying BTC-USDT @ 1786220640
[replaying  23%] replaying BTC-USDT @ 1786220820
[replaying  23%] replaying BTC-USDT @ 1786221000
[replaying  23%] replaying BTC-USDT @ 1786221180
[replaying  23%] replaying BTC-USDT @ 1786221360
[replaying  23%] replaying BTC-USDT @ 1786221540
[replaying  23%] replaying BTC-USDT @ 1786221720
[replaying  23%] replaying BTC-USDT @ 1786221900
[replaying  23%] replaying BTC-USDT @ 1786222080
[replaying  23%] replaying BTC-USDT @ 1786222260
[replaying  23%] replaying BTC-USDT @ 1786222440
[replaying  23%] replaying BTC-USDT @ 1786222620
[replaying  23%] replaying BTC-USDT @ 1786222800
[replaying  23%] replaying BTC-USDT @ 1786222980
[replaying  23%] replaying BTC-USDT @ 1786223160
[replaying  23%] replaying BTC-USDT @ 1786223340
[replaying  23%] replaying BTC-USDT @ 1786223520
[replaying  23%] replaying BTC-USDT @ 1786223700
[replaying  23%] replaying BTC-USDT @ 1786223880
[replaying  23%] replaying BTC-USDT @ 1786224060
[replaying  23%] replaying BTC-USDT @ 1786224240
[replaying  23%] replaying BTC-USDT @ 1786224420
[replaying  23%] replaying BTC-USDT @ 1786224600
[replaying  23%] replaying BTC-USDT @ 1786224780
[replaying  23%] replaying BTC-USDT @ 1786224960
[replaying  23%] replaying BTC-USDT @ 1786225140
[replaying  23%] replaying BTC-USDT @ 1786225320
[replaying  23%] replaying BTC-USDT @ 1786225500
[replaying  23%] replaying BTC-USDT @ 1786225680
[replaying  23%] replaying BTC-USDT @ 1786225860
[replaying  23%] replaying BTC-USDT @ 1786226040
[replaying  23%] replaying BTC-USDT @ 1786226220
[replaying  23%] replaying BTC-USDT @ 1786226400
[replaying  23%] replaying BTC-USDT @ 1786226580
[replaying  23%] replaying BTC-USDT @ 1786226760
[replaying  23%] replaying BTC-USDT @ 1786226940
[replaying  23%] replaying BTC-USDT @ 1786227120
[replaying  23%] replaying BTC-USDT @ 1786227300
[replaying  24%] replaying BTC-USDT @ 1786227480
[replaying  24%] replaying BTC-USDT @ 1786227660
[replaying  24%] replaying BTC-USDT @ 1786227840
[replaying  24%] replaying BTC-USDT @ 1786228020
[replaying  24%] replaying BTC-USDT @ 1786228200
[replaying  24%] replaying BTC-USDT @ 1786228380
[replaying  24%] replaying BTC-USDT @ 1786228560
[replaying  24%] replaying BTC-USDT @ 1786228740
[replaying  24%] replaying BTC-USDT @ 1786228920
[replaying  24%] replaying BTC-USDT @ 1786229100
[replaying  24%] replaying BTC-USDT @ 1786229280
[replaying  24%] replaying BTC-USDT @ 1786229460
[replaying  24%] replaying BTC-USDT @ 1786229640
[replaying  24%] replaying BTC-USDT @ 1786229820
[replaying  24%] replaying BTC-USDT @ 1786230000
[replaying  24%] replaying BTC-USDT @ 1786230180
[replaying  24%] replaying BTC-USDT @ 1786230360
[replaying  24%] replaying BTC-USDT @ 1786230540
[replaying  24%] replaying BTC-USDT @ 1786230720
[replaying  24%] replaying BTC-USDT @ 1786230900
[replaying  24%] replaying BTC-USDT @ 1786231080
[replaying  24%] replaying BTC-USDT @ 1786231260
[replaying  24%] replaying BTC-USDT @ 1786231440
[replaying  24%] replaying BTC-USDT @ 1786231620
[replaying  24%] replaying BTC-USDT @ 1786231800
[replaying  24%] replaying BTC-USDT @ 1786231980
[replaying  24%] replaying BTC-USDT @ 1786232160
[replaying  24%] replaying BTC-USDT @ 1786232340
[replaying  24%] replaying BTC-USDT @ 1786232520
[replaying  24%] replaying BTC-USDT @ 1786232700
[replaying  24%] replaying BTC-USDT @ 1786232880
[replaying  24%] replaying BTC-USDT @ 1786233060
[replaying  24%] replaying BTC-USDT @ 1786233240
[replaying  24%] replaying BTC-USDT @ 1786233420
[replaying  24%] replaying BTC-USDT @ 1786233600
💰 FUNDING: Settlement applied — -0.0099995968287075075176895265 (rate=0.0100%)
[replaying  24%] replaying BTC-USDT @ 1786233780
[replaying  24%] replaying BTC-USDT @ 1786233960
[replaying  24%] replaying BTC-USDT @ 1786234140
[replaying  24%] replaying BTC-USDT @ 1786234320
[replaying  24%] replaying BTC-USDT @ 1786234500
[replaying  24%] replaying BTC-USDT @ 1786234680
[replaying  24%] replaying BTC-USDT @ 1786234860
[replaying  24%] replaying BTC-USDT @ 1786235040
[replaying  24%] replaying BTC-USDT @ 1786235220
[replaying  24%] replaying BTC-USDT @ 1786235400
[replaying  24%] replaying BTC-USDT @ 1786235580
[replaying  24%] replaying BTC-USDT @ 1786235760
[replaying  24%] replaying BTC-USDT @ 1786235940
[replaying  24%] replaying BTC-USDT @ 1786236120
[replaying  24%] replaying BTC-USDT @ 1786236300
[replaying  24%] replaying BTC-USDT @ 1786236480
[replaying  24%] replaying BTC-USDT @ 1786236660
[replaying  24%] replaying BTC-USDT @ 1786236840
[replaying  24%] replaying BTC-USDT @ 1786237020
[replaying  24%] replaying BTC-USDT @ 1786237200
[replaying  24%] replaying BTC-USDT @ 1786237380
[replaying  24%] replaying BTC-USDT @ 1786237560
[replaying  24%] replaying BTC-USDT @ 1786237740
[replaying  24%] replaying BTC-USDT @ 1786237920
[replaying  24%] replaying BTC-USDT @ 1786238100
[replaying  24%] replaying BTC-USDT @ 1786238280
[replaying  24%] replaying BTC-USDT @ 1786238460
[replaying  24%] replaying BTC-USDT @ 1786238640
[replaying  24%] replaying BTC-USDT @ 1786238820
[replaying  24%] replaying BTC-USDT @ 1786239000
[replaying  24%] replaying BTC-USDT @ 1786239180
[replaying  24%] replaying BTC-USDT @ 1786239360
[replaying  24%] replaying BTC-USDT @ 1786239540
[replaying  24%] replaying BTC-USDT @ 1786239720
[replaying  24%] replaying BTC-USDT @ 1786239900
[replaying  24%] replaying BTC-USDT @ 1786240080
[replaying  24%] replaying BTC-USDT @ 1786240260
[replaying  24%] replaying BTC-USDT @ 1786240440
[replaying  24%] replaying BTC-USDT @ 1786240620
[replaying  24%] replaying BTC-USDT @ 1786240800
[replaying  24%] replaying BTC-USDT @ 1786240980
[replaying  24%] replaying BTC-USDT @ 1786241160
[replaying  24%] replaying BTC-USDT @ 1786241340
[replaying  24%] replaying BTC-USDT @ 1786241520
[replaying  24%] replaying BTC-USDT @ 1786241700
[replaying  24%] replaying BTC-USDT @ 1786241880
[replaying  24%] replaying BTC-USDT @ 1786242060
[replaying  24%] replaying BTC-USDT @ 1786242240
[replaying  25%] replaying BTC-USDT @ 1786242420
[replaying  25%] replaying BTC-USDT @ 1786242600
[replaying  25%] replaying BTC-USDT @ 1786242780
[replaying  25%] replaying BTC-USDT @ 1786242960
[replaying  25%] replaying BTC-USDT @ 1786243140
[replaying  25%] replaying BTC-USDT @ 1786243320
[replaying  25%] replaying BTC-USDT @ 1786243500
[replaying  25%] replaying BTC-USDT @ 1786243680
[replaying  25%] replaying BTC-USDT @ 1786243860
[replaying  25%] replaying BTC-USDT @ 1786244040
[replaying  25%] replaying BTC-USDT @ 1786244220
[replaying  25%] replaying BTC-USDT @ 1786244400
[replaying  25%] replaying BTC-USDT @ 1786244580
[replaying  25%] replaying BTC-USDT @ 1786244760
[replaying  25%] replaying BTC-USDT @ 1786244940
[replaying  25%] replaying BTC-USDT @ 1786245120
[replaying  25%] replaying BTC-USDT @ 1786245300
[replaying  25%] replaying BTC-USDT @ 1786245480
[replaying  25%] replaying BTC-USDT @ 1786245660
[replaying  25%] replaying BTC-USDT @ 1786245840
[replaying  25%] replaying BTC-USDT @ 1786246020
[replaying  25%] replaying BTC-USDT @ 1786246200
[replaying  25%] replaying BTC-USDT @ 1786246380
[replaying  25%] replaying BTC-USDT @ 1786246560
[replaying  25%] replaying BTC-USDT @ 1786246740
[replaying  25%] replaying BTC-USDT @ 1786246920
[replaying  25%] replaying BTC-USDT @ 1786247100
[replaying  25%] replaying BTC-USDT @ 1786247280
[replaying  25%] replaying BTC-USDT @ 1786247460
[replaying  25%] replaying BTC-USDT @ 1786247640
[replaying  25%] replaying BTC-USDT @ 1786247820
[replaying  25%] replaying BTC-USDT @ 1786248000
[replaying  25%] replaying BTC-USDT @ 1786248180
[replaying  25%] replaying BTC-USDT @ 1786248360
[replaying  25%] replaying BTC-USDT @ 1786248540
[replaying  25%] replaying BTC-USDT @ 1786248720
[replaying  25%] replaying BTC-USDT @ 1786248900
[replaying  25%] replaying BTC-USDT @ 1786249080
[replaying  25%] replaying BTC-USDT @ 1786249260
[replaying  25%] replaying BTC-USDT @ 1786249440
[replaying  25%] replaying BTC-USDT @ 1786249620
[replaying  25%] replaying BTC-USDT @ 1786249800
[replaying  25%] replaying BTC-USDT @ 1786249980
[replaying  25%] replaying BTC-USDT @ 1786250160
[replaying  25%] replaying BTC-USDT @ 1786250340
[replaying  25%] replaying BTC-USDT @ 1786250520
[replaying  25%] replaying BTC-USDT @ 1786250700
[replaying  25%] replaying BTC-USDT @ 1786250880
[replaying  25%] replaying BTC-USDT @ 1786251060
[replaying  25%] replaying BTC-USDT @ 1786251240
[replaying  25%] replaying BTC-USDT @ 1786251420
[replaying  25%] replaying BTC-USDT @ 1786251600
[replaying  25%] replaying BTC-USDT @ 1786251780
[replaying  25%] replaying BTC-USDT @ 1786251960
[replaying  25%] replaying BTC-USDT @ 1786252140
[replaying  25%] replaying BTC-USDT @ 1786252320
[replaying  25%] replaying BTC-USDT @ 1786252500
[replaying  25%] replaying BTC-USDT @ 1786252680
[replaying  25%] replaying BTC-USDT @ 1786252860
[replaying  25%] replaying BTC-USDT @ 1786253040
[replaying  25%] replaying BTC-USDT @ 1786253220
[replaying  25%] replaying BTC-USDT @ 1786253400
[replaying  25%] replaying BTC-USDT @ 1786253580
[replaying  25%] replaying BTC-USDT @ 1786253760
[replaying  25%] replaying BTC-USDT @ 1786253940
[replaying  25%] replaying BTC-USDT @ 1786254120
[replaying  25%] replaying BTC-USDT @ 1786254300
[replaying  25%] replaying BTC-USDT @ 1786254480
[replaying  25%] replaying BTC-USDT @ 1786254660
[replaying  25%] replaying BTC-USDT @ 1786254840
[replaying  25%] replaying BTC-USDT @ 1786255020
[replaying  25%] replaying BTC-USDT @ 1786255200
[replaying  25%] replaying BTC-USDT @ 1786255380
[replaying  25%] replaying BTC-USDT @ 1786255560
[replaying  25%] replaying BTC-USDT @ 1786255740
[replaying  25%] replaying BTC-USDT @ 1786255920
[replaying  25%] replaying BTC-USDT @ 1786256100
[replaying  25%] replaying BTC-USDT @ 1786256280
[replaying  25%] replaying BTC-USDT @ 1786256460
[replaying  25%] replaying BTC-USDT @ 1786256640
[replaying  25%] replaying BTC-USDT @ 1786256820
[replaying  25%] replaying BTC-USDT @ 1786257000
[replaying  25%] replaying BTC-USDT @ 1786257180
[replaying  26%] replaying BTC-USDT @ 1786257360
[replaying  26%] replaying BTC-USDT @ 1786257540
[replaying  26%] replaying BTC-USDT @ 1786257720
[replaying  26%] replaying BTC-USDT @ 1786257900
[replaying  26%] replaying BTC-USDT @ 1786258080
[replaying  26%] replaying BTC-USDT @ 1786258260
[replaying  26%] replaying BTC-USDT @ 1786258440
[replaying  26%] replaying BTC-USDT @ 1786258620
[replaying  26%] replaying BTC-USDT @ 1786258800
[replaying  26%] replaying BTC-USDT @ 1786258980
[replaying  26%] replaying BTC-USDT @ 1786259160
[replaying  26%] replaying BTC-USDT @ 1786259340
[replaying  26%] replaying BTC-USDT @ 1786259520
[replaying  26%] replaying BTC-USDT @ 1786259700
[replaying  26%] replaying BTC-USDT @ 1786259880
[replaying  26%] replaying BTC-USDT @ 1786260060
[replaying  26%] replaying BTC-USDT @ 1786260240
[replaying  26%] replaying BTC-USDT @ 1786260420
[replaying  26%] replaying BTC-USDT @ 1786260600
[replaying  26%] replaying BTC-USDT @ 1786260780
[replaying  26%] replaying BTC-USDT @ 1786260960
[replaying  26%] replaying BTC-USDT @ 1786261140
[replaying  26%] replaying BTC-USDT @ 1786261320
[replaying  26%] replaying BTC-USDT @ 1786261500
[replaying  26%] replaying BTC-USDT @ 1786261680
[replaying  26%] replaying BTC-USDT @ 1786261860
[replaying  26%] replaying BTC-USDT @ 1786262040
[replaying  26%] replaying BTC-USDT @ 1786262220
[replaying  26%] replaying BTC-USDT @ 1786262400
💰 FUNDING: Settlement applied — -0.0099995968287075075176895265 (rate=0.0100%)
[replaying  26%] replaying BTC-USDT @ 1786262580
[replaying  26%] replaying BTC-USDT @ 1786262760
[replaying  26%] replaying BTC-USDT @ 1786262940
[replaying  26%] replaying BTC-USDT @ 1786263120
[replaying  26%] replaying BTC-USDT @ 1786263300
[replaying  26%] replaying BTC-USDT @ 1786263480
[replaying  26%] replaying BTC-USDT @ 1786263660
[replaying  26%] replaying BTC-USDT @ 1786263840
[replaying  26%] replaying BTC-USDT @ 1786264020
[replaying  26%] replaying BTC-USDT @ 1786264200
[replaying  26%] replaying BTC-USDT @ 1786264380
[replaying  26%] replaying BTC-USDT @ 1786264560
[replaying  26%] replaying BTC-USDT @ 1786264740
[replaying  26%] replaying BTC-USDT @ 1786264920
[replaying  26%] replaying BTC-USDT @ 1786265100
[replaying  26%] replaying BTC-USDT @ 1786265280
[replaying  26%] replaying BTC-USDT @ 1786265460
[replaying  26%] replaying BTC-USDT @ 1786265640
[replaying  26%] replaying BTC-USDT @ 1786265820
[replaying  26%] replaying BTC-USDT @ 1786266000
[replaying  26%] replaying BTC-USDT @ 1786266180
[replaying  26%] replaying BTC-USDT @ 1786266360
[replaying  26%] replaying BTC-USDT @ 1786266540
[replaying  26%] replaying BTC-USDT @ 1786266720
[replaying  26%] replaying BTC-USDT @ 1786266900
[replaying  26%] replaying BTC-USDT @ 1786267080
[replaying  26%] replaying BTC-USDT @ 1786267260
[replaying  26%] replaying BTC-USDT @ 1786267440
[replaying  26%] replaying BTC-USDT @ 1786267620
[replaying  26%] replaying BTC-USDT @ 1786267800
[replaying  26%] replaying BTC-USDT @ 1786267980
[replaying  26%] replaying BTC-USDT @ 1786268160
[replaying  26%] replaying BTC-USDT @ 1786268340
[replaying  26%] replaying BTC-USDT @ 1786268520
[replaying  26%] replaying BTC-USDT @ 1786268700
[replaying  26%] replaying BTC-USDT @ 1786268880
[replaying  26%] replaying BTC-USDT @ 1786269060
[replaying  26%] replaying BTC-USDT @ 1786269240
[replaying  26%] replaying BTC-USDT @ 1786269420
[replaying  26%] replaying BTC-USDT @ 1786269600
[replaying  26%] replaying BTC-USDT @ 1786269780
[replaying  26%] replaying BTC-USDT @ 1786269960
[replaying  26%] replaying BTC-USDT @ 1786270140
[replaying  26%] replaying BTC-USDT @ 1786270320
[replaying  26%] replaying BTC-USDT @ 1786270500
[replaying  26%] replaying BTC-USDT @ 1786270680
[replaying  26%] replaying BTC-USDT @ 1786270860
[replaying  26%] replaying BTC-USDT @ 1786271040
[replaying  26%] replaying BTC-USDT @ 1786271220
[replaying  26%] replaying BTC-USDT @ 1786271400
[replaying  26%] replaying BTC-USDT @ 1786271580
[replaying  26%] replaying BTC-USDT @ 1786271760
[replaying  26%] replaying BTC-USDT @ 1786271940
[replaying  26%] replaying BTC-USDT @ 1786272120
[replaying  27%] replaying BTC-USDT @ 1786272300
[replaying  27%] replaying BTC-USDT @ 1786272480
[replaying  27%] replaying BTC-USDT @ 1786272660
[replaying  27%] replaying BTC-USDT @ 1786272840
[replaying  27%] replaying BTC-USDT @ 1786273020
[replaying  27%] replaying BTC-USDT @ 1786273200
[replaying  27%] replaying BTC-USDT @ 1786273380
[replaying  27%] replaying BTC-USDT @ 1786273560
[replaying  27%] replaying BTC-USDT @ 1786273740
[replaying  27%] replaying BTC-USDT @ 1786273920
[replaying  27%] replaying BTC-USDT @ 1786274100
[replaying  27%] replaying BTC-USDT @ 1786274280
[replaying  27%] replaying BTC-USDT @ 1786274460
[replaying  27%] replaying BTC-USDT @ 1786274640
[replaying  27%] replaying BTC-USDT @ 1786274820
[replaying  27%] replaying BTC-USDT @ 1786275000
[replaying  27%] replaying BTC-USDT @ 1786275180
[replaying  27%] replaying BTC-USDT @ 1786275360
[replaying  27%] replaying BTC-USDT @ 1786275540
[replaying  27%] replaying BTC-USDT @ 1786275720
[replaying  27%] replaying BTC-USDT @ 1786275900
[replaying  27%] replaying BTC-USDT @ 1786276080
[replaying  27%] replaying BTC-USDT @ 1786276260
[replaying  27%] replaying BTC-USDT @ 1786276440
[replaying  27%] replaying BTC-USDT @ 1786276620
[replaying  27%] replaying BTC-USDT @ 1786276800
[replaying  27%] replaying BTC-USDT @ 1786276980
[replaying  27%] replaying BTC-USDT @ 1786277160
[replaying  27%] replaying BTC-USDT @ 1786277340
[replaying  27%] replaying BTC-USDT @ 1786277520
[replaying  27%] replaying BTC-USDT @ 1786277700
[replaying  27%] replaying BTC-USDT @ 1786277880
[replaying  27%] replaying BTC-USDT @ 1786278060
[replaying  27%] replaying BTC-USDT @ 1786278240
[replaying  27%] replaying BTC-USDT @ 1786278420
[replaying  27%] replaying BTC-USDT @ 1786278600
[replaying  27%] replaying BTC-USDT @ 1786278780
[replaying  27%] replaying BTC-USDT @ 1786278960
[replaying  27%] replaying BTC-USDT @ 1786279140
[replaying  27%] replaying BTC-USDT @ 1786279320
[replaying  27%] replaying BTC-USDT @ 1786279500
[replaying  27%] replaying BTC-USDT @ 1786279680
[replaying  27%] replaying BTC-USDT @ 1786279860
[replaying  27%] replaying BTC-USDT @ 1786280040
[replaying  27%] replaying BTC-USDT @ 1786280220
[replaying  27%] replaying BTC-USDT @ 1786280400
[replaying  27%] replaying BTC-USDT @ 1786280580
[replaying  27%] replaying BTC-USDT @ 1786280760
[replaying  27%] replaying BTC-USDT @ 1786280940
[replaying  27%] replaying BTC-USDT @ 1786281120
[replaying  27%] replaying BTC-USDT @ 1786281300
[replaying  27%] replaying BTC-USDT @ 1786281480
[replaying  27%] replaying BTC-USDT @ 1786281660
[replaying  27%] replaying BTC-USDT @ 1786281840
[replaying  27%] replaying BTC-USDT @ 1786282020
[replaying  27%] replaying BTC-USDT @ 1786282200
[replaying  27%] replaying BTC-USDT @ 1786282380
[replaying  27%] replaying BTC-USDT @ 1786282560
[replaying  27%] replaying BTC-USDT @ 1786282740
[replaying  27%] replaying BTC-USDT @ 1786282920
[replaying  27%] replaying BTC-USDT @ 1786283100
[replaying  27%] replaying BTC-USDT @ 1786283280
[replaying  27%] replaying BTC-USDT @ 1786283460
[replaying  27%] replaying BTC-USDT @ 1786283640
[replaying  27%] replaying BTC-USDT @ 1786283820
[replaying  27%] replaying BTC-USDT @ 1786284000
[replaying  27%] replaying BTC-USDT @ 1786284180
[replaying  27%] replaying BTC-USDT @ 1786284360
[replaying  27%] replaying BTC-USDT @ 1786284540
[replaying  27%] replaying BTC-USDT @ 1786284720
[replaying  27%] replaying BTC-USDT @ 1786284900
[replaying  27%] replaying BTC-USDT @ 1786285080
[replaying  27%] replaying BTC-USDT @ 1786285260
[replaying  27%] replaying BTC-USDT @ 1786285440
[replaying  27%] replaying BTC-USDT @ 1786285620
[replaying  27%] replaying BTC-USDT @ 1786285800
[replaying  27%] replaying BTC-USDT @ 1786285980
[replaying  27%] replaying BTC-USDT @ 1786286160
[replaying  27%] replaying BTC-USDT @ 1786286340
[replaying  27%] replaying BTC-USDT @ 1786286520
[replaying  27%] replaying BTC-USDT @ 1786286700
[replaying  27%] replaying BTC-USDT @ 1786286880
[replaying  28%] replaying BTC-USDT @ 1786287060
[replaying  28%] replaying BTC-USDT @ 1786287240
[replaying  28%] replaying BTC-USDT @ 1786287420
[replaying  28%] replaying BTC-USDT @ 1786287600
[replaying  28%] replaying BTC-USDT @ 1786287780
[replaying  28%] replaying BTC-USDT @ 1786287960
[replaying  28%] replaying BTC-USDT @ 1786288140
[replaying  28%] replaying BTC-USDT @ 1786288320
[replaying  28%] replaying BTC-USDT @ 1786288500
[replaying  28%] replaying BTC-USDT @ 1786288680
[replaying  28%] replaying BTC-USDT @ 1786288860
[replaying  28%] replaying BTC-USDT @ 1786289040
[replaying  28%] replaying BTC-USDT @ 1786289220
[replaying  28%] replaying BTC-USDT @ 1786289400
[replaying  28%] replaying BTC-USDT @ 1786289580
[replaying  28%] replaying BTC-USDT @ 1786289760
[replaying  28%] replaying BTC-USDT @ 1786289940
[replaying  28%] replaying BTC-USDT @ 1786290120
[replaying  28%] replaying BTC-USDT @ 1786290300
[replaying  28%] replaying BTC-USDT @ 1786290480
[replaying  28%] replaying BTC-USDT @ 1786290660
[replaying  28%] replaying BTC-USDT @ 1786290840
[replaying  28%] replaying BTC-USDT @ 1786291020
[replaying  28%] replaying BTC-USDT @ 1786291200
💰 FUNDING: Settlement applied — -0.0099995968287075075176895265 (rate=0.0100%)
[replaying  28%] replaying BTC-USDT @ 1786291380
[replaying  28%] replaying BTC-USDT @ 1786291560
[replaying  28%] replaying BTC-USDT @ 1786291740
[replaying  28%] replaying BTC-USDT @ 1786291920
[replaying  28%] replaying BTC-USDT @ 1786292100
[replaying  28%] replaying BTC-USDT @ 1786292280
[replaying  28%] replaying BTC-USDT @ 1786292460
[replaying  28%] replaying BTC-USDT @ 1786292640
[replaying  28%] replaying BTC-USDT @ 1786292820
[replaying  28%] replaying BTC-USDT @ 1786293000
[replaying  28%] replaying BTC-USDT @ 1786293180
[replaying  28%] replaying BTC-USDT @ 1786293360
[replaying  28%] replaying BTC-USDT @ 1786293540
[replaying  28%] replaying BTC-USDT @ 1786293720
[replaying  28%] replaying BTC-USDT @ 1786293900
[replaying  28%] replaying BTC-USDT @ 1786294080
[replaying  28%] replaying BTC-USDT @ 1786294260
[replaying  28%] replaying BTC-USDT @ 1786294440
[replaying  28%] replaying BTC-USDT @ 1786294620
[replaying  28%] replaying BTC-USDT @ 1786294800
[replaying  28%] replaying BTC-USDT @ 1786294980
[replaying  28%] replaying BTC-USDT @ 1786295160
[replaying  28%] replaying BTC-USDT @ 1786295340
[replaying  28%] replaying BTC-USDT @ 1786295520
[replaying  28%] replaying BTC-USDT @ 1786295700
[replaying  28%] replaying BTC-USDT @ 1786295880
[replaying  28%] replaying BTC-USDT @ 1786296060
[replaying  28%] replaying BTC-USDT @ 1786296240
[replaying  28%] replaying BTC-USDT @ 1786296420
[replaying  28%] replaying BTC-USDT @ 1786296600
[replaying  28%] replaying BTC-USDT @ 1786296780
[replaying  28%] replaying BTC-USDT @ 1786296960
[replaying  28%] replaying BTC-USDT @ 1786297140
[replaying  28%] replaying BTC-USDT @ 1786297320
[replaying  28%] replaying BTC-USDT @ 1786297500
[replaying  28%] replaying BTC-USDT @ 1786297680
[replaying  28%] replaying BTC-USDT @ 1786297860
[replaying  28%] replaying BTC-USDT @ 1786298040
[replaying  28%] replaying BTC-USDT @ 1786298220
[replaying  28%] replaying BTC-USDT @ 1786298400
[replaying  28%] replaying BTC-USDT @ 1786298580
[replaying  28%] replaying BTC-USDT @ 1786298760
[replaying  28%] replaying BTC-USDT @ 1786298940
[replaying  28%] replaying BTC-USDT @ 1786299120
[replaying  28%] replaying BTC-USDT @ 1786299300
[replaying  28%] replaying BTC-USDT @ 1786299480
[replaying  28%] replaying BTC-USDT @ 1786299660
[replaying  28%] replaying BTC-USDT @ 1786299840
[replaying  28%] replaying BTC-USDT @ 1786300020
[replaying  28%] replaying BTC-USDT @ 1786300200
[replaying  28%] replaying BTC-USDT @ 1786300380
[replaying  28%] replaying BTC-USDT @ 1786300560
[replaying  28%] replaying BTC-USDT @ 1786300740
[replaying  28%] replaying BTC-USDT @ 1786300920
[replaying  28%] replaying BTC-USDT @ 1786301100
[replaying  28%] replaying BTC-USDT @ 1786301280
[replaying  28%] replaying BTC-USDT @ 1786301460
[replaying  28%] replaying BTC-USDT @ 1786301640
[replaying  28%] replaying BTC-USDT @ 1786301820
[replaying  29%] replaying BTC-USDT @ 1786302000
[replaying  29%] replaying BTC-USDT @ 1786302180
[replaying  29%] replaying BTC-USDT @ 1786302360
[replaying  29%] replaying BTC-USDT @ 1786302540
[replaying  29%] replaying BTC-USDT @ 1786302720
[replaying  29%] replaying BTC-USDT @ 1786302900
[replaying  29%] replaying BTC-USDT @ 1786303080
[replaying  29%] replaying BTC-USDT @ 1786303260
[replaying  29%] replaying BTC-USDT @ 1786303440
[replaying  29%] replaying BTC-USDT @ 1786303620
[replaying  29%] replaying BTC-USDT @ 1786303800
[replaying  29%] replaying BTC-USDT @ 1786303980
[replaying  29%] replaying BTC-USDT @ 1786304160
[replaying  29%] replaying BTC-USDT @ 1786304340
[replaying  29%] replaying BTC-USDT @ 1786304520
[replaying  29%] replaying BTC-USDT @ 1786304700
[replaying  29%] replaying BTC-USDT @ 1786304880
[replaying  29%] replaying BTC-USDT @ 1786305060
[replaying  29%] replaying BTC-USDT @ 1786305240
[replaying  29%] replaying BTC-USDT @ 1786305420
[replaying  29%] replaying BTC-USDT @ 1786305600
[replaying  29%] replaying BTC-USDT @ 1786305780
[replaying  29%] replaying BTC-USDT @ 1786305960
[replaying  29%] replaying BTC-USDT @ 1786306140
[replaying  29%] replaying BTC-USDT @ 1786306320
[replaying  29%] replaying BTC-USDT @ 1786306500
[replaying  29%] replaying BTC-USDT @ 1786306680
[replaying  29%] replaying BTC-USDT @ 1786306860
[replaying  29%] replaying BTC-USDT @ 1786307040
[replaying  29%] replaying BTC-USDT @ 1786307220
[replaying  29%] replaying BTC-USDT @ 1786307400
[replaying  29%] replaying BTC-USDT @ 1786307580
[replaying  29%] replaying BTC-USDT @ 1786307760
[replaying  29%] replaying BTC-USDT @ 1786307940
[replaying  29%] replaying BTC-USDT @ 1786308120
[replaying  29%] replaying BTC-USDT @ 1786308300
[replaying  29%] replaying BTC-USDT @ 1786308480
[replaying  29%] replaying BTC-USDT @ 1786308660
[replaying  29%] replaying BTC-USDT @ 1786308840
[replaying  29%] replaying BTC-USDT @ 1786309020
[replaying  29%] replaying BTC-USDT @ 1786309200
[replaying  29%] replaying BTC-USDT @ 1786309380
[replaying  29%] replaying BTC-USDT @ 1786309560
[replaying  29%] replaying BTC-USDT @ 1786309740
[replaying  29%] replaying BTC-USDT @ 1786309920
[replaying  29%] replaying BTC-USDT @ 1786310100
[replaying  29%] replaying BTC-USDT @ 1786310280
[replaying  29%] replaying BTC-USDT @ 1786310460
[replaying  29%] replaying BTC-USDT @ 1786310640
[replaying  29%] replaying BTC-USDT @ 1786310820
[replaying  29%] replaying BTC-USDT @ 1786311000
[replaying  29%] replaying BTC-USDT @ 1786311180
[replaying  29%] replaying BTC-USDT @ 1786311360
[replaying  29%] replaying BTC-USDT @ 1786311540
[replaying  29%] replaying BTC-USDT @ 1786311720
[replaying  29%] replaying BTC-USDT @ 1786311900
[replaying  29%] replaying BTC-USDT @ 1786312080
[replaying  29%] replaying BTC-USDT @ 1786312260
[replaying  29%] replaying BTC-USDT @ 1786312440
[replaying  29%] replaying BTC-USDT @ 1786312620
[replaying  29%] replaying BTC-USDT @ 1786312800
[replaying  29%] replaying BTC-USDT @ 1786312980
[replaying  29%] replaying BTC-USDT @ 1786313160
[replaying  29%] replaying BTC-USDT @ 1786313340
[replaying  29%] replaying BTC-USDT @ 1786313520
[replaying  29%] replaying BTC-USDT @ 1786313700
[replaying  29%] replaying BTC-USDT @ 1786313880
[replaying  29%] replaying BTC-USDT @ 1786314060
[replaying  29%] replaying BTC-USDT @ 1786314240
[replaying  29%] replaying BTC-USDT @ 1786314420
[replaying  29%] replaying BTC-USDT @ 1786314600
[replaying  29%] replaying BTC-USDT @ 1786314780
[replaying  29%] replaying BTC-USDT @ 1786314960
[replaying  29%] replaying BTC-USDT @ 1786315140
[replaying  29%] replaying BTC-USDT @ 1786315320
[replaying  29%] replaying BTC-USDT @ 1786315500
[replaying  29%] replaying BTC-USDT @ 1786315680
[replaying  29%] replaying BTC-USDT @ 1786315860
[replaying  29%] replaying BTC-USDT @ 1786316040
[replaying  29%] replaying BTC-USDT @ 1786316220
[replaying  29%] replaying BTC-USDT @ 1786316400
[replaying  29%] replaying BTC-USDT @ 1786316580
[replaying  29%] replaying BTC-USDT @ 1786316760
[replaying  30%] replaying BTC-USDT @ 1786316940
[replaying  30%] replaying BTC-USDT @ 1786317120
[replaying  30%] replaying BTC-USDT @ 1786317300
[replaying  30%] replaying BTC-USDT @ 1786317480
[replaying  30%] replaying BTC-USDT @ 1786317660
[replaying  30%] replaying BTC-USDT @ 1786317840
[replaying  30%] replaying BTC-USDT @ 1786318020
[replaying  30%] replaying BTC-USDT @ 1786318200
[replaying  30%] replaying BTC-USDT @ 1786318380
[replaying  30%] replaying BTC-USDT @ 1786318560
[replaying  30%] replaying BTC-USDT @ 1786318740
[replaying  30%] replaying BTC-USDT @ 1786318920
[replaying  30%] replaying BTC-USDT @ 1786319100
[replaying  30%] replaying BTC-USDT @ 1786319280
[replaying  30%] replaying BTC-USDT @ 1786319460
[replaying  30%] replaying BTC-USDT @ 1786319640
[replaying  30%] replaying BTC-USDT @ 1786319820
[replaying  30%] replaying BTC-USDT @ 1786320000
💰 FUNDING: Settlement applied — -0.0099995968287075075176895265 (rate=0.0100%)
[replaying  30%] replaying BTC-USDT @ 1786320180
[replaying  30%] replaying BTC-USDT @ 1786320360
[replaying  30%] replaying BTC-USDT @ 1786320540
[replaying  30%] replaying BTC-USDT @ 1786320720
[replaying  30%] replaying BTC-USDT @ 1786320900
[replaying  30%] replaying BTC-USDT @ 1786321080
[replaying  30%] replaying BTC-USDT @ 1786321260
[replaying  30%] replaying BTC-USDT @ 1786321440
[replaying  30%] replaying BTC-USDT @ 1786321620
[replaying  30%] replaying BTC-USDT @ 1786321800
[replaying  30%] replaying BTC-USDT @ 1786321980
[replaying  30%] replaying BTC-USDT @ 1786322160
[replaying  30%] replaying BTC-USDT @ 1786322340
[replaying  30%] replaying BTC-USDT @ 1786322520
[replaying  30%] replaying BTC-USDT @ 1786322700
[replaying  30%] replaying BTC-USDT @ 1786322880
[replaying  30%] replaying BTC-USDT @ 1786323060
[replaying  30%] replaying BTC-USDT @ 1786323240
[replaying  30%] replaying BTC-USDT @ 1786323420
[replaying  30%] replaying BTC-USDT @ 1786323600
[replaying  30%] replaying BTC-USDT @ 1786323780
[replaying  30%] replaying BTC-USDT @ 1786323960
[replaying  30%] replaying BTC-USDT @ 1786324140
[replaying  30%] replaying BTC-USDT @ 1786324320
[replaying  30%] replaying BTC-USDT @ 1786324500
[replaying  30%] replaying BTC-USDT @ 1786324680
[replaying  30%] replaying BTC-USDT @ 1786324860
[replaying  30%] replaying BTC-USDT @ 1786325040
[replaying  30%] replaying BTC-USDT @ 1786325220
[replaying  30%] replaying BTC-USDT @ 1786325400
[replaying  30%] replaying BTC-USDT @ 1786325580
[replaying  30%] replaying BTC-USDT @ 1786325760
[replaying  30%] replaying BTC-USDT @ 1786325940
[replaying  30%] replaying BTC-USDT @ 1786326120
[replaying  30%] replaying BTC-USDT @ 1786326300
[replaying  30%] replaying BTC-USDT @ 1786326480
[replaying  30%] replaying BTC-USDT @ 1786326660
[replaying  30%] replaying BTC-USDT @ 1786326840
[replaying  30%] replaying BTC-USDT @ 1786327020
[replaying  30%] replaying BTC-USDT @ 1786327200
[replaying  30%] replaying BTC-USDT @ 1786327380
[replaying  30%] replaying BTC-USDT @ 1786327560
[replaying  30%] replaying BTC-USDT @ 1786327740
[replaying  30%] replaying BTC-USDT @ 1786327920
[replaying  30%] replaying BTC-USDT @ 1786328100
[replaying  30%] replaying BTC-USDT @ 1786328280
[replaying  30%] replaying BTC-USDT @ 1786328460
[replaying  30%] replaying BTC-USDT @ 1786328640
[replaying  30%] replaying BTC-USDT @ 1786328820
[replaying  30%] replaying BTC-USDT @ 1786329000
[replaying  30%] replaying BTC-USDT @ 1786329180
[replaying  30%] replaying BTC-USDT @ 1786329360
[replaying  30%] replaying BTC-USDT @ 1786329540
[replaying  30%] replaying BTC-USDT @ 1786329720
[replaying  30%] replaying BTC-USDT @ 1786329900
[replaying  30%] replaying BTC-USDT @ 1786330080
[replaying  30%] replaying BTC-USDT @ 1786330260
[replaying  30%] replaying BTC-USDT @ 1786330440
[replaying  30%] replaying BTC-USDT @ 1786330620
[replaying  30%] replaying BTC-USDT @ 1786330800
[replaying  30%] replaying BTC-USDT @ 1786330980
[replaying  30%] replaying BTC-USDT @ 1786331160
[replaying  30%] replaying BTC-USDT @ 1786331340
[replaying  30%] replaying BTC-USDT @ 1786331520
[replaying  31%] replaying BTC-USDT @ 1786331700
[replaying  31%] replaying BTC-USDT @ 1786331880
[replaying  31%] replaying BTC-USDT @ 1786332060
[replaying  31%] replaying BTC-USDT @ 1786332240
[replaying  31%] replaying BTC-USDT @ 1786332420
[replaying  31%] replaying BTC-USDT @ 1786332600
[replaying  31%] replaying BTC-USDT @ 1786332780
[replaying  31%] replaying BTC-USDT @ 1786332960
[replaying  31%] replaying BTC-USDT @ 1786333140
[replaying  31%] replaying BTC-USDT @ 1786333320
[replaying  31%] replaying BTC-USDT @ 1786333500
[replaying  31%] replaying BTC-USDT @ 1786333680
[replaying  31%] replaying BTC-USDT @ 1786333860
[replaying  31%] replaying BTC-USDT @ 1786334040
[replaying  31%] replaying BTC-USDT @ 1786334220
[replaying  31%] replaying BTC-USDT @ 1786334400
[replaying  31%] replaying BTC-USDT @ 1786334580
[replaying  31%] replaying BTC-USDT @ 1786334760
[replaying  31%] replaying BTC-USDT @ 1786334940
[replaying  31%] replaying BTC-USDT @ 1786335120
[replaying  31%] replaying BTC-USDT @ 1786335300
[replaying  31%] replaying BTC-USDT @ 1786335480
[replaying  31%] replaying BTC-USDT @ 1786335660
[replaying  31%] replaying BTC-USDT @ 1786335840
[replaying  31%] replaying BTC-USDT @ 1786336020
[replaying  31%] replaying BTC-USDT @ 1786336200
[replaying  31%] replaying BTC-USDT @ 1786336380
[replaying  31%] replaying BTC-USDT @ 1786336560
[replaying  31%] replaying BTC-USDT @ 1786336740
[replaying  31%] replaying BTC-USDT @ 1786336920
[replaying  31%] replaying BTC-USDT @ 1786337100
[replaying  31%] replaying BTC-USDT @ 1786337280
[replaying  31%] replaying BTC-USDT @ 1786337460
[replaying  31%] replaying BTC-USDT @ 1786337640
[replaying  31%] replaying BTC-USDT @ 1786337820
[replaying  31%] replaying BTC-USDT @ 1786338000
[replaying  31%] replaying BTC-USDT @ 1786338180
[replaying  31%] replaying BTC-USDT @ 1786338360
[replaying  31%] replaying BTC-USDT @ 1786338540
[replaying  31%] replaying BTC-USDT @ 1786338720
[replaying  31%] replaying BTC-USDT @ 1786338900
[replaying  31%] replaying BTC-USDT @ 1786339080
[replaying  31%] replaying BTC-USDT @ 1786339260
[replaying  31%] replaying BTC-USDT @ 1786339440
[replaying  31%] replaying BTC-USDT @ 1786339620
[replaying  31%] replaying BTC-USDT @ 1786339800
[replaying  31%] replaying BTC-USDT @ 1786339980
[replaying  31%] replaying BTC-USDT @ 1786340160
[replaying  31%] replaying BTC-USDT @ 1786340340
[replaying  31%] replaying BTC-USDT @ 1786340520
[replaying  31%] replaying BTC-USDT @ 1786340700
[replaying  31%] replaying BTC-USDT @ 1786340880
[replaying  31%] replaying BTC-USDT @ 1786341060
[replaying  31%] replaying BTC-USDT @ 1786341240
[replaying  31%] replaying BTC-USDT @ 1786341420
[replaying  31%] replaying BTC-USDT @ 1786341600
[replaying  31%] replaying BTC-USDT @ 1786341780
[replaying  31%] replaying BTC-USDT @ 1786341960
[replaying  31%] replaying BTC-USDT @ 1786342140
[replaying  31%] replaying BTC-USDT @ 1786342320
[replaying  31%] replaying BTC-USDT @ 1786342500
[replaying  31%] replaying BTC-USDT @ 1786342680
[replaying  31%] replaying BTC-USDT @ 1786342860
[replaying  31%] replaying BTC-USDT @ 1786343040
[replaying  31%] replaying BTC-USDT @ 1786343220
[replaying  31%] replaying BTC-USDT @ 1786343400
[replaying  31%] replaying BTC-USDT @ 1786343580
[replaying  31%] replaying BTC-USDT @ 1786343760
[replaying  31%] replaying BTC-USDT @ 1786343940
[replaying  31%] replaying BTC-USDT @ 1786344120
[replaying  31%] replaying BTC-USDT @ 1786344300
[replaying  31%] replaying BTC-USDT @ 1786344480
[replaying  31%] replaying BTC-USDT @ 1786344660
[replaying  31%] replaying BTC-USDT @ 1786344840
[replaying  31%] replaying BTC-USDT @ 1786345020
[replaying  31%] replaying BTC-USDT @ 1786345200
[replaying  31%] replaying BTC-USDT @ 1786345380
[replaying  31%] replaying BTC-USDT @ 1786345560
[replaying  31%] replaying BTC-USDT @ 1786345740
[replaying  31%] replaying BTC-USDT @ 1786345920
[replaying  31%] replaying BTC-USDT @ 1786346100
[replaying  31%] replaying BTC-USDT @ 1786346280
[replaying  31%] replaying BTC-USDT @ 1786346460
[replaying  32%] replaying BTC-USDT @ 1786346640
[replaying  32%] replaying BTC-USDT @ 1786346820
[replaying  32%] replaying BTC-USDT @ 1786347000
[replaying  32%] replaying BTC-USDT @ 1786347180
[replaying  32%] replaying BTC-USDT @ 1786347360
[replaying  32%] replaying BTC-USDT @ 1786347540
[replaying  32%] replaying BTC-USDT @ 1786347720
[replaying  32%] replaying BTC-USDT @ 1786347900
[replaying  32%] replaying BTC-USDT @ 1786348080
[replaying  32%] replaying BTC-USDT @ 1786348260
[replaying  32%] replaying BTC-USDT @ 1786348440
[replaying  32%] replaying BTC-USDT @ 1786348620
[replaying  32%] replaying BTC-USDT @ 1786348800
💰 FUNDING: Settlement applied — -0.0099995968287075075176895265 (rate=0.0100%)
[replaying  32%] replaying BTC-USDT @ 1786348980
[replaying  32%] replaying BTC-USDT @ 1786349160
[replaying  32%] replaying BTC-USDT @ 1786349340
[replaying  32%] replaying BTC-USDT @ 1786349520
[replaying  32%] replaying BTC-USDT @ 1786349700
[replaying  32%] replaying BTC-USDT @ 1786349880
[replaying  32%] replaying BTC-USDT @ 1786350060
[replaying  32%] replaying BTC-USDT @ 1786350240
[replaying  32%] replaying BTC-USDT @ 1786350420
[replaying  32%] replaying BTC-USDT @ 1786350600
[replaying  32%] replaying BTC-USDT @ 1786350780
[replaying  32%] replaying BTC-USDT @ 1786350960
[replaying  32%] replaying BTC-USDT @ 1786351140
[replaying  32%] replaying BTC-USDT @ 1786351320
[replaying  32%] replaying BTC-USDT @ 1786351500
[replaying  32%] replaying BTC-USDT @ 1786351680
[replaying  32%] replaying BTC-USDT @ 1786351860
[replaying  32%] replaying BTC-USDT @ 1786352040
[replaying  32%] replaying BTC-USDT @ 1786352220
[replaying  32%] replaying BTC-USDT @ 1786352400
[replaying  32%] replaying BTC-USDT @ 1786352580
[replaying  32%] replaying BTC-USDT @ 1786352760
[replaying  32%] replaying BTC-USDT @ 1786352940
[replaying  32%] replaying BTC-USDT @ 1786353120
[replaying  32%] replaying BTC-USDT @ 1786353300
[replaying  32%] replaying BTC-USDT @ 1786353480
[replaying  32%] replaying BTC-USDT @ 1786353660
[replaying  32%] replaying BTC-USDT @ 1786353840
[replaying  32%] replaying BTC-USDT @ 1786354020
[replaying  32%] replaying BTC-USDT @ 1786354200
[replaying  32%] replaying BTC-USDT @ 1786354380
[replaying  32%] replaying BTC-USDT @ 1786354560
[replaying  32%] replaying BTC-USDT @ 1786354740
[replaying  32%] replaying BTC-USDT @ 1786354920
[replaying  32%] replaying BTC-USDT @ 1786355100
[replaying  32%] replaying BTC-USDT @ 1786355280
[replaying  32%] replaying BTC-USDT @ 1786355460
[replaying  32%] replaying BTC-USDT @ 1786355640
[replaying  32%] replaying BTC-USDT @ 1786355820
[replaying  32%] replaying BTC-USDT @ 1786356000
[replaying  32%] replaying BTC-USDT @ 1786356180
[replaying  32%] replaying BTC-USDT @ 1786356360
[replaying  32%] replaying BTC-USDT @ 1786356540
[replaying  32%] replaying BTC-USDT @ 1786356720
[replaying  32%] replaying BTC-USDT @ 1786356900
[replaying  32%] replaying BTC-USDT @ 1786357080
[replaying  32%] replaying BTC-USDT @ 1786357260
[replaying  32%] replaying BTC-USDT @ 1786357440
[replaying  32%] replaying BTC-USDT @ 1786357620
[replaying  32%] replaying BTC-USDT @ 1786357800
[replaying  32%] replaying BTC-USDT @ 1786357980
[replaying  32%] replaying BTC-USDT @ 1786358160
[replaying  32%] replaying BTC-USDT @ 1786358340
[replaying  32%] replaying BTC-USDT @ 1786358520
[replaying  32%] replaying BTC-USDT @ 1786358700
[replaying  32%] replaying BTC-USDT @ 1786358880
[replaying  32%] replaying BTC-USDT @ 1786359060
[replaying  32%] replaying BTC-USDT @ 1786359240
[replaying  32%] replaying BTC-USDT @ 1786359420
[replaying  32%] replaying BTC-USDT @ 1786359600
[replaying  32%] replaying BTC-USDT @ 1786359780
[replaying  32%] replaying BTC-USDT @ 1786359960
[replaying  32%] replaying BTC-USDT @ 1786360140
[replaying  32%] replaying BTC-USDT @ 1786360320
[replaying  32%] replaying BTC-USDT @ 1786360500
[replaying  32%] replaying BTC-USDT @ 1786360680
[replaying  32%] replaying BTC-USDT @ 1786360860
[replaying  32%] replaying BTC-USDT @ 1786361040
[replaying  32%] replaying BTC-USDT @ 1786361220
[replaying  32%] replaying BTC-USDT @ 1786361400
[replaying  33%] replaying BTC-USDT @ 1786361580
[replaying  33%] replaying BTC-USDT @ 1786361760
[replaying  33%] replaying BTC-USDT @ 1786361940
[replaying  33%] replaying BTC-USDT @ 1786362120
[replaying  33%] replaying BTC-USDT @ 1786362300
[replaying  33%] replaying BTC-USDT @ 1786362480
[replaying  33%] replaying BTC-USDT @ 1786362660
[replaying  33%] replaying BTC-USDT @ 1786362840
[replaying  33%] replaying BTC-USDT @ 1786363020
[replaying  33%] replaying BTC-USDT @ 1786363200
[replaying  33%] replaying BTC-USDT @ 1786363380
[replaying  33%] replaying BTC-USDT @ 1786363560
[replaying  33%] replaying BTC-USDT @ 1786363740
[replaying  33%] replaying BTC-USDT @ 1786363920
[replaying  33%] replaying BTC-USDT @ 1786364100
[replaying  33%] replaying BTC-USDT @ 1786364280
[replaying  33%] replaying BTC-USDT @ 1786364460
[replaying  33%] replaying BTC-USDT @ 1786364640
[replaying  33%] replaying BTC-USDT @ 1786364820
[replaying  33%] replaying BTC-USDT @ 1786365000
[replaying  33%] replaying BTC-USDT @ 1786365180
[replaying  33%] replaying BTC-USDT @ 1786365360
[replaying  33%] replaying BTC-USDT @ 1786365540
[replaying  33%] replaying BTC-USDT @ 1786365720
[replaying  33%] replaying BTC-USDT @ 1786365900
[replaying  33%] replaying BTC-USDT @ 1786366080
[replaying  33%] replaying BTC-USDT @ 1786366260
[replaying  33%] replaying BTC-USDT @ 1786366440
[replaying  33%] replaying BTC-USDT @ 1786366620
[replaying  33%] replaying BTC-USDT @ 1786366800
[replaying  33%] replaying BTC-USDT @ 1786366980
[replaying  33%] replaying BTC-USDT @ 1786367160
[replaying  33%] replaying BTC-USDT @ 1786367340
[replaying  33%] replaying BTC-USDT @ 1786367520
[replaying  33%] replaying BTC-USDT @ 1786367700
[replaying  33%] replaying BTC-USDT @ 1786367880
[replaying  33%] replaying BTC-USDT @ 1786368060
[replaying  33%] replaying BTC-USDT @ 1786368240
[replaying  33%] replaying BTC-USDT @ 1786368420
[replaying  33%] replaying BTC-USDT @ 1786368600
[replaying  33%] replaying BTC-USDT @ 1786368780
[replaying  33%] replaying BTC-USDT @ 1786368960
[replaying  33%] replaying BTC-USDT @ 1786369140
[replaying  33%] replaying BTC-USDT @ 1786369320
[replaying  33%] replaying BTC-USDT @ 1786369500
[replaying  33%] replaying BTC-USDT @ 1786369680
[replaying  33%] replaying BTC-USDT @ 1786369860
[replaying  33%] replaying BTC-USDT @ 1786370040
[replaying  33%] replaying BTC-USDT @ 1786370220
[replaying  33%] replaying BTC-USDT @ 1786370400
[replaying  33%] replaying BTC-USDT @ 1786370580
[replaying  33%] replaying BTC-USDT @ 1786370760
[replaying  33%] replaying BTC-USDT @ 1786370940
[replaying  33%] replaying BTC-USDT @ 1786371120
[replaying  33%] replaying BTC-USDT @ 1786371300
[replaying  33%] replaying BTC-USDT @ 1786371480
[replaying  33%] replaying BTC-USDT @ 1786371660
[replaying  33%] replaying BTC-USDT @ 1786371840
[replaying  33%] replaying BTC-USDT @ 1786372020
[replaying  33%] replaying BTC-USDT @ 1786372200
[replaying  33%] replaying BTC-USDT @ 1786372380
[replaying  33%] replaying BTC-USDT @ 1786372560
[replaying  33%] replaying BTC-USDT @ 1786372740
[replaying  33%] replaying BTC-USDT @ 1786372920
[replaying  33%] replaying BTC-USDT @ 1786373100
[replaying  33%] replaying BTC-USDT @ 1786373280
[replaying  33%] replaying BTC-USDT @ 1786373460
[replaying  33%] replaying BTC-USDT @ 1786373640
[replaying  33%] replaying BTC-USDT @ 1786373820
[replaying  33%] replaying BTC-USDT @ 1786374000
[replaying  33%] replaying BTC-USDT @ 1786374180
[replaying  33%] replaying BTC-USDT @ 1786374360
[replaying  33%] replaying BTC-USDT @ 1786374540
[replaying  33%] replaying BTC-USDT @ 1786374720
[replaying  33%] replaying BTC-USDT @ 1786374900
[replaying  33%] replaying BTC-USDT @ 1786375080
[replaying  33%] replaying BTC-USDT @ 1786375260
[replaying  33%] replaying BTC-USDT @ 1786375440
[replaying  33%] replaying BTC-USDT @ 1786375620
[replaying  33%] replaying BTC-USDT @ 1786375800
[replaying  33%] replaying BTC-USDT @ 1786375980
[replaying  33%] replaying BTC-USDT @ 1786376160
[replaying  34%] replaying BTC-USDT @ 1786376340
[replaying  34%] replaying BTC-USDT @ 1786376520
[replaying  34%] replaying BTC-USDT @ 1786376700
[replaying  34%] replaying BTC-USDT @ 1786376880
[replaying  34%] replaying BTC-USDT @ 1786377060
[replaying  34%] replaying BTC-USDT @ 1786377240
[replaying  34%] replaying BTC-USDT @ 1786377420
[replaying  34%] replaying BTC-USDT @ 1786377600
💰 FUNDING: Settlement applied — -0.0099995968287075075176895265 (rate=0.0100%)
[replaying  34%] replaying BTC-USDT @ 1786377780
[replaying  34%] replaying BTC-USDT @ 1786377960
[replaying  34%] replaying BTC-USDT @ 1786378140
[replaying  34%] replaying BTC-USDT @ 1786378320
[replaying  34%] replaying BTC-USDT @ 1786378500
[replaying  34%] replaying BTC-USDT @ 1786378680
[replaying  34%] replaying BTC-USDT @ 1786378860
[replaying  34%] replaying BTC-USDT @ 1786379040
[replaying  34%] replaying BTC-USDT @ 1786379220
[replaying  34%] replaying BTC-USDT @ 1786379400
[replaying  34%] replaying BTC-USDT @ 1786379580
[replaying  34%] replaying BTC-USDT @ 1786379760
[replaying  34%] replaying BTC-USDT @ 1786379940
[replaying  34%] replaying BTC-USDT @ 1786380120
[replaying  34%] replaying BTC-USDT @ 1786380300
[replaying  34%] replaying BTC-USDT @ 1786380480
[replaying  34%] replaying BTC-USDT @ 1786380660
[replaying  34%] replaying BTC-USDT @ 1786380840
[replaying  34%] replaying BTC-USDT @ 1786381020
[replaying  34%] replaying BTC-USDT @ 1786381200
[replaying  34%] replaying BTC-USDT @ 1786381380
[replaying  34%] replaying BTC-USDT @ 1786381560
[replaying  34%] replaying BTC-USDT @ 1786381740
[replaying  34%] replaying BTC-USDT @ 1786381920
[replaying  34%] replaying BTC-USDT @ 1786382100
[replaying  34%] replaying BTC-USDT @ 1786382280
[replaying  34%] replaying BTC-USDT @ 1786382460
[replaying  34%] replaying BTC-USDT @ 1786382640
[replaying  34%] replaying BTC-USDT @ 1786382820
[replaying  34%] replaying BTC-USDT @ 1786383000
[replaying  34%] replaying BTC-USDT @ 1786383180
[replaying  34%] replaying BTC-USDT @ 1786383360
[replaying  34%] replaying BTC-USDT @ 1786383540
[replaying  34%] replaying BTC-USDT @ 1786383720
[replaying  34%] replaying BTC-USDT @ 1786383900
[replaying  34%] replaying BTC-USDT @ 1786384080
[replaying  34%] replaying BTC-USDT @ 1786384260
[replaying  34%] replaying BTC-USDT @ 1786384440
[replaying  34%] replaying BTC-USDT @ 1786384620
[replaying  34%] replaying BTC-USDT @ 1786384800
[replaying  34%] replaying BTC-USDT @ 1786384980
[replaying  34%] replaying BTC-USDT @ 1786385160
[replaying  34%] replaying BTC-USDT @ 1786385340
[replaying  34%] replaying BTC-USDT @ 1786385520
[replaying  34%] replaying BTC-USDT @ 1786385700
[replaying  34%] replaying BTC-USDT @ 1786385880
[replaying  34%] replaying BTC-USDT @ 1786386060
[replaying  34%] replaying BTC-USDT @ 1786386240
[replaying  34%] replaying BTC-USDT @ 1786386420
[replaying  34%] replaying BTC-USDT @ 1786386600
[replaying  34%] replaying BTC-USDT @ 1786386780
[replaying  34%] replaying BTC-USDT @ 1786386960
[replaying  34%] replaying BTC-USDT @ 1786387140
[replaying  34%] replaying BTC-USDT @ 1786387320
[replaying  34%] replaying BTC-USDT @ 1786387500
[replaying  34%] replaying BTC-USDT @ 1786387680
[replaying  34%] replaying BTC-USDT @ 1786387860
[replaying  34%] replaying BTC-USDT @ 1786388040
[replaying  34%] replaying BTC-USDT @ 1786388220
[replaying  34%] replaying BTC-USDT @ 1786388400
[replaying  34%] replaying BTC-USDT @ 1786388580
[replaying  34%] replaying BTC-USDT @ 1786388760
[replaying  34%] replaying BTC-USDT @ 1786388940
[replaying  34%] replaying BTC-USDT @ 1786389120
[replaying  34%] replaying BTC-USDT @ 1786389300
[replaying  34%] replaying BTC-USDT @ 1786389480
[replaying  34%] replaying BTC-USDT @ 1786389660
[replaying  34%] replaying BTC-USDT @ 1786389840
[replaying  34%] replaying BTC-USDT @ 1786390020
[replaying  34%] replaying BTC-USDT @ 1786390200
[replaying  34%] replaying BTC-USDT @ 1786390380
[replaying  34%] replaying BTC-USDT @ 1786390560
[replaying  34%] replaying BTC-USDT @ 1786390740
[replaying  34%] replaying BTC-USDT @ 1786390920
[replaying  34%] replaying BTC-USDT @ 1786391100
[replaying  35%] replaying BTC-USDT @ 1786391280
[replaying  35%] replaying BTC-USDT @ 1786391460
[replaying  35%] replaying BTC-USDT @ 1786391640
[replaying  35%] replaying BTC-USDT @ 1786391820
[replaying  35%] replaying BTC-USDT @ 1786392000
[replaying  35%] replaying BTC-USDT @ 1786392180
[replaying  35%] replaying BTC-USDT @ 1786392360
[replaying  35%] replaying BTC-USDT @ 1786392540
[replaying  35%] replaying BTC-USDT @ 1786392720
[replaying  35%] replaying BTC-USDT @ 1786392900
[replaying  35%] replaying BTC-USDT @ 1786393080
[replaying  35%] replaying BTC-USDT @ 1786393260
[replaying  35%] replaying BTC-USDT @ 1786393440
[replaying  35%] replaying BTC-USDT @ 1786393620
[replaying  35%] replaying BTC-USDT @ 1786393800
[replaying  35%] replaying BTC-USDT @ 1786393980
[replaying  35%] replaying BTC-USDT @ 1786394160
[replaying  35%] replaying BTC-USDT @ 1786394340
[replaying  35%] replaying BTC-USDT @ 1786394520
[replaying  35%] replaying BTC-USDT @ 1786394700
[replaying  35%] replaying BTC-USDT @ 1786394880
[replaying  35%] replaying BTC-USDT @ 1786395060
[replaying  35%] replaying BTC-USDT @ 1786395240
[replaying  35%] replaying BTC-USDT @ 1786395420
[replaying  35%] replaying BTC-USDT @ 1786395600
[replaying  35%] replaying BTC-USDT @ 1786395780
[replaying  35%] replaying BTC-USDT @ 1786395960
[replaying  35%] replaying BTC-USDT @ 1786396140
[replaying  35%] replaying BTC-USDT @ 1786396320
[replaying  35%] replaying BTC-USDT @ 1786396500
[replaying  35%] replaying BTC-USDT @ 1786396680
[replaying  35%] replaying BTC-USDT @ 1786396860
[replaying  35%] replaying BTC-USDT @ 1786397040
[replaying  35%] replaying BTC-USDT @ 1786397220
[replaying  35%] replaying BTC-USDT @ 1786397400
[replaying  35%] replaying BTC-USDT @ 1786397580
[replaying  35%] replaying BTC-USDT @ 1786397760
[replaying  35%] replaying BTC-USDT @ 1786397940
[replaying  35%] replaying BTC-USDT @ 1786398120
[replaying  35%] replaying BTC-USDT @ 1786398300
[replaying  35%] replaying BTC-USDT @ 1786398480
[replaying  35%] replaying BTC-USDT @ 1786398660
[replaying  35%] replaying BTC-USDT @ 1786398840
[replaying  35%] replaying BTC-USDT @ 1786399020
[replaying  35%] replaying BTC-USDT @ 1786399200
[replaying  35%] replaying BTC-USDT @ 1786399380
[replaying  35%] replaying BTC-USDT @ 1786399560
[replaying  35%] replaying BTC-USDT @ 1786399740
[replaying  35%] replaying BTC-USDT @ 1786399920
[replaying  35%] replaying BTC-USDT @ 1786400100
[replaying  35%] replaying BTC-USDT @ 1786400280
[replaying  35%] replaying BTC-USDT @ 1786400460
[replaying  35%] replaying BTC-USDT @ 1786400640
[replaying  35%] replaying BTC-USDT @ 1786400820
[replaying  35%] replaying BTC-USDT @ 1786401000
[replaying  35%] replaying BTC-USDT @ 1786401180
[replaying  35%] replaying BTC-USDT @ 1786401360
[replaying  35%] replaying BTC-USDT @ 1786401540
[replaying  35%] replaying BTC-USDT @ 1786401720
[replaying  35%] replaying BTC-USDT @ 1786401900
[replaying  35%] replaying BTC-USDT @ 1786402080
[replaying  35%] replaying BTC-USDT @ 1786402260
[replaying  35%] replaying BTC-USDT @ 1786402440
[replaying  35%] replaying BTC-USDT @ 1786402620
[replaying  35%] replaying BTC-USDT @ 1786402800
[replaying  35%] replaying BTC-USDT @ 1786402980
[replaying  35%] replaying BTC-USDT @ 1786403160
[replaying  35%] replaying BTC-USDT @ 1786403340
[replaying  35%] replaying BTC-USDT @ 1786403520
[replaying  35%] replaying BTC-USDT @ 1786403700
[replaying  35%] replaying BTC-USDT @ 1786403880
[replaying  35%] replaying BTC-USDT @ 1786404060
[replaying  35%] replaying BTC-USDT @ 1786404240
[replaying  35%] replaying BTC-USDT @ 1786404420
[replaying  35%] replaying BTC-USDT @ 1786404600
[replaying  35%] replaying BTC-USDT @ 1786404780
[replaying  35%] replaying BTC-USDT @ 1786404960
[replaying  35%] replaying BTC-USDT @ 1786405140
[replaying  35%] replaying BTC-USDT @ 1786405320
[replaying  35%] replaying BTC-USDT @ 1786405500
[replaying  35%] replaying BTC-USDT @ 1786405680
[replaying  35%] replaying BTC-USDT @ 1786405860
[replaying  35%] replaying BTC-USDT @ 1786406040
[replaying  36%] replaying BTC-USDT @ 1786406220
[replaying  36%] replaying BTC-USDT @ 1786406400
[replaying  36%] replaying BTC-USDT @ 1786406580
[replaying  36%] replaying BTC-USDT @ 1786406760
[replaying  36%] replaying BTC-USDT @ 1786406940
[replaying  36%] replaying BTC-USDT @ 1786407120
[replaying  36%] replaying BTC-USDT @ 1786407300
[replaying  36%] replaying BTC-USDT @ 1786407480
[replaying  36%] replaying BTC-USDT @ 1786407660
[replaying  36%] replaying BTC-USDT @ 1786407840
[replaying  36%] replaying BTC-USDT @ 1786408020
[replaying  36%] replaying BTC-USDT @ 1786408200
[replaying  36%] replaying BTC-USDT @ 1786408380
[replaying  36%] replaying BTC-USDT @ 1786408560
[replaying  36%] replaying BTC-USDT @ 1786408740
[replaying  36%] replaying BTC-USDT @ 1786408920
[replaying  36%] replaying BTC-USDT @ 1786409100
[replaying  36%] replaying BTC-USDT @ 1786409280
[replaying  36%] replaying BTC-USDT @ 1786409460
[replaying  36%] replaying BTC-USDT @ 1786409640
[replaying  36%] replaying BTC-USDT @ 1786409820
[replaying  36%] replaying BTC-USDT @ 1786410000
[replaying  36%] replaying BTC-USDT @ 1786410180
[replaying  36%] replaying BTC-USDT @ 1786410360
[replaying  36%] replaying BTC-USDT @ 1786410540
[replaying  36%] replaying BTC-USDT @ 1786410720
[replaying  36%] replaying BTC-USDT @ 1786410900
[replaying  36%] replaying BTC-USDT @ 1786411080
[replaying  36%] replaying BTC-USDT @ 1786411260
[replaying  36%] replaying BTC-USDT @ 1786411440
[replaying  36%] replaying BTC-USDT @ 1786411620
[replaying  36%] replaying BTC-USDT @ 1786411800
[replaying  36%] replaying BTC-USDT @ 1786411980
[replaying  36%] replaying BTC-USDT @ 1786412160
[replaying  36%] replaying BTC-USDT @ 1786412340
[replaying  36%] replaying BTC-USDT @ 1786412520
[replaying  36%] replaying BTC-USDT @ 1786412700
[replaying  36%] replaying BTC-USDT @ 1786412880
[replaying  36%] replaying BTC-USDT @ 1786413060
[replaying  36%] replaying BTC-USDT @ 1786413240
[replaying  36%] replaying BTC-USDT @ 1786413420
[replaying  36%] replaying BTC-USDT @ 1786413600
[replaying  36%] replaying BTC-USDT @ 1786413780
[replaying  36%] replaying BTC-USDT @ 1786413960
[replaying  36%] replaying BTC-USDT @ 1786414140
[replaying  36%] replaying BTC-USDT @ 1786414320
[replaying  36%] replaying BTC-USDT @ 1786414500
[replaying  36%] replaying BTC-USDT @ 1786414680
[replaying  36%] replaying BTC-USDT @ 1786414860
[replaying  36%] replaying BTC-USDT @ 1786415040
[replaying  36%] replaying BTC-USDT @ 1786415220
[replaying  36%] replaying BTC-USDT @ 1786415400
[replaying  36%] replaying BTC-USDT @ 1786415580
[replaying  36%] replaying BTC-USDT @ 1786415760
[replaying  36%] replaying BTC-USDT @ 1786415940
[replaying  36%] replaying BTC-USDT @ 1786416120
[replaying  36%] replaying BTC-USDT @ 1786416300
[replaying  36%] replaying BTC-USDT @ 1786416480
[replaying  36%] replaying BTC-USDT @ 1786416660
[replaying  36%] replaying BTC-USDT @ 1786416840
[replaying  36%] replaying BTC-USDT @ 1786417020
[replaying  36%] replaying BTC-USDT @ 1786417200
[replaying  36%] replaying BTC-USDT @ 1786417380
[replaying  36%] replaying BTC-USDT @ 1786417560
[replaying  36%] replaying BTC-USDT @ 1786417740
[replaying  36%] replaying BTC-USDT @ 1786417920
[replaying  36%] replaying BTC-USDT @ 1786418100
[replaying  36%] replaying BTC-USDT @ 1786418280
[replaying  36%] replaying BTC-USDT @ 1786418460
[replaying  36%] replaying BTC-USDT @ 1786418640
[replaying  36%] replaying BTC-USDT @ 1786418820
[replaying  36%] replaying BTC-USDT @ 1786419000
[replaying  36%] replaying BTC-USDT @ 1786419180
[replaying  36%] replaying BTC-USDT @ 1786419360
[replaying  36%] replaying BTC-USDT @ 1786419540
[replaying  36%] replaying BTC-USDT @ 1786419720
[replaying  36%] replaying BTC-USDT @ 1786419900
[replaying  36%] replaying BTC-USDT @ 1786420080
[replaying  36%] replaying BTC-USDT @ 1786420260
[replaying  36%] replaying BTC-USDT @ 1786420440
[replaying  36%] replaying BTC-USDT @ 1786420620
[replaying  36%] replaying BTC-USDT @ 1786420800
[replaying  37%] replaying BTC-USDT @ 1786420980
[replaying  37%] replaying BTC-USDT @ 1786421160
[replaying  37%] replaying BTC-USDT @ 1786421340
[replaying  37%] replaying BTC-USDT @ 1786421520
[replaying  37%] replaying BTC-USDT @ 1786421700
[replaying  37%] replaying BTC-USDT @ 1786421880
[replaying  37%] replaying BTC-USDT @ 1786422060
[replaying  37%] replaying BTC-USDT @ 1786422240
[replaying  37%] replaying BTC-USDT @ 1786422420
[replaying  37%] replaying BTC-USDT @ 1786422600
[replaying  37%] replaying BTC-USDT @ 1786422780
[replaying  37%] replaying BTC-USDT @ 1786422960
[replaying  37%] replaying BTC-USDT @ 1786423140
[replaying  37%] replaying BTC-USDT @ 1786423320
[replaying  37%] replaying BTC-USDT @ 1786423500
[replaying  37%] replaying BTC-USDT @ 1786423680
[replaying  37%] replaying BTC-USDT @ 1786423860
[replaying  37%] replaying BTC-USDT @ 1786424040
[replaying  37%] replaying BTC-USDT @ 1786424220
[replaying  37%] replaying BTC-USDT @ 1786424400
[replaying  37%] replaying BTC-USDT @ 1786424580
[replaying  37%] replaying BTC-USDT @ 1786424760
[replaying  37%] replaying BTC-USDT @ 1786424940
[replaying  37%] replaying BTC-USDT @ 1786425120
[replaying  37%] replaying BTC-USDT @ 1786425300
[replaying  37%] replaying BTC-USDT @ 1786425480
[replaying  37%] replaying BTC-USDT @ 1786425660
[replaying  37%] replaying BTC-USDT @ 1786425840
[replaying  37%] replaying BTC-USDT @ 1786426020
[replaying  37%] replaying BTC-USDT @ 1786426200
[replaying  37%] replaying BTC-USDT @ 1786426380
[replaying  37%] replaying BTC-USDT @ 1786426560
[replaying  37%] replaying BTC-USDT @ 1786426740
[replaying  37%] replaying BTC-USDT @ 1786426920
[replaying  37%] replaying BTC-USDT @ 1786427100
[replaying  37%] replaying BTC-USDT @ 1786427280
[replaying  37%] replaying BTC-USDT @ 1786427460
[replaying  37%] replaying BTC-USDT @ 1786427640
[replaying  37%] replaying BTC-USDT @ 1786427820
[replaying  37%] replaying BTC-USDT @ 1786428000
[replaying  37%] replaying BTC-USDT @ 1786428180
[replaying  37%] replaying BTC-USDT @ 1786428360
[replaying  37%] replaying BTC-USDT @ 1786428540
[replaying  37%] replaying BTC-USDT @ 1786428720
[replaying  37%] replaying BTC-USDT @ 1786428900
[replaying  37%] replaying BTC-USDT @ 1786429080
[replaying  37%] replaying BTC-USDT @ 1786429260
[replaying  37%] replaying BTC-USDT @ 1786429440
[replaying  37%] replaying BTC-USDT @ 1786429620
[replaying  37%] replaying BTC-USDT @ 1786429800
[replaying  37%] replaying BTC-USDT @ 1786429980
[replaying  37%] replaying BTC-USDT @ 1786430160
[replaying  37%] replaying BTC-USDT @ 1786430340
[replaying  37%] replaying BTC-USDT @ 1786430520
[replaying  37%] replaying BTC-USDT @ 1786430700
[replaying  37%] replaying BTC-USDT @ 1786430880
[replaying  37%] replaying BTC-USDT @ 1786431060
[replaying  37%] replaying BTC-USDT @ 1786431240
[replaying  37%] replaying BTC-USDT @ 1786431420
[replaying  37%] replaying BTC-USDT @ 1786431600
[replaying  37%] replaying BTC-USDT @ 1786431780
[replaying  37%] replaying BTC-USDT @ 1786431960
[replaying  37%] replaying BTC-USDT @ 1786432140
[replaying  37%] replaying BTC-USDT @ 1786432320
[replaying  37%] replaying BTC-USDT @ 1786432500
[replaying  37%] replaying BTC-USDT @ 1786432680
[replaying  37%] replaying BTC-USDT @ 1786432860
[replaying  37%] replaying BTC-USDT @ 1786433040
[replaying  37%] replaying BTC-USDT @ 1786433220
[replaying  37%] replaying BTC-USDT @ 1786433400
[replaying  37%] replaying BTC-USDT @ 1786433580
[replaying  37%] replaying BTC-USDT @ 1786433760
[replaying  37%] replaying BTC-USDT @ 1786433940
[replaying  37%] replaying BTC-USDT @ 1786434120
[replaying  37%] replaying BTC-USDT @ 1786434300
[replaying  37%] replaying BTC-USDT @ 1786434480
[replaying  37%] replaying BTC-USDT @ 1786434660
[replaying  37%] replaying BTC-USDT @ 1786434840
[replaying  37%] replaying BTC-USDT @ 1786435020
[replaying  37%] replaying BTC-USDT @ 1786435200
[replaying  37%] replaying BTC-USDT @ 1786435380
[replaying  37%] replaying BTC-USDT @ 1786435560
[replaying  37%] replaying BTC-USDT @ 1786435740
[replaying  38%] replaying BTC-USDT @ 1786435920
[replaying  38%] replaying BTC-USDT @ 1786436100
[replaying  38%] replaying BTC-USDT @ 1786436280
[replaying  38%] replaying BTC-USDT @ 1786436460
[replaying  38%] replaying BTC-USDT @ 1786436640
[replaying  38%] replaying BTC-USDT @ 1786436820
[replaying  38%] replaying BTC-USDT @ 1786437000
[replaying  38%] replaying BTC-USDT @ 1786437180
[replaying  38%] replaying BTC-USDT @ 1786437360
[replaying  38%] replaying BTC-USDT @ 1786437540
[replaying  38%] replaying BTC-USDT @ 1786437720
[replaying  38%] replaying BTC-USDT @ 1786437900
[replaying  38%] replaying BTC-USDT @ 1786438080
[replaying  38%] replaying BTC-USDT @ 1786438260
[replaying  38%] replaying BTC-USDT @ 1786438440
[replaying  38%] replaying BTC-USDT @ 1786438620
[replaying  38%] replaying BTC-USDT @ 1786438800
[replaying  38%] replaying BTC-USDT @ 1786438980
[replaying  38%] replaying BTC-USDT @ 1786439160
[replaying  38%] replaying BTC-USDT @ 1786439340
[replaying  38%] replaying BTC-USDT @ 1786439520
[replaying  38%] replaying BTC-USDT @ 1786439700
[replaying  38%] replaying BTC-USDT @ 1786439880
[replaying  38%] replaying BTC-USDT @ 1786440060
[replaying  38%] replaying BTC-USDT @ 1786440240
[replaying  38%] replaying BTC-USDT @ 1786440420
[replaying  38%] replaying BTC-USDT @ 1786440600
[replaying  38%] replaying BTC-USDT @ 1786440780
[replaying  38%] replaying BTC-USDT @ 1786440960
[replaying  38%] replaying BTC-USDT @ 1786441140
[replaying  38%] replaying BTC-USDT @ 1786441320
[replaying  38%] replaying BTC-USDT @ 1786441500
[replaying  38%] replaying BTC-USDT @ 1786441680
[replaying  38%] replaying BTC-USDT @ 1786441860
[replaying  38%] replaying BTC-USDT @ 1786442040
[replaying  38%] replaying BTC-USDT @ 1786442220
[replaying  38%] replaying BTC-USDT @ 1786442400
[replaying  38%] replaying BTC-USDT @ 1786442580
[replaying  38%] replaying BTC-USDT @ 1786442760
[replaying  38%] replaying BTC-USDT @ 1786442940
[replaying  38%] replaying BTC-USDT @ 1786443120
[replaying  38%] replaying BTC-USDT @ 1786443300
[replaying  38%] replaying BTC-USDT @ 1786443480
[replaying  38%] replaying BTC-USDT @ 1786443660
[replaying  38%] replaying BTC-USDT @ 1786443840
[replaying  38%] replaying BTC-USDT @ 1786444020
[replaying  38%] replaying BTC-USDT @ 1786444200
[replaying  38%] replaying BTC-USDT @ 1786444380
[replaying  38%] replaying BTC-USDT @ 1786444560
[replaying  38%] replaying BTC-USDT @ 1786444740
[replaying  38%] replaying BTC-USDT @ 1786444920
[replaying  38%] replaying BTC-USDT @ 1786445100
[replaying  38%] replaying BTC-USDT @ 1786445280
[replaying  38%] replaying BTC-USDT @ 1786445460
[replaying  38%] replaying BTC-USDT @ 1786445640
[replaying  38%] replaying BTC-USDT @ 1786445820
[replaying  38%] replaying BTC-USDT @ 1786446000
[replaying  38%] replaying BTC-USDT @ 1786446180
[replaying  38%] replaying BTC-USDT @ 1786446360
[replaying  38%] replaying BTC-USDT @ 1786446540
[replaying  38%] replaying BTC-USDT @ 1786446720
[replaying  38%] replaying BTC-USDT @ 1786446900
[replaying  38%] replaying BTC-USDT @ 1786447080
[replaying  38%] replaying BTC-USDT @ 1786447260
[replaying  38%] replaying BTC-USDT @ 1786447440
[replaying  38%] replaying BTC-USDT @ 1786447620
[replaying  38%] replaying BTC-USDT @ 1786447800
[replaying  38%] replaying BTC-USDT @ 1786447980
[replaying  38%] replaying BTC-USDT @ 1786448160
[replaying  38%] replaying BTC-USDT @ 1786448340
[replaying  38%] replaying BTC-USDT @ 1786448520
[replaying  38%] replaying BTC-USDT @ 1786448700
[replaying  38%] replaying BTC-USDT @ 1786448880
[replaying  38%] replaying BTC-USDT @ 1786449060
[replaying  38%] replaying BTC-USDT @ 1786449240
[replaying  38%] replaying BTC-USDT @ 1786449420
[replaying  38%] replaying BTC-USDT @ 1786449600
[replaying  38%] replaying BTC-USDT @ 1786449780
[replaying  38%] replaying BTC-USDT @ 1786449960
[replaying  38%] replaying BTC-USDT @ 1786450140
[replaying  38%] replaying BTC-USDT @ 1786450320
[replaying  38%] replaying BTC-USDT @ 1786450500
[replaying  38%] replaying BTC-USDT @ 1786450680
[replaying  39%] replaying BTC-USDT @ 1786450860
[replaying  39%] replaying BTC-USDT @ 1786451040
[replaying  39%] replaying BTC-USDT @ 1786451220
[replaying  39%] replaying BTC-USDT @ 1786451400
[replaying  39%] replaying BTC-USDT @ 1786451580
[replaying  39%] replaying BTC-USDT @ 1786451760
[replaying  39%] replaying BTC-USDT @ 1786451940
[replaying  39%] replaying BTC-USDT @ 1786452120
[replaying  39%] replaying BTC-USDT @ 1786452300
[replaying  39%] replaying BTC-USDT @ 1786452480
[replaying  39%] replaying BTC-USDT @ 1786452660
[replaying  39%] replaying BTC-USDT @ 1786452840
[replaying  39%] replaying BTC-USDT @ 1786453020
[replaying  39%] replaying BTC-USDT @ 1786453200
[replaying  39%] replaying BTC-USDT @ 1786453380
[replaying  39%] replaying BTC-USDT @ 1786453560
[replaying  39%] replaying BTC-USDT @ 1786453740
[replaying  39%] replaying BTC-USDT @ 1786453920
[replaying  39%] replaying BTC-USDT @ 1786454100
[replaying  39%] replaying BTC-USDT @ 1786454280
[replaying  39%] replaying BTC-USDT @ 1786454460
[replaying  39%] replaying BTC-USDT @ 1786454640
[replaying  39%] replaying BTC-USDT @ 1786454820
[replaying  39%] replaying BTC-USDT @ 1786455000
[replaying  39%] replaying BTC-USDT @ 1786455180
[replaying  39%] replaying BTC-USDT @ 1786455360
[replaying  39%] replaying BTC-USDT @ 1786455540
[replaying  39%] replaying BTC-USDT @ 1786455720
[replaying  39%] replaying BTC-USDT @ 1786455900
[replaying  39%] replaying BTC-USDT @ 1786456080
[replaying  39%] replaying BTC-USDT @ 1786456260
[replaying  39%] replaying BTC-USDT @ 1786456440
[replaying  39%] replaying BTC-USDT @ 1786456620
[replaying  39%] replaying BTC-USDT @ 1786456800
[replaying  39%] replaying BTC-USDT @ 1786456980
[replaying  39%] replaying BTC-USDT @ 1786457160
[replaying  39%] replaying BTC-USDT @ 1786457340
[replaying  39%] replaying BTC-USDT @ 1786457520
[replaying  39%] replaying BTC-USDT @ 1786457700
[replaying  39%] replaying BTC-USDT @ 1786457880
[replaying  39%] replaying BTC-USDT @ 1786458060
[replaying  39%] replaying BTC-USDT @ 1786458240
[replaying  39%] replaying BTC-USDT @ 1786458420
[replaying  39%] replaying BTC-USDT @ 1786458600
[replaying  39%] replaying BTC-USDT @ 1786458780
[replaying  39%] replaying BTC-USDT @ 1786458960
[replaying  39%] replaying BTC-USDT @ 1786459140
[replaying  39%] replaying BTC-USDT @ 1786459320
[replaying  39%] replaying BTC-USDT @ 1786459500
[replaying  39%] replaying BTC-USDT @ 1786459680
[replaying  39%] replaying BTC-USDT @ 1786459860
[replaying  39%] replaying BTC-USDT @ 1786460040
[replaying  39%] replaying BTC-USDT @ 1786460220
[replaying  39%] replaying BTC-USDT @ 1786460400
[replaying  39%] replaying BTC-USDT @ 1786460580
[replaying  39%] replaying BTC-USDT @ 1786460760
[replaying  39%] replaying BTC-USDT @ 1786460940
[replaying  39%] replaying BTC-USDT @ 1786461120
[replaying  39%] replaying BTC-USDT @ 1786461300
[replaying  39%] replaying BTC-USDT @ 1786461480
[replaying  39%] replaying BTC-USDT @ 1786461660
[replaying  39%] replaying BTC-USDT @ 1786461840
[replaying  39%] replaying BTC-USDT @ 1786462020
[replaying  39%] replaying BTC-USDT @ 1786462200
[replaying  39%] replaying BTC-USDT @ 1786462380
[replaying  39%] replaying BTC-USDT @ 1786462560
[replaying  39%] replaying BTC-USDT @ 1786462740
[replaying  39%] replaying BTC-USDT @ 1786462920
[replaying  39%] replaying BTC-USDT @ 1786463100
[replaying  39%] replaying BTC-USDT @ 1786463280
[replaying  39%] replaying BTC-USDT @ 1786463460
[replaying  39%] replaying BTC-USDT @ 1786463640
[replaying  39%] replaying BTC-USDT @ 1786463820
[replaying  39%] replaying BTC-USDT @ 1786464000
[replaying  39%] replaying BTC-USDT @ 1786464180
[replaying  39%] replaying BTC-USDT @ 1786464360
[replaying  39%] replaying BTC-USDT @ 1786464540
[replaying  39%] replaying BTC-USDT @ 1786464720
[replaying  39%] replaying BTC-USDT @ 1786464900
[replaying  39%] replaying BTC-USDT @ 1786465080
[replaying  39%] replaying BTC-USDT @ 1786465260
[replaying  39%] replaying BTC-USDT @ 1786465440
[replaying  40%] replaying BTC-USDT @ 1786465620
[replaying  40%] replaying BTC-USDT @ 1786465800
[replaying  40%] replaying BTC-USDT @ 1786465980
[replaying  40%] replaying BTC-USDT @ 1786466160
[replaying  40%] replaying BTC-USDT @ 1786466340
[replaying  40%] replaying BTC-USDT @ 1786466520
[replaying  40%] replaying BTC-USDT @ 1786466700
[replaying  40%] replaying BTC-USDT @ 1786466880
[replaying  40%] replaying BTC-USDT @ 1786467060
[replaying  40%] replaying BTC-USDT @ 1786467240
[replaying  40%] replaying BTC-USDT @ 1786467420
[replaying  40%] replaying BTC-USDT @ 1786467600
[replaying  40%] replaying BTC-USDT @ 1786467780
[replaying  40%] replaying BTC-USDT @ 1786467960
[replaying  40%] replaying BTC-USDT @ 1786468140
[replaying  40%] replaying BTC-USDT @ 1786468320
[replaying  40%] replaying BTC-USDT @ 1786468500
[replaying  40%] replaying BTC-USDT @ 1786468680
[replaying  40%] replaying BTC-USDT @ 1786468860
[replaying  40%] replaying BTC-USDT @ 1786469040
[replaying  40%] replaying BTC-USDT @ 1786469220
[replaying  40%] replaying BTC-USDT @ 1786469400
[replaying  40%] replaying BTC-USDT @ 1786469580
[replaying  40%] replaying BTC-USDT @ 1786469760
[replaying  40%] replaying BTC-USDT @ 1786469940
[replaying  40%] replaying BTC-USDT @ 1786470120
[replaying  40%] replaying BTC-USDT @ 1786470300
[replaying  40%] replaying BTC-USDT @ 1786470480
[replaying  40%] replaying BTC-USDT @ 1786470660
[replaying  40%] replaying BTC-USDT @ 1786470840
[replaying  40%] replaying BTC-USDT @ 1786471020
[replaying  40%] replaying BTC-USDT @ 1786471200
[replaying  40%] replaying BTC-USDT @ 1786471380
[replaying  40%] replaying BTC-USDT @ 1786471560
[replaying  40%] replaying BTC-USDT @ 1786471740
[replaying  40%] replaying BTC-USDT @ 1786471920
[replaying  40%] replaying BTC-USDT @ 1786472100
[replaying  40%] replaying BTC-USDT @ 1786472280
[replaying  40%] replaying BTC-USDT @ 1786472460
[replaying  40%] replaying BTC-USDT @ 1786472640
[replaying  40%] replaying BTC-USDT @ 1786472820
[replaying  40%] replaying BTC-USDT @ 1786473000
[replaying  40%] replaying BTC-USDT @ 1786473180
[replaying  40%] replaying BTC-USDT @ 1786473360
[replaying  40%] replaying BTC-USDT @ 1786473540
[replaying  40%] replaying BTC-USDT @ 1786473720
[replaying  40%] replaying BTC-USDT @ 1786473900
[replaying  40%] replaying BTC-USDT @ 1786474080
[replaying  40%] replaying BTC-USDT @ 1786474260
[replaying  40%] replaying BTC-USDT @ 1786474440
[replaying  40%] replaying BTC-USDT @ 1786474620
[replaying  40%] replaying BTC-USDT @ 1786474800
[replaying  40%] replaying BTC-USDT @ 1786474980
[replaying  40%] replaying BTC-USDT @ 1786475160
[replaying  40%] replaying BTC-USDT @ 1786475340
[replaying  40%] replaying BTC-USDT @ 1786475520
[replaying  40%] replaying BTC-USDT @ 1786475700
[replaying  40%] replaying BTC-USDT @ 1786475880
[replaying  40%] replaying BTC-USDT @ 1786476060
[replaying  40%] replaying BTC-USDT @ 1786476240
[replaying  40%] replaying BTC-USDT @ 1786476420
[replaying  40%] replaying BTC-USDT @ 1786476600
[replaying  40%] replaying BTC-USDT @ 1786476780
[replaying  40%] replaying BTC-USDT @ 1786476960
[replaying  40%] replaying BTC-USDT @ 1786477140
[replaying  40%] replaying BTC-USDT @ 1786477320
[replaying  40%] replaying BTC-USDT @ 1786477500
[replaying  40%] replaying BTC-USDT @ 1786477680
[replaying  40%] replaying BTC-USDT @ 1786477860
[replaying  40%] replaying BTC-USDT @ 1786478040
[replaying  40%] replaying BTC-USDT @ 1786478220
[replaying  40%] replaying BTC-USDT @ 1786478400
[replaying  40%] replaying BTC-USDT @ 1786478580
[replaying  40%] replaying BTC-USDT @ 1786478760
[replaying  40%] replaying BTC-USDT @ 1786478940
[replaying  40%] replaying BTC-USDT @ 1786479120
[replaying  40%] replaying BTC-USDT @ 1786479300
[replaying  40%] replaying BTC-USDT @ 1786479480
[replaying  40%] replaying BTC-USDT @ 1786479660
[replaying  40%] replaying BTC-USDT @ 1786479840
[replaying  40%] replaying BTC-USDT @ 1786480020
[replaying  40%] replaying BTC-USDT @ 1786480200
[replaying  40%] replaying BTC-USDT @ 1786480380
[replaying  41%] replaying BTC-USDT @ 1786480560
[replaying  41%] replaying BTC-USDT @ 1786480740
[replaying  41%] replaying BTC-USDT @ 1786480920
[replaying  41%] replaying BTC-USDT @ 1786481100
[replaying  41%] replaying BTC-USDT @ 1786481280
[replaying  41%] replaying BTC-USDT @ 1786481460
[replaying  41%] replaying BTC-USDT @ 1786481640
[replaying  41%] replaying BTC-USDT @ 1786481820
[replaying  41%] replaying BTC-USDT @ 1786482000
[replaying  41%] replaying BTC-USDT @ 1786482180
[replaying  41%] replaying BTC-USDT @ 1786482360
[replaying  41%] replaying BTC-USDT @ 1786482540
[replaying  41%] replaying BTC-USDT @ 1786482720
[replaying  41%] replaying BTC-USDT @ 1786482900
[replaying  41%] replaying BTC-USDT @ 1786483080
[replaying  41%] replaying BTC-USDT @ 1786483260
[replaying  41%] replaying BTC-USDT @ 1786483440
[replaying  41%] replaying BTC-USDT @ 1786483620
[replaying  41%] replaying BTC-USDT @ 1786483800
[replaying  41%] replaying BTC-USDT @ 1786483980
[replaying  41%] replaying BTC-USDT @ 1786484160
[replaying  41%] replaying BTC-USDT @ 1786484340
[replaying  41%] replaying BTC-USDT @ 1786484520
[replaying  41%] replaying BTC-USDT @ 1786484700
[replaying  41%] replaying BTC-USDT @ 1786484880
[replaying  41%] replaying BTC-USDT @ 1786485060
[replaying  41%] replaying BTC-USDT @ 1786485240
[replaying  41%] replaying BTC-USDT @ 1786485420
[replaying  41%] replaying BTC-USDT @ 1786485600
[replaying  41%] replaying BTC-USDT @ 1786485780
[replaying  41%] replaying BTC-USDT @ 1786485960
[replaying  41%] replaying BTC-USDT @ 1786486140
[replaying  41%] replaying BTC-USDT @ 1786486320
[replaying  41%] replaying BTC-USDT @ 1786486500
[replaying  41%] replaying BTC-USDT @ 1786486680
[replaying  41%] replaying BTC-USDT @ 1786486860
[replaying  41%] replaying BTC-USDT @ 1786487040
[replaying  41%] replaying BTC-USDT @ 1786487220
[replaying  41%] replaying BTC-USDT @ 1786487400
[replaying  41%] replaying BTC-USDT @ 1786487580
[replaying  41%] replaying BTC-USDT @ 1786487760
[replaying  41%] replaying BTC-USDT @ 1786487940
[replaying  41%] replaying BTC-USDT @ 1786488120
[replaying  41%] replaying BTC-USDT @ 1786488300
[replaying  41%] replaying BTC-USDT @ 1786488480
[replaying  41%] replaying BTC-USDT @ 1786488660
[replaying  41%] replaying BTC-USDT @ 1786488840
[replaying  41%] replaying BTC-USDT @ 1786489020
[replaying  41%] replaying BTC-USDT @ 1786489200
[replaying  41%] replaying BTC-USDT @ 1786489380
[replaying  41%] replaying BTC-USDT @ 1786489560
[replaying  41%] replaying BTC-USDT @ 1786489740
[replaying  41%] replaying BTC-USDT @ 1786489920
[replaying  41%] replaying BTC-USDT @ 1786490100
[replaying  41%] replaying BTC-USDT @ 1786490280
[replaying  41%] replaying BTC-USDT @ 1786490460
[replaying  41%] replaying BTC-USDT @ 1786490640
[replaying  41%] replaying BTC-USDT @ 1786490820
[replaying  41%] replaying BTC-USDT @ 1786491000
[replaying  41%] replaying BTC-USDT @ 1786491180
[replaying  41%] replaying BTC-USDT @ 1786491360
[replaying  41%] replaying BTC-USDT @ 1786491540
[replaying  41%] replaying BTC-USDT @ 1786491720
[replaying  41%] replaying BTC-USDT @ 1786491900
[replaying  41%] replaying BTC-USDT @ 1786492080
[replaying  41%] replaying BTC-USDT @ 1786492260
[replaying  41%] replaying BTC-USDT @ 1786492440
[replaying  41%] replaying BTC-USDT @ 1786492620
[replaying  41%] replaying BTC-USDT @ 1786492800
[replaying  41%] replaying BTC-USDT @ 1786492980
[replaying  41%] replaying BTC-USDT @ 1786493160
[replaying  41%] replaying BTC-USDT @ 1786493340
[replaying  41%] replaying BTC-USDT @ 1786493520
[replaying  41%] replaying BTC-USDT @ 1786493700
[replaying  41%] replaying BTC-USDT @ 1786493880
[replaying  41%] replaying BTC-USDT @ 1786494060
[replaying  41%] replaying BTC-USDT @ 1786494240
[replaying  41%] replaying BTC-USDT @ 1786494420
[replaying  41%] replaying BTC-USDT @ 1786494600
[replaying  41%] replaying BTC-USDT @ 1786494780
[replaying  41%] replaying BTC-USDT @ 1786494960
[replaying  41%] replaying BTC-USDT @ 1786495140
[replaying  41%] replaying BTC-USDT @ 1786495320
[replaying  42%] replaying BTC-USDT @ 1786495500
[replaying  42%] replaying BTC-USDT @ 1786495680
[replaying  42%] replaying BTC-USDT @ 1786495860
[replaying  42%] replaying BTC-USDT @ 1786496040
[replaying  42%] replaying BTC-USDT @ 1786496220
[replaying  42%] replaying BTC-USDT @ 1786496400
[replaying  42%] replaying BTC-USDT @ 1786496580
[replaying  42%] replaying BTC-USDT @ 1786496760
[replaying  42%] replaying BTC-USDT @ 1786496940
[replaying  42%] replaying BTC-USDT @ 1786497120
[replaying  42%] replaying BTC-USDT @ 1786497300
[replaying  42%] replaying BTC-USDT @ 1786497480
[replaying  42%] replaying BTC-USDT @ 1786497660
[replaying  42%] replaying BTC-USDT @ 1786497840
[replaying  42%] replaying BTC-USDT @ 1786498020
[replaying  42%] replaying BTC-USDT @ 1786498200
[replaying  42%] replaying BTC-USDT @ 1786498380
[replaying  42%] replaying BTC-USDT @ 1786498560
[replaying  42%] replaying BTC-USDT @ 1786498740
[replaying  42%] replaying BTC-USDT @ 1786498920
[replaying  42%] replaying BTC-USDT @ 1786499100
[replaying  42%] replaying BTC-USDT @ 1786499280
[replaying  42%] replaying BTC-USDT @ 1786499460
[replaying  42%] replaying BTC-USDT @ 1786499640
[replaying  42%] replaying BTC-USDT @ 1786499820
[replaying  42%] replaying BTC-USDT @ 1786500000
[replaying  42%] replaying BTC-USDT @ 1786500180
[replaying  42%] replaying BTC-USDT @ 1786500360
[replaying  42%] replaying BTC-USDT @ 1786500540
[replaying  42%] replaying BTC-USDT @ 1786500720
[replaying  42%] replaying BTC-USDT @ 1786500900
[replaying  42%] replaying BTC-USDT @ 1786501080
[replaying  42%] replaying BTC-USDT @ 1786501260
[replaying  42%] replaying BTC-USDT @ 1786501440
[replaying  42%] replaying BTC-USDT @ 1786501620
[replaying  42%] replaying BTC-USDT @ 1786501800
[replaying  42%] replaying BTC-USDT @ 1786501980
[replaying  42%] replaying BTC-USDT @ 1786502160
[replaying  42%] replaying BTC-USDT @ 1786502340
[replaying  42%] replaying BTC-USDT @ 1786502520
[replaying  42%] replaying BTC-USDT @ 1786502700
[replaying  42%] replaying BTC-USDT @ 1786502880
[replaying  42%] replaying BTC-USDT @ 1786503060
[replaying  42%] replaying BTC-USDT @ 1786503240
[replaying  42%] replaying BTC-USDT @ 1786503420
[replaying  42%] replaying BTC-USDT @ 1786503600
[replaying  42%] replaying BTC-USDT @ 1786503780
[replaying  42%] replaying BTC-USDT @ 1786503960
[replaying  42%] replaying BTC-USDT @ 1786504140
[replaying  42%] replaying BTC-USDT @ 1786504320
[replaying  42%] replaying BTC-USDT @ 1786504500
[replaying  42%] replaying BTC-USDT @ 1786504680
[replaying  42%] replaying BTC-USDT @ 1786504860
[replaying  42%] replaying BTC-USDT @ 1786505040
[replaying  42%] replaying BTC-USDT @ 1786505220
[replaying  42%] replaying BTC-USDT @ 1786505400
[replaying  42%] replaying BTC-USDT @ 1786505580
[replaying  42%] replaying BTC-USDT @ 1786505760
[replaying  42%] replaying BTC-USDT @ 1786505940
[replaying  42%] replaying BTC-USDT @ 1786506120
[replaying  42%] replaying BTC-USDT @ 1786506300
[replaying  42%] replaying BTC-USDT @ 1786506480
[replaying  42%] replaying BTC-USDT @ 1786506660
[replaying  42%] replaying BTC-USDT @ 1786506840
[replaying  42%] replaying BTC-USDT @ 1786507020
[replaying  42%] replaying BTC-USDT @ 1786507200
[replaying  42%] replaying BTC-USDT @ 1786507380
[replaying  42%] replaying BTC-USDT @ 1786507560
[replaying  42%] replaying BTC-USDT @ 1786507740
[replaying  42%] replaying BTC-USDT @ 1786507920
[replaying  42%] replaying BTC-USDT @ 1786508100
[replaying  42%] replaying BTC-USDT @ 1786508280
[replaying  42%] replaying BTC-USDT @ 1786508460
[replaying  42%] replaying BTC-USDT @ 1786508640
[replaying  42%] replaying BTC-USDT @ 1786508820
[replaying  42%] replaying BTC-USDT @ 1786509000
[replaying  42%] replaying BTC-USDT @ 1786509180
[replaying  42%] replaying BTC-USDT @ 1786509360
[replaying  42%] replaying BTC-USDT @ 1786509540
[replaying  42%] replaying BTC-USDT @ 1786509720
[replaying  42%] replaying BTC-USDT @ 1786509900
[replaying  42%] replaying BTC-USDT @ 1786510080
[replaying  43%] replaying BTC-USDT @ 1786510260
[replaying  43%] replaying BTC-USDT @ 1786510440
[replaying  43%] replaying BTC-USDT @ 1786510620
[replaying  43%] replaying BTC-USDT @ 1786510800
[replaying  43%] replaying BTC-USDT @ 1786510980
[replaying  43%] replaying BTC-USDT @ 1786511160
[replaying  43%] replaying BTC-USDT @ 1786511340
[replaying  43%] replaying BTC-USDT @ 1786511520
[replaying  43%] replaying BTC-USDT @ 1786511700
[replaying  43%] replaying BTC-USDT @ 1786511880
[replaying  43%] replaying BTC-USDT @ 1786512060
[replaying  43%] replaying BTC-USDT @ 1786512240
[replaying  43%] replaying BTC-USDT @ 1786512420
[replaying  43%] replaying BTC-USDT @ 1786512600
[replaying  43%] replaying BTC-USDT @ 1786512780
[replaying  43%] replaying BTC-USDT @ 1786512960
[replaying  43%] replaying BTC-USDT @ 1786513140
[replaying  43%] replaying BTC-USDT @ 1786513320
[replaying  43%] replaying BTC-USDT @ 1786513500
[replaying  43%] replaying BTC-USDT @ 1786513680
[replaying  43%] replaying BTC-USDT @ 1786513860
[replaying  43%] replaying BTC-USDT @ 1786514040
[replaying  43%] replaying BTC-USDT @ 1786514220
[replaying  43%] replaying BTC-USDT @ 1786514400
[replaying  43%] replaying BTC-USDT @ 1786514580
[replaying  43%] replaying BTC-USDT @ 1786514760
[replaying  43%] replaying BTC-USDT @ 1786514940
[replaying  43%] replaying BTC-USDT @ 1786515120
[replaying  43%] replaying BTC-USDT @ 1786515300
[replaying  43%] replaying BTC-USDT @ 1786515480
[replaying  43%] replaying BTC-USDT @ 1786515660
[replaying  43%] replaying BTC-USDT @ 1786515840
[replaying  43%] replaying BTC-USDT @ 1786516020
[replaying  43%] replaying BTC-USDT @ 1786516200
[replaying  43%] replaying BTC-USDT @ 1786516380
[replaying  43%] replaying BTC-USDT @ 1786516560
[replaying  43%] replaying BTC-USDT @ 1786516740
[replaying  43%] replaying BTC-USDT @ 1786516920
[replaying  43%] replaying BTC-USDT @ 1786517100
[replaying  43%] replaying BTC-USDT @ 1786517280
[replaying  43%] replaying BTC-USDT @ 1786517460
[replaying  43%] replaying BTC-USDT @ 1786517640
[replaying  43%] replaying BTC-USDT @ 1786517820
[replaying  43%] replaying BTC-USDT @ 1786518000
[replaying  43%] replaying BTC-USDT @ 1786518180
[replaying  43%] replaying BTC-USDT @ 1786518360
[replaying  43%] replaying BTC-USDT @ 1786518540
[replaying  43%] replaying BTC-USDT @ 1786518720
[replaying  43%] replaying BTC-USDT @ 1786518900
[replaying  43%] replaying BTC-USDT @ 1786519080
[replaying  43%] replaying BTC-USDT @ 1786519260
[replaying  43%] replaying BTC-USDT @ 1786519440
[replaying  43%] replaying BTC-USDT @ 1786519620
[replaying  43%] replaying BTC-USDT @ 1786519800
[replaying  43%] replaying BTC-USDT @ 1786519980
[replaying  43%] replaying BTC-USDT @ 1786520160
[replaying  43%] replaying BTC-USDT @ 1786520340
[replaying  43%] replaying BTC-USDT @ 1786520520
[replaying  43%] replaying BTC-USDT @ 1786520700
[replaying  43%] replaying BTC-USDT @ 1786520880
[replaying  43%] replaying BTC-USDT @ 1786521060
[replaying  43%] replaying BTC-USDT @ 1786521240
[replaying  43%] replaying BTC-USDT @ 1786521420
[replaying  43%] replaying BTC-USDT @ 1786521600
[replaying  43%] replaying BTC-USDT @ 1786521780
[replaying  43%] replaying BTC-USDT @ 1786521960
[replaying  43%] replaying BTC-USDT @ 1786522140
[replaying  43%] replaying BTC-USDT @ 1786522320
[replaying  43%] replaying BTC-USDT @ 1786522500
[replaying  43%] replaying BTC-USDT @ 1786522680
[replaying  43%] replaying BTC-USDT @ 1786522860
[replaying  43%] replaying BTC-USDT @ 1786523040
[replaying  43%] replaying BTC-USDT @ 1786523220
[replaying  43%] replaying BTC-USDT @ 1786523400
[replaying  43%] replaying BTC-USDT @ 1786523580
[replaying  43%] replaying BTC-USDT @ 1786523760
[replaying  43%] replaying BTC-USDT @ 1786523940
[replaying  43%] replaying BTC-USDT @ 1786524120
[replaying  43%] replaying BTC-USDT @ 1786524300
[replaying  43%] replaying BTC-USDT @ 1786524480
[replaying  43%] replaying BTC-USDT @ 1786524660
[replaying  43%] replaying BTC-USDT @ 1786524840
[replaying  43%] replaying BTC-USDT @ 1786525020
[replaying  44%] replaying BTC-USDT @ 1786525200
[replaying  44%] replaying BTC-USDT @ 1786525380
[replaying  44%] replaying BTC-USDT @ 1786525560
[replaying  44%] replaying BTC-USDT @ 1786525740
[replaying  44%] replaying BTC-USDT @ 1786525920
[replaying  44%] replaying BTC-USDT @ 1786526100
[replaying  44%] replaying BTC-USDT @ 1786526280
[replaying  44%] replaying BTC-USDT @ 1786526460
[replaying  44%] replaying BTC-USDT @ 1786526640
[replaying  44%] replaying BTC-USDT @ 1786526820
[replaying  44%] replaying BTC-USDT @ 1786527000
[replaying  44%] replaying BTC-USDT @ 1786527180
[replaying  44%] replaying BTC-USDT @ 1786527360
[replaying  44%] replaying BTC-USDT @ 1786527540
[replaying  44%] replaying BTC-USDT @ 1786527720
[replaying  44%] replaying BTC-USDT @ 1786527900
[replaying  44%] replaying BTC-USDT @ 1786528080
[replaying  44%] replaying BTC-USDT @ 1786528260
[replaying  44%] replaying BTC-USDT @ 1786528440
[replaying  44%] replaying BTC-USDT @ 1786528620
[replaying  44%] replaying BTC-USDT @ 1786528800
[replaying  44%] replaying BTC-USDT @ 1786528980
[replaying  44%] replaying BTC-USDT @ 1786529160
[replaying  44%] replaying BTC-USDT @ 1786529340
[replaying  44%] replaying BTC-USDT @ 1786529520
[replaying  44%] replaying BTC-USDT @ 1786529700
[replaying  44%] replaying BTC-USDT @ 1786529880
[replaying  44%] replaying BTC-USDT @ 1786530060
[replaying  44%] replaying BTC-USDT @ 1786530240
[replaying  44%] replaying BTC-USDT @ 1786530420
[replaying  44%] replaying BTC-USDT @ 1786530600
[replaying  44%] replaying BTC-USDT @ 1786530780
[replaying  44%] replaying BTC-USDT @ 1786530960
[replaying  44%] replaying BTC-USDT @ 1786531140
[replaying  44%] replaying BTC-USDT @ 1786531320
[replaying  44%] replaying BTC-USDT @ 1786531500
[replaying  44%] replaying BTC-USDT @ 1786531680
[replaying  44%] replaying BTC-USDT @ 1786531860
[replaying  44%] replaying BTC-USDT @ 1786532040
[replaying  44%] replaying BTC-USDT @ 1786532220
[replaying  44%] replaying BTC-USDT @ 1786532400
[replaying  44%] replaying BTC-USDT @ 1786532580
[replaying  44%] replaying BTC-USDT @ 1786532760
[replaying  44%] replaying BTC-USDT @ 1786532940
[replaying  44%] replaying BTC-USDT @ 1786533120
[replaying  44%] replaying BTC-USDT @ 1786533300
[replaying  44%] replaying BTC-USDT @ 1786533480
[replaying  44%] replaying BTC-USDT @ 1786533660
[replaying  44%] replaying BTC-USDT @ 1786533840
[replaying  44%] replaying BTC-USDT @ 1786534020
[replaying  44%] replaying BTC-USDT @ 1786534200
[replaying  44%] replaying BTC-USDT @ 1786534380
[replaying  44%] replaying BTC-USDT @ 1786534560
[replaying  44%] replaying BTC-USDT @ 1786534740
[replaying  44%] replaying BTC-USDT @ 1786534920
[replaying  44%] replaying BTC-USDT @ 1786535100
[replaying  44%] replaying BTC-USDT @ 1786535280
[replaying  44%] replaying BTC-USDT @ 1786535460
[replaying  44%] replaying BTC-USDT @ 1786535640
[replaying  44%] replaying BTC-USDT @ 1786535820
[replaying  44%] replaying BTC-USDT @ 1786536000
[replaying  44%] replaying BTC-USDT @ 1786536180
[replaying  44%] replaying BTC-USDT @ 1786536360
[replaying  44%] replaying BTC-USDT @ 1786536540
[replaying  44%] replaying BTC-USDT @ 1786536720
[replaying  44%] replaying BTC-USDT @ 1786536900
[replaying  44%] replaying BTC-USDT @ 1786537080
[replaying  44%] replaying BTC-USDT @ 1786537260
[replaying  44%] replaying BTC-USDT @ 1786537440
[replaying  44%] replaying BTC-USDT @ 1786537620
[replaying  44%] replaying BTC-USDT @ 1786537800
[replaying  44%] replaying BTC-USDT @ 1786537980
[replaying  44%] replaying BTC-USDT @ 1786538160
[replaying  44%] replaying BTC-USDT @ 1786538340
[replaying  44%] replaying BTC-USDT @ 1786538520
[replaying  44%] replaying BTC-USDT @ 1786538700
[replaying  44%] replaying BTC-USDT @ 1786538880
[replaying  44%] replaying BTC-USDT @ 1786539060
[replaying  44%] replaying BTC-USDT @ 1786539240
[replaying  44%] replaying BTC-USDT @ 1786539420
[replaying  44%] replaying BTC-USDT @ 1786539600
[replaying  44%] replaying BTC-USDT @ 1786539780
[replaying  44%] replaying BTC-USDT @ 1786539960
[replaying  45%] replaying BTC-USDT @ 1786540140
[replaying  45%] replaying BTC-USDT @ 1786540320
[replaying  45%] replaying BTC-USDT @ 1786540500
[replaying  45%] replaying BTC-USDT @ 1786540680
[replaying  45%] replaying BTC-USDT @ 1786540860
[replaying  45%] replaying BTC-USDT @ 1786541040
[replaying  45%] replaying BTC-USDT @ 1786541220
[replaying  45%] replaying BTC-USDT @ 1786541400
[replaying  45%] replaying BTC-USDT @ 1786541580
[replaying  45%] replaying BTC-USDT @ 1786541760
[replaying  45%] replaying BTC-USDT @ 1786541940
[replaying  45%] replaying BTC-USDT @ 1786542120
[replaying  45%] replaying BTC-USDT @ 1786542300
[replaying  45%] replaying BTC-USDT @ 1786542480
[replaying  45%] replaying BTC-USDT @ 1786542660
[replaying  45%] replaying BTC-USDT @ 1786542840
[replaying  45%] replaying BTC-USDT @ 1786543020
[replaying  45%] replaying BTC-USDT @ 1786543200
[replaying  45%] replaying BTC-USDT @ 1786543380
[replaying  45%] replaying BTC-USDT @ 1786543560
[replaying  45%] replaying BTC-USDT @ 1786543740
[replaying  45%] replaying BTC-USDT @ 1786543920
[replaying  45%] replaying BTC-USDT @ 1786544100
[replaying  45%] replaying BTC-USDT @ 1786544280
[replaying  45%] replaying BTC-USDT @ 1786544460
[replaying  45%] replaying BTC-USDT @ 1786544640
[replaying  45%] replaying BTC-USDT @ 1786544820
[replaying  45%] replaying BTC-USDT @ 1786545000
[replaying  45%] replaying BTC-USDT @ 1786545180
[replaying  45%] replaying BTC-USDT @ 1786545360
[replaying  45%] replaying BTC-USDT @ 1786545540
[replaying  45%] replaying BTC-USDT @ 1786545720
[replaying  45%] replaying BTC-USDT @ 1786545900
[replaying  45%] replaying BTC-USDT @ 1786546080
[replaying  45%] replaying BTC-USDT @ 1786546260
[replaying  45%] replaying BTC-USDT @ 1786546440
[replaying  45%] replaying BTC-USDT @ 1786546620
[replaying  45%] replaying BTC-USDT @ 1786546800
[replaying  45%] replaying BTC-USDT @ 1786546980
[replaying  45%] replaying BTC-USDT @ 1786547160
[replaying  45%] replaying BTC-USDT @ 1786547340
[replaying  45%] replaying BTC-USDT @ 1786547520
[replaying  45%] replaying BTC-USDT @ 1786547700
[replaying  45%] replaying BTC-USDT @ 1786547880
[replaying  45%] replaying BTC-USDT @ 1786548060
[replaying  45%] replaying BTC-USDT @ 1786548240
[replaying  45%] replaying BTC-USDT @ 1786548420
[replaying  45%] replaying BTC-USDT @ 1786548600
[replaying  45%] replaying BTC-USDT @ 1786548780
[replaying  45%] replaying BTC-USDT @ 1786548960
[replaying  45%] replaying BTC-USDT @ 1786549140
[replaying  45%] replaying BTC-USDT @ 1786549320
[replaying  45%] replaying BTC-USDT @ 1786549500
[replaying  45%] replaying BTC-USDT @ 1786549680
[replaying  45%] replaying BTC-USDT @ 1786549860
[replaying  45%] replaying BTC-USDT @ 1786550040
[replaying  45%] replaying BTC-USDT @ 1786550220
[replaying  45%] replaying BTC-USDT @ 1786550400
[replaying  45%] replaying BTC-USDT @ 1786550580
[replaying  45%] replaying BTC-USDT @ 1786550760
[replaying  45%] replaying BTC-USDT @ 1786550940
[replaying  45%] replaying BTC-USDT @ 1786551120
[replaying  45%] replaying BTC-USDT @ 1786551300
[replaying  45%] replaying BTC-USDT @ 1786551480
[replaying  45%] replaying BTC-USDT @ 1786551660
[replaying  45%] replaying BTC-USDT @ 1786551840
[replaying  45%] replaying BTC-USDT @ 1786552020
[replaying  45%] replaying BTC-USDT @ 1786552200
[replaying  45%] replaying BTC-USDT @ 1786552380
[replaying  45%] replaying BTC-USDT @ 1786552560
[replaying  45%] replaying BTC-USDT @ 1786552740
[replaying  45%] replaying BTC-USDT @ 1786552920
[replaying  45%] replaying BTC-USDT @ 1786553100
[replaying  45%] replaying BTC-USDT @ 1786553280
[replaying  45%] replaying BTC-USDT @ 1786553460
[replaying  45%] replaying BTC-USDT @ 1786553640
[replaying  45%] replaying BTC-USDT @ 1786553820
[replaying  45%] replaying BTC-USDT @ 1786554000
[replaying  45%] replaying BTC-USDT @ 1786554180
[replaying  45%] replaying BTC-USDT @ 1786554360
[replaying  45%] replaying BTC-USDT @ 1786554540
[replaying  45%] replaying BTC-USDT @ 1786554720
[replaying  46%] replaying BTC-USDT @ 1786554900
[replaying  46%] replaying BTC-USDT @ 1786555080
[replaying  46%] replaying BTC-USDT @ 1786555260
[replaying  46%] replaying BTC-USDT @ 1786555440
[replaying  46%] replaying BTC-USDT @ 1786555620
[replaying  46%] replaying BTC-USDT @ 1786555800
[replaying  46%] replaying BTC-USDT @ 1786555980
[replaying  46%] replaying BTC-USDT @ 1786556160
[replaying  46%] replaying BTC-USDT @ 1786556340
[replaying  46%] replaying BTC-USDT @ 1786556520
[replaying  46%] replaying BTC-USDT @ 1786556700
[replaying  46%] replaying BTC-USDT @ 1786556880
[replaying  46%] replaying BTC-USDT @ 1786557060
[replaying  46%] replaying BTC-USDT @ 1786557240
[replaying  46%] replaying BTC-USDT @ 1786557420
[replaying  46%] replaying BTC-USDT @ 1786557600
[replaying  46%] replaying BTC-USDT @ 1786557780
[replaying  46%] replaying BTC-USDT @ 1786557960
[replaying  46%] replaying BTC-USDT @ 1786558140
[replaying  46%] replaying BTC-USDT @ 1786558320
[replaying  46%] replaying BTC-USDT @ 1786558500
[replaying  46%] replaying BTC-USDT @ 1786558680
[replaying  46%] replaying BTC-USDT @ 1786558860
[replaying  46%] replaying BTC-USDT @ 1786559040
[replaying  46%] replaying BTC-USDT @ 1786559220
[replaying  46%] replaying BTC-USDT @ 1786559400
[replaying  46%] replaying BTC-USDT @ 1786559580
[replaying  46%] replaying BTC-USDT @ 1786559760
[replaying  46%] replaying BTC-USDT @ 1786559940
[replaying  46%] replaying BTC-USDT @ 1786560120
[replaying  46%] replaying BTC-USDT @ 1786560300
[replaying  46%] replaying BTC-USDT @ 1786560480
[replaying  46%] replaying BTC-USDT @ 1786560660
[replaying  46%] replaying BTC-USDT @ 1786560840
[replaying  46%] replaying BTC-USDT @ 1786561020
[replaying  46%] replaying BTC-USDT @ 1786561200
[replaying  46%] replaying BTC-USDT @ 1786561380
[replaying  46%] replaying BTC-USDT @ 1786561560
[replaying  46%] replaying BTC-USDT @ 1786561740
[replaying  46%] replaying BTC-USDT @ 1786561920
[replaying  46%] replaying BTC-USDT @ 1786562100
[replaying  46%] replaying BTC-USDT @ 1786562280
[replaying  46%] replaying BTC-USDT @ 1786562460
[replaying  46%] replaying BTC-USDT @ 1786562640
[replaying  46%] replaying BTC-USDT @ 1786562820
[replaying  46%] replaying BTC-USDT @ 1786563000
[replaying  46%] replaying BTC-USDT @ 1786563180
[replaying  46%] replaying BTC-USDT @ 1786563360
[replaying  46%] replaying BTC-USDT @ 1786563540
[replaying  46%] replaying BTC-USDT @ 1786563720
[replaying  46%] replaying BTC-USDT @ 1786563900
[replaying  46%] replaying BTC-USDT @ 1786564080
[replaying  46%] replaying BTC-USDT @ 1786564260
[replaying  46%] replaying BTC-USDT @ 1786564440
[replaying  46%] replaying BTC-USDT @ 1786564620
[replaying  46%] replaying BTC-USDT @ 1786564800
[replaying  46%] replaying BTC-USDT @ 1786564980
[replaying  46%] replaying BTC-USDT @ 1786565160
[replaying  46%] replaying BTC-USDT @ 1786565340
[replaying  46%] replaying BTC-USDT @ 1786565520
[replaying  46%] replaying BTC-USDT @ 1786565700
[replaying  46%] replaying BTC-USDT @ 1786565880
[replaying  46%] replaying BTC-USDT @ 1786566060
[replaying  46%] replaying BTC-USDT @ 1786566240
[replaying  46%] replaying BTC-USDT @ 1786566420
[replaying  46%] replaying BTC-USDT @ 1786566600
[replaying  46%] replaying BTC-USDT @ 1786566780
[replaying  46%] replaying BTC-USDT @ 1786566960
[replaying  46%] replaying BTC-USDT @ 1786567140
[replaying  46%] replaying BTC-USDT @ 1786567320
[replaying  46%] replaying BTC-USDT @ 1786567500
[replaying  46%] replaying BTC-USDT @ 1786567680
[replaying  46%] replaying BTC-USDT @ 1786567860
[replaying  46%] replaying BTC-USDT @ 1786568040
[replaying  46%] replaying BTC-USDT @ 1786568220
[replaying  46%] replaying BTC-USDT @ 1786568400
[replaying  46%] replaying BTC-USDT @ 1786568580
[replaying  46%] replaying BTC-USDT @ 1786568760
[replaying  46%] replaying BTC-USDT @ 1786568940
[replaying  46%] replaying BTC-USDT @ 1786569120
[replaying  46%] replaying BTC-USDT @ 1786569300
[replaying  46%] replaying BTC-USDT @ 1786569480
[replaying  46%] replaying BTC-USDT @ 1786569660
[replaying  47%] replaying BTC-USDT @ 1786569840
[replaying  47%] replaying BTC-USDT @ 1786570020
[replaying  47%] replaying BTC-USDT @ 1786570200
[replaying  47%] replaying BTC-USDT @ 1786570380
[replaying  47%] replaying BTC-USDT @ 1786570560
[replaying  47%] replaying BTC-USDT @ 1786570740
[replaying  47%] replaying BTC-USDT @ 1786570920
[replaying  47%] replaying BTC-USDT @ 1786571100
[replaying  47%] replaying BTC-USDT @ 1786571280
[replaying  47%] replaying BTC-USDT @ 1786571460
[replaying  47%] replaying BTC-USDT @ 1786571640
[replaying  47%] replaying BTC-USDT @ 1786571820
[replaying  47%] replaying BTC-USDT @ 1786572000
[replaying  47%] replaying BTC-USDT @ 1786572180
[replaying  47%] replaying BTC-USDT @ 1786572360
[replaying  47%] replaying BTC-USDT @ 1786572540
[replaying  47%] replaying BTC-USDT @ 1786572720
[replaying  47%] replaying BTC-USDT @ 1786572900
[replaying  47%] replaying BTC-USDT @ 1786573080
[replaying  47%] replaying BTC-USDT @ 1786573260
[replaying  47%] replaying BTC-USDT @ 1786573440
[replaying  47%] replaying BTC-USDT @ 1786573620
[replaying  47%] replaying BTC-USDT @ 1786573800
[replaying  47%] replaying BTC-USDT @ 1786573980
[replaying  47%] replaying BTC-USDT @ 1786574160
[replaying  47%] replaying BTC-USDT @ 1786574340
[replaying  47%] replaying BTC-USDT @ 1786574520
[replaying  47%] replaying BTC-USDT @ 1786574700
[replaying  47%] replaying BTC-USDT @ 1786574880
[replaying  47%] replaying BTC-USDT @ 1786575060
[replaying  47%] replaying BTC-USDT @ 1786575240
[replaying  47%] replaying BTC-USDT @ 1786575420
[replaying  47%] replaying BTC-USDT @ 1786575600
[replaying  47%] replaying BTC-USDT @ 1786575780
[replaying  47%] replaying BTC-USDT @ 1786575960
[replaying  47%] replaying BTC-USDT @ 1786576140
[replaying  47%] replaying BTC-USDT @ 1786576320
[replaying  47%] replaying BTC-USDT @ 1786576500
[replaying  47%] replaying BTC-USDT @ 1786576680
[replaying  47%] replaying BTC-USDT @ 1786576860
[replaying  47%] replaying BTC-USDT @ 1786577040
[replaying  47%] replaying BTC-USDT @ 1786577220
[replaying  47%] replaying BTC-USDT @ 1786577400
[replaying  47%] replaying BTC-USDT @ 1786577580
[replaying  47%] replaying BTC-USDT @ 1786577760
[replaying  47%] replaying BTC-USDT @ 1786577940
[replaying  47%] replaying BTC-USDT @ 1786578120
[replaying  47%] replaying BTC-USDT @ 1786578300
[replaying  47%] replaying BTC-USDT @ 1786578480
[replaying  47%] replaying BTC-USDT @ 1786578660
[replaying  47%] replaying BTC-USDT @ 1786578840
[replaying  47%] replaying BTC-USDT @ 1786579020
[replaying  47%] replaying BTC-USDT @ 1786579200
[replaying  47%] replaying BTC-USDT @ 1786579380
[replaying  47%] replaying BTC-USDT @ 1786579560
[replaying  47%] replaying BTC-USDT @ 1786579740
[replaying  47%] replaying BTC-USDT @ 1786579920
[replaying  47%] replaying BTC-USDT @ 1786580100
[replaying  47%] replaying BTC-USDT @ 1786580280
[replaying  47%] replaying BTC-USDT @ 1786580460
[replaying  47%] replaying BTC-USDT @ 1786580640
[replaying  47%] replaying BTC-USDT @ 1786580820
[replaying  47%] replaying BTC-USDT @ 1786581000
[replaying  47%] replaying BTC-USDT @ 1786581180
[replaying  47%] replaying BTC-USDT @ 1786581360
[replaying  47%] replaying BTC-USDT @ 1786581540
[replaying  47%] replaying BTC-USDT @ 1786581720
[replaying  47%] replaying BTC-USDT @ 1786581900
[replaying  47%] replaying BTC-USDT @ 1786582080
[replaying  47%] replaying BTC-USDT @ 1786582260
[replaying  47%] replaying BTC-USDT @ 1786582440
[replaying  47%] replaying BTC-USDT @ 1786582620
[replaying  47%] replaying BTC-USDT @ 1786582800
[replaying  47%] replaying BTC-USDT @ 1786582980
[replaying  47%] replaying BTC-USDT @ 1786583160
[replaying  47%] replaying BTC-USDT @ 1786583340
[replaying  47%] replaying BTC-USDT @ 1786583520
[replaying  47%] replaying BTC-USDT @ 1786583700
[replaying  47%] replaying BTC-USDT @ 1786583880
[replaying  47%] replaying BTC-USDT @ 1786584060
[replaying  47%] replaying BTC-USDT @ 1786584240
[replaying  47%] replaying BTC-USDT @ 1786584420
[replaying  47%] replaying BTC-USDT @ 1786584600
[replaying  48%] replaying BTC-USDT @ 1786584780
[replaying  48%] replaying BTC-USDT @ 1786584960
[replaying  48%] replaying BTC-USDT @ 1786585140
[replaying  48%] replaying BTC-USDT @ 1786585320
[replaying  48%] replaying BTC-USDT @ 1786585500
[replaying  48%] replaying BTC-USDT @ 1786585680
[replaying  48%] replaying BTC-USDT @ 1786585860
[replaying  48%] replaying BTC-USDT @ 1786586040
[replaying  48%] replaying BTC-USDT @ 1786586220
[replaying  48%] replaying BTC-USDT @ 1786586400
[replaying  48%] replaying BTC-USDT @ 1786586580
[replaying  48%] replaying BTC-USDT @ 1786586760
[replaying  48%] replaying BTC-USDT @ 1786586940
[replaying  48%] replaying BTC-USDT @ 1786587120
[replaying  48%] replaying BTC-USDT @ 1786587300
[replaying  48%] replaying BTC-USDT @ 1786587480
[replaying  48%] replaying BTC-USDT @ 1786587660
[replaying  48%] replaying BTC-USDT @ 1786587840
[replaying  48%] replaying BTC-USDT @ 1786588020
[replaying  48%] replaying BTC-USDT @ 1786588200
[replaying  48%] replaying BTC-USDT @ 1786588380
[replaying  48%] replaying BTC-USDT @ 1786588560
[replaying  48%] replaying BTC-USDT @ 1786588740
[replaying  48%] replaying BTC-USDT @ 1786588920
[replaying  48%] replaying BTC-USDT @ 1786589100
[replaying  48%] replaying BTC-USDT @ 1786589280
[replaying  48%] replaying BTC-USDT @ 1786589460
[replaying  48%] replaying BTC-USDT @ 1786589640
[replaying  48%] replaying BTC-USDT @ 1786589820
[replaying  48%] replaying BTC-USDT @ 1786590000
[replaying  48%] replaying BTC-USDT @ 1786590180
[replaying  48%] replaying BTC-USDT @ 1786590360
[replaying  48%] replaying BTC-USDT @ 1786590540
[replaying  48%] replaying BTC-USDT @ 1786590720
[replaying  48%] replaying BTC-USDT @ 1786590900
[replaying  48%] replaying BTC-USDT @ 1786591080
[replaying  48%] replaying BTC-USDT @ 1786591260
[replaying  48%] replaying BTC-USDT @ 1786591440
[replaying  48%] replaying BTC-USDT @ 1786591620
[replaying  48%] replaying BTC-USDT @ 1786591800
[replaying  48%] replaying BTC-USDT @ 1786591980
[replaying  48%] replaying BTC-USDT @ 1786592160
[replaying  48%] replaying BTC-USDT @ 1786592340
[replaying  48%] replaying BTC-USDT @ 1786592520
[replaying  48%] replaying BTC-USDT @ 1786592700
[replaying  48%] replaying BTC-USDT @ 1786592880
[replaying  48%] replaying BTC-USDT @ 1786593060
[replaying  48%] replaying BTC-USDT @ 1786593240
[replaying  48%] replaying BTC-USDT @ 1786593420
[replaying  48%] replaying BTC-USDT @ 1786593600
[replaying  48%] replaying BTC-USDT @ 1786593780
[replaying  48%] replaying BTC-USDT @ 1786593960
[replaying  48%] replaying BTC-USDT @ 1786594140
[replaying  48%] replaying BTC-USDT @ 1786594320
[replaying  48%] replaying BTC-USDT @ 1786594500
[replaying  48%] replaying BTC-USDT @ 1786594680
[replaying  48%] replaying BTC-USDT @ 1786594860
[replaying  48%] replaying BTC-USDT @ 1786595040
[replaying  48%] replaying BTC-USDT @ 1786595220
[replaying  48%] replaying BTC-USDT @ 1786595400
[replaying  48%] replaying BTC-USDT @ 1786595580
[replaying  48%] replaying BTC-USDT @ 1786595760
[replaying  48%] replaying BTC-USDT @ 1786595940
[replaying  48%] replaying BTC-USDT @ 1786596120
[replaying  48%] replaying BTC-USDT @ 1786596300
[replaying  48%] replaying BTC-USDT @ 1786596480
[replaying  48%] replaying BTC-USDT @ 1786596660
[replaying  48%] replaying BTC-USDT @ 1786596840
[replaying  48%] replaying BTC-USDT @ 1786597020
[replaying  48%] replaying BTC-USDT @ 1786597200
[replaying  48%] replaying BTC-USDT @ 1786597380
[replaying  48%] replaying BTC-USDT @ 1786597560
[replaying  48%] replaying BTC-USDT @ 1786597740
[replaying  48%] replaying BTC-USDT @ 1786597920
[replaying  48%] replaying BTC-USDT @ 1786598100
[replaying  48%] replaying BTC-USDT @ 1786598280
[replaying  48%] replaying BTC-USDT @ 1786598460
[replaying  48%] replaying BTC-USDT @ 1786598640
[replaying  48%] replaying BTC-USDT @ 1786598820
[replaying  48%] replaying BTC-USDT @ 1786599000
[replaying  48%] replaying BTC-USDT @ 1786599180
[replaying  48%] replaying BTC-USDT @ 1786599360
[replaying  49%] replaying BTC-USDT @ 1786599540
[replaying  49%] replaying BTC-USDT @ 1786599720
[replaying  49%] replaying BTC-USDT @ 1786599900
[replaying  49%] replaying BTC-USDT @ 1786600080
[replaying  49%] replaying BTC-USDT @ 1786600260
[replaying  49%] replaying BTC-USDT @ 1786600440
[replaying  49%] replaying BTC-USDT @ 1786600620
[replaying  49%] replaying BTC-USDT @ 1786600800
[replaying  49%] replaying BTC-USDT @ 1786600980
[replaying  49%] replaying BTC-USDT @ 1786601160
[replaying  49%] replaying BTC-USDT @ 1786601340
[replaying  49%] replaying BTC-USDT @ 1786601520
[replaying  49%] replaying BTC-USDT @ 1786601700
[replaying  49%] replaying BTC-USDT @ 1786601880
[replaying  49%] replaying BTC-USDT @ 1786602060
[replaying  49%] replaying BTC-USDT @ 1786602240
[replaying  49%] replaying BTC-USDT @ 1786602420
[replaying  49%] replaying BTC-USDT @ 1786602600
[replaying  49%] replaying BTC-USDT @ 1786602780
[replaying  49%] replaying BTC-USDT @ 1786602960
[replaying  49%] replaying BTC-USDT @ 1786603140
[replaying  49%] replaying BTC-USDT @ 1786603320
[replaying  49%] replaying BTC-USDT @ 1786603500
[replaying  49%] replaying BTC-USDT @ 1786603680
[replaying  49%] replaying BTC-USDT @ 1786603860
[replaying  49%] replaying BTC-USDT @ 1786604040
[replaying  49%] replaying BTC-USDT @ 1786604220
[replaying  49%] replaying BTC-USDT @ 1786604400
[replaying  49%] replaying BTC-USDT @ 1786604580
[replaying  49%] replaying BTC-USDT @ 1786604760
[replaying  49%] replaying BTC-USDT @ 1786604940
[replaying  49%] replaying BTC-USDT @ 1786605120
[replaying  49%] replaying BTC-USDT @ 1786605300
[replaying  49%] replaying BTC-USDT @ 1786605480
[replaying  49%] replaying BTC-USDT @ 1786605660
[replaying  49%] replaying BTC-USDT @ 1786605840
[replaying  49%] replaying BTC-USDT @ 1786606020
[replaying  49%] replaying BTC-USDT @ 1786606200
[replaying  49%] replaying BTC-USDT @ 1786606380
[replaying  49%] replaying BTC-USDT @ 1786606560
[replaying  49%] replaying BTC-USDT @ 1786606740
[replaying  49%] replaying BTC-USDT @ 1786606920
[replaying  49%] replaying BTC-USDT @ 1786607100
[replaying  49%] replaying BTC-USDT @ 1786607280
[replaying  49%] replaying BTC-USDT @ 1786607460
[replaying  49%] replaying BTC-USDT @ 1786607640
[replaying  49%] replaying BTC-USDT @ 1786607820
[replaying  49%] replaying BTC-USDT @ 1786608000
[replaying  49%] replaying BTC-USDT @ 1786608180
[replaying  49%] replaying BTC-USDT @ 1786608360
[replaying  49%] replaying BTC-USDT @ 1786608540
[replaying  49%] replaying BTC-USDT @ 1786608720
[replaying  49%] replaying BTC-USDT @ 1786608900
[replaying  49%] replaying BTC-USDT @ 1786609080
[replaying  49%] replaying BTC-USDT @ 1786609260
[replaying  49%] replaying BTC-USDT @ 1786609440
[replaying  49%] replaying BTC-USDT @ 1786609620
[replaying  49%] replaying BTC-USDT @ 1786609800
[replaying  49%] replaying BTC-USDT @ 1786609980
[replaying  49%] replaying BTC-USDT @ 1786610160
[replaying  49%] replaying BTC-USDT @ 1786610340
[replaying  49%] replaying BTC-USDT @ 1786610520
[replaying  49%] replaying BTC-USDT @ 1786610700
[replaying  49%] replaying BTC-USDT @ 1786610880
[replaying  49%] replaying BTC-USDT @ 1786611060
[replaying  49%] replaying BTC-USDT @ 1786611240
[replaying  49%] replaying BTC-USDT @ 1786611420
[replaying  49%] replaying BTC-USDT @ 1786611600
[replaying  49%] replaying BTC-USDT @ 1786611780
[replaying  49%] replaying BTC-USDT @ 1786611960
[replaying  49%] replaying BTC-USDT @ 1786612140
[replaying  49%] replaying BTC-USDT @ 1786612320
[replaying  49%] replaying BTC-USDT @ 1786612500
[replaying  49%] replaying BTC-USDT @ 1786612680
[replaying  49%] replaying BTC-USDT @ 1786612860
[replaying  49%] replaying BTC-USDT @ 1786613040
[replaying  49%] replaying BTC-USDT @ 1786613220
[replaying  49%] replaying BTC-USDT @ 1786613400
[replaying  49%] replaying BTC-USDT @ 1786613580
[replaying  49%] replaying BTC-USDT @ 1786613760
[replaying  49%] replaying BTC-USDT @ 1786613940
[replaying  49%] replaying BTC-USDT @ 1786614120
[replaying  49%] replaying BTC-USDT @ 1786614300
[replaying  50%] replaying BTC-USDT @ 1786614480
[replaying  50%] replaying BTC-USDT @ 1786614660
[replaying  50%] replaying BTC-USDT @ 1786614840
[replaying  50%] replaying BTC-USDT @ 1786615020
[replaying  50%] replaying BTC-USDT @ 1786615200
[replaying  50%] replaying BTC-USDT @ 1786615380
[replaying  50%] replaying BTC-USDT @ 1786615560
[replaying  50%] replaying BTC-USDT @ 1786615740
[replaying  50%] replaying BTC-USDT @ 1786615920
[replaying  50%] replaying BTC-USDT @ 1786616100
[replaying  50%] replaying BTC-USDT @ 1786616280
[replaying  50%] replaying BTC-USDT @ 1786616460
[replaying  50%] replaying BTC-USDT @ 1786616640
[replaying  50%] replaying BTC-USDT @ 1786616820
[replaying  50%] replaying BTC-USDT @ 1786617000
[replaying  50%] replaying BTC-USDT @ 1786617180
[replaying  50%] replaying BTC-USDT @ 1786617360
[replaying  50%] replaying BTC-USDT @ 1786617540
[replaying  50%] replaying BTC-USDT @ 1786617720
[replaying  50%] replaying BTC-USDT @ 1786617900
[replaying  50%] replaying BTC-USDT @ 1786618080
[replaying  50%] replaying BTC-USDT @ 1786618260
[replaying  50%] replaying BTC-USDT @ 1786618440
[replaying  50%] replaying BTC-USDT @ 1786618620
[replaying  50%] replaying BTC-USDT @ 1786618800
[replaying  50%] replaying BTC-USDT @ 1786618980
[replaying  50%] replaying BTC-USDT @ 1786619160
[replaying  50%] replaying BTC-USDT @ 1786619340
[replaying  50%] replaying BTC-USDT @ 1786619520
[replaying  50%] replaying BTC-USDT @ 1786619700
[replaying  50%] replaying BTC-USDT @ 1786619880
[replaying  50%] replaying BTC-USDT @ 1786620060
[replaying  50%] replaying BTC-USDT @ 1786620240
[replaying  50%] replaying BTC-USDT @ 1786620420
[replaying  50%] replaying BTC-USDT @ 1786620600
[replaying  50%] replaying BTC-USDT @ 1786620780
[replaying  50%] replaying BTC-USDT @ 1786620960
[replaying  50%] replaying BTC-USDT @ 1786621140
[replaying  50%] replaying BTC-USDT @ 1786621320
[replaying  50%] replaying BTC-USDT @ 1786621500
[replaying  50%] replaying BTC-USDT @ 1786621680
[replaying  50%] replaying BTC-USDT @ 1786621860
[replaying  50%] replaying BTC-USDT @ 1786622040
[replaying  50%] replaying BTC-USDT @ 1786622220
[replaying  50%] replaying BTC-USDT @ 1786622400
[replaying  50%] replaying BTC-USDT @ 1786622580
[replaying  50%] replaying BTC-USDT @ 1786622760
[replaying  50%] replaying BTC-USDT @ 1786622940
[replaying  50%] replaying BTC-USDT @ 1786623120
[replaying  50%] replaying BTC-USDT @ 1786623300
[replaying  50%] replaying BTC-USDT @ 1786623480
[replaying  50%] replaying BTC-USDT @ 1786623660
[replaying  50%] replaying BTC-USDT @ 1786623840
[replaying  50%] replaying BTC-USDT @ 1786624020
[replaying  50%] replaying BTC-USDT @ 1786624200
[replaying  50%] replaying BTC-USDT @ 1786624380
[replaying  50%] replaying BTC-USDT @ 1786624560
[replaying  50%] replaying BTC-USDT @ 1786624740
[replaying  50%] replaying BTC-USDT @ 1786624920
[replaying  50%] replaying BTC-USDT @ 1786625100
[replaying  50%] replaying BTC-USDT @ 1786625280
[replaying  50%] replaying BTC-USDT @ 1786625460
[replaying  50%] replaying BTC-USDT @ 1786625640
[replaying  50%] replaying BTC-USDT @ 1786625820
[replaying  50%] replaying BTC-USDT @ 1786626000
[replaying  50%] replaying BTC-USDT @ 1786626180
[replaying  50%] replaying BTC-USDT @ 1786626360
[replaying  50%] replaying BTC-USDT @ 1786626540
[replaying  50%] replaying BTC-USDT @ 1786626720
[replaying  50%] replaying BTC-USDT @ 1786626900
[replaying  50%] replaying BTC-USDT @ 1786627080
[replaying  50%] replaying BTC-USDT @ 1786627260
[replaying  50%] replaying BTC-USDT @ 1786627440
[replaying  50%] replaying BTC-USDT @ 1786627620
[replaying  50%] replaying BTC-USDT @ 1786627800
[replaying  50%] replaying BTC-USDT @ 1786627980
[replaying  50%] replaying BTC-USDT @ 1786628160
[replaying  50%] replaying BTC-USDT @ 1786628340
[replaying  50%] replaying BTC-USDT @ 1786628520
[replaying  50%] replaying BTC-USDT @ 1786628700
[replaying  50%] replaying BTC-USDT @ 1786628880
[replaying  50%] replaying BTC-USDT @ 1786629060
[replaying  50%] replaying BTC-USDT @ 1786629240
[replaying  51%] replaying BTC-USDT @ 1786629420
[replaying  51%] replaying BTC-USDT @ 1786629600
[replaying  51%] replaying BTC-USDT @ 1786629780
[replaying  51%] replaying BTC-USDT @ 1786629960
[replaying  51%] replaying BTC-USDT @ 1786630140
[replaying  51%] replaying BTC-USDT @ 1786630320
[replaying  51%] replaying BTC-USDT @ 1786630500
[replaying  51%] replaying BTC-USDT @ 1786630680
[replaying  51%] replaying BTC-USDT @ 1786630860
[replaying  51%] replaying BTC-USDT @ 1786631040
[replaying  51%] replaying BTC-USDT @ 1786631220
[replaying  51%] replaying BTC-USDT @ 1786631400
[replaying  51%] replaying BTC-USDT @ 1786631580
[replaying  51%] replaying BTC-USDT @ 1786631760
[replaying  51%] replaying BTC-USDT @ 1786631940
[replaying  51%] replaying BTC-USDT @ 1786632120
[replaying  51%] replaying BTC-USDT @ 1786632300
[replaying  51%] replaying BTC-USDT @ 1786632480
[replaying  51%] replaying BTC-USDT @ 1786632660
[replaying  51%] replaying BTC-USDT @ 1786632840
[replaying  51%] replaying BTC-USDT @ 1786633020
[replaying  51%] replaying BTC-USDT @ 1786633200
[replaying  51%] replaying BTC-USDT @ 1786633380
[replaying  51%] replaying BTC-USDT @ 1786633560
[replaying  51%] replaying BTC-USDT @ 1786633740
[replaying  51%] replaying BTC-USDT @ 1786633920
[replaying  51%] replaying BTC-USDT @ 1786634100
[replaying  51%] replaying BTC-USDT @ 1786634280
[replaying  51%] replaying BTC-USDT @ 1786634460
[replaying  51%] replaying BTC-USDT @ 1786634640
[replaying  51%] replaying BTC-USDT @ 1786634820
[replaying  51%] replaying BTC-USDT @ 1786635000
[replaying  51%] replaying BTC-USDT @ 1786635180
[replaying  51%] replaying BTC-USDT @ 1786635360
[replaying  51%] replaying BTC-USDT @ 1786635540
[replaying  51%] replaying BTC-USDT @ 1786635720
[replaying  51%] replaying BTC-USDT @ 1786635900
[replaying  51%] replaying BTC-USDT @ 1786636080
[replaying  51%] replaying BTC-USDT @ 1786636260
[replaying  51%] replaying BTC-USDT @ 1786636440
[replaying  51%] replaying BTC-USDT @ 1786636620
[replaying  51%] replaying BTC-USDT @ 1786636800
[replaying  51%] replaying BTC-USDT @ 1786636980
[replaying  51%] replaying BTC-USDT @ 1786637160
[replaying  51%] replaying BTC-USDT @ 1786637340
[replaying  51%] replaying BTC-USDT @ 1786637520
[replaying  51%] replaying BTC-USDT @ 1786637700
[replaying  51%] replaying BTC-USDT @ 1786637880
[replaying  51%] replaying BTC-USDT @ 1786638060
[replaying  51%] replaying BTC-USDT @ 1786638240
[replaying  51%] replaying BTC-USDT @ 1786638420
[replaying  51%] replaying BTC-USDT @ 1786638600
[replaying  51%] replaying BTC-USDT @ 1786638780
[replaying  51%] replaying BTC-USDT @ 1786638960
[replaying  51%] replaying BTC-USDT @ 1786639140
[replaying  51%] replaying BTC-USDT @ 1786639320
[replaying  51%] replaying BTC-USDT @ 1786639500
[replaying  51%] replaying BTC-USDT @ 1786639680
[replaying  51%] replaying BTC-USDT @ 1786639860
[replaying  51%] replaying BTC-USDT @ 1786640040
[replaying  51%] replaying BTC-USDT @ 1786640220
[replaying  51%] replaying BTC-USDT @ 1786640400
[replaying  51%] replaying BTC-USDT @ 1786640580
[replaying  51%] replaying BTC-USDT @ 1786640760
[replaying  51%] replaying BTC-USDT @ 1786640940
[replaying  51%] replaying BTC-USDT @ 1786641120
[replaying  51%] replaying BTC-USDT @ 1786641300
[replaying  51%] replaying BTC-USDT @ 1786641480
[replaying  51%] replaying BTC-USDT @ 1786641660
[replaying  51%] replaying BTC-USDT @ 1786641840
[replaying  51%] replaying BTC-USDT @ 1786642020
[replaying  51%] replaying BTC-USDT @ 1786642200
[replaying  51%] replaying BTC-USDT @ 1786642380
[replaying  51%] replaying BTC-USDT @ 1786642560
[replaying  51%] replaying BTC-USDT @ 1786642740
[replaying  51%] replaying BTC-USDT @ 1786642920
[replaying  51%] replaying BTC-USDT @ 1786643100
[replaying  51%] replaying BTC-USDT @ 1786643280
[replaying  51%] replaying BTC-USDT @ 1786643460
[replaying  51%] replaying BTC-USDT @ 1786643640
[replaying  51%] replaying BTC-USDT @ 1786643820
[replaying  51%] replaying BTC-USDT @ 1786644000
[replaying  51%] replaying BTC-USDT @ 1786644180
[replaying  52%] replaying BTC-USDT @ 1786644360
[replaying  52%] replaying BTC-USDT @ 1786644540
[replaying  52%] replaying BTC-USDT @ 1786644720
[replaying  52%] replaying BTC-USDT @ 1786644900
[replaying  52%] replaying BTC-USDT @ 1786645080
[replaying  52%] replaying BTC-USDT @ 1786645260
[replaying  52%] replaying BTC-USDT @ 1786645440
[replaying  52%] replaying BTC-USDT @ 1786645620
[replaying  52%] replaying BTC-USDT @ 1786645800
[replaying  52%] replaying BTC-USDT @ 1786645980
[replaying  52%] replaying BTC-USDT @ 1786646160
[replaying  52%] replaying BTC-USDT @ 1786646340
[replaying  52%] replaying BTC-USDT @ 1786646520
[replaying  52%] replaying BTC-USDT @ 1786646700
[replaying  52%] replaying BTC-USDT @ 1786646880
[replaying  52%] replaying BTC-USDT @ 1786647060
[replaying  52%] replaying BTC-USDT @ 1786647240
[replaying  52%] replaying BTC-USDT @ 1786647420
[replaying  52%] replaying BTC-USDT @ 1786647600
[replaying  52%] replaying BTC-USDT @ 1786647780
[replaying  52%] replaying BTC-USDT @ 1786647960
[replaying  52%] replaying BTC-USDT @ 1786648140
[replaying  52%] replaying BTC-USDT @ 1786648320
[replaying  52%] replaying BTC-USDT @ 1786648500
[replaying  52%] replaying BTC-USDT @ 1786648680
[replaying  52%] replaying BTC-USDT @ 1786648860
[replaying  52%] replaying BTC-USDT @ 1786649040
[replaying  52%] replaying BTC-USDT @ 1786649220
[replaying  52%] replaying BTC-USDT @ 1786649400
[replaying  52%] replaying BTC-USDT @ 1786649580
[replaying  52%] replaying BTC-USDT @ 1786649760
[replaying  52%] replaying BTC-USDT @ 1786649940
[replaying  52%] replaying BTC-USDT @ 1786650120
[replaying  52%] replaying BTC-USDT @ 1786650300
[replaying  52%] replaying BTC-USDT @ 1786650480
[replaying  52%] replaying BTC-USDT @ 1786650660
[replaying  52%] replaying BTC-USDT @ 1786650840
[replaying  52%] replaying BTC-USDT @ 1786651020
[replaying  52%] replaying BTC-USDT @ 1786651200
[replaying  52%] replaying BTC-USDT @ 1786651380
[replaying  52%] replaying BTC-USDT @ 1786651560
[replaying  52%] replaying BTC-USDT @ 1786651740
[replaying  52%] replaying BTC-USDT @ 1786651920
[replaying  52%] replaying BTC-USDT @ 1786652100
[replaying  52%] replaying BTC-USDT @ 1786652280
[replaying  52%] replaying BTC-USDT @ 1786652460
[replaying  52%] replaying BTC-USDT @ 1786652640
[replaying  52%] replaying BTC-USDT @ 1786652820
[replaying  52%] replaying BTC-USDT @ 1786653000
[replaying  52%] replaying BTC-USDT @ 1786653180
[replaying  52%] replaying BTC-USDT @ 1786653360
[replaying  52%] replaying BTC-USDT @ 1786653540
[replaying  52%] replaying BTC-USDT @ 1786653720
[replaying  52%] replaying BTC-USDT @ 1786653900
[replaying  52%] replaying BTC-USDT @ 1786654080
[replaying  52%] replaying BTC-USDT @ 1786654260
[replaying  52%] replaying BTC-USDT @ 1786654440
[replaying  52%] replaying BTC-USDT @ 1786654620
[replaying  52%] replaying BTC-USDT @ 1786654800
[replaying  52%] replaying BTC-USDT @ 1786654980
[replaying  52%] replaying BTC-USDT @ 1786655160
[replaying  52%] replaying BTC-USDT @ 1786655340
[replaying  52%] replaying BTC-USDT @ 1786655520
[replaying  52%] replaying BTC-USDT @ 1786655700
[replaying  52%] replaying BTC-USDT @ 1786655880
[replaying  52%] replaying BTC-USDT @ 1786656060
[replaying  52%] replaying BTC-USDT @ 1786656240
[replaying  52%] replaying BTC-USDT @ 1786656420
[replaying  52%] replaying BTC-USDT @ 1786656600
[replaying  52%] replaying BTC-USDT @ 1786656780
[replaying  52%] replaying BTC-USDT @ 1786656960
[replaying  52%] replaying BTC-USDT @ 1786657140
[replaying  52%] replaying BTC-USDT @ 1786657320
[replaying  52%] replaying BTC-USDT @ 1786657500
[replaying  52%] replaying BTC-USDT @ 1786657680
[replaying  52%] replaying BTC-USDT @ 1786657860
[replaying  52%] replaying BTC-USDT @ 1786658040
[replaying  52%] replaying BTC-USDT @ 1786658220
[replaying  52%] replaying BTC-USDT @ 1786658400
[replaying  52%] replaying BTC-USDT @ 1786658580
[replaying  52%] replaying BTC-USDT @ 1786658760
[replaying  52%] replaying BTC-USDT @ 1786658940
[replaying  53%] replaying BTC-USDT @ 1786659120
[replaying  53%] replaying BTC-USDT @ 1786659300
[replaying  53%] replaying BTC-USDT @ 1786659480
[replaying  53%] replaying BTC-USDT @ 1786659660
[replaying  53%] replaying BTC-USDT @ 1786659840
[replaying  53%] replaying BTC-USDT @ 1786660020
[replaying  53%] replaying BTC-USDT @ 1786660200
[replaying  53%] replaying BTC-USDT @ 1786660380
[replaying  53%] replaying BTC-USDT @ 1786660560
[replaying  53%] replaying BTC-USDT @ 1786660740
[replaying  53%] replaying BTC-USDT @ 1786660920
[replaying  53%] replaying BTC-USDT @ 1786661100
[replaying  53%] replaying BTC-USDT @ 1786661280
[replaying  53%] replaying BTC-USDT @ 1786661460
[replaying  53%] replaying BTC-USDT @ 1786661640
[replaying  53%] replaying BTC-USDT @ 1786661820
[replaying  53%] replaying BTC-USDT @ 1786662000
[replaying  53%] replaying BTC-USDT @ 1786662180
[replaying  53%] replaying BTC-USDT @ 1786662360
[replaying  53%] replaying BTC-USDT @ 1786662540
[replaying  53%] replaying BTC-USDT @ 1786662720
[replaying  53%] replaying BTC-USDT @ 1786662900
[replaying  53%] replaying BTC-USDT @ 1786663080
[replaying  53%] replaying BTC-USDT @ 1786663260
[replaying  53%] replaying BTC-USDT @ 1786663440
[replaying  53%] replaying BTC-USDT @ 1786663620
[replaying  53%] replaying BTC-USDT @ 1786663800
[replaying  53%] replaying BTC-USDT @ 1786663980
[replaying  53%] replaying BTC-USDT @ 1786664160
[replaying  53%] replaying BTC-USDT @ 1786664340
[replaying  53%] replaying BTC-USDT @ 1786664520
[replaying  53%] replaying BTC-USDT @ 1786664700
[replaying  53%] replaying BTC-USDT @ 1786664880
[replaying  53%] replaying BTC-USDT @ 1786665060
[replaying  53%] replaying BTC-USDT @ 1786665240
[replaying  53%] replaying BTC-USDT @ 1786665420
[replaying  53%] replaying BTC-USDT @ 1786665600
[replaying  53%] replaying BTC-USDT @ 1786665780
[replaying  53%] replaying BTC-USDT @ 1786665960
[replaying  53%] replaying BTC-USDT @ 1786666140
[replaying  53%] replaying BTC-USDT @ 1786666320
[replaying  53%] replaying BTC-USDT @ 1786666500
[replaying  53%] replaying BTC-USDT @ 1786666680
[replaying  53%] replaying BTC-USDT @ 1786666860
[replaying  53%] replaying BTC-USDT @ 1786667040
[replaying  53%] replaying BTC-USDT @ 1786667220
[replaying  53%] replaying BTC-USDT @ 1786667400
[replaying  53%] replaying BTC-USDT @ 1786667580
[replaying  53%] replaying BTC-USDT @ 1786667760
[replaying  53%] replaying BTC-USDT @ 1786667940
[replaying  53%] replaying BTC-USDT @ 1786668120
[replaying  53%] replaying BTC-USDT @ 1786668300
[replaying  53%] replaying BTC-USDT @ 1786668480
[replaying  53%] replaying BTC-USDT @ 1786668660
[replaying  53%] replaying BTC-USDT @ 1786668840
[replaying  53%] replaying BTC-USDT @ 1786669020
[replaying  53%] replaying BTC-USDT @ 1786669200
[replaying  53%] replaying BTC-USDT @ 1786669380
[replaying  53%] replaying BTC-USDT @ 1786669560
[replaying  53%] replaying BTC-USDT @ 1786669740
[replaying  53%] replaying BTC-USDT @ 1786669920
[replaying  53%] replaying BTC-USDT @ 1786670100
[replaying  53%] replaying BTC-USDT @ 1786670280
[replaying  53%] replaying BTC-USDT @ 1786670460
[replaying  53%] replaying BTC-USDT @ 1786670640
[replaying  53%] replaying BTC-USDT @ 1786670820
[replaying  53%] replaying BTC-USDT @ 1786671000
[replaying  53%] replaying BTC-USDT @ 1786671180
[replaying  53%] replaying BTC-USDT @ 1786671360
[replaying  53%] replaying BTC-USDT @ 1786671540
[replaying  53%] replaying BTC-USDT @ 1786671720
[replaying  53%] replaying BTC-USDT @ 1786671900
[replaying  53%] replaying BTC-USDT @ 1786672080
[replaying  53%] replaying BTC-USDT @ 1786672260
[replaying  53%] replaying BTC-USDT @ 1786672440
[replaying  53%] replaying BTC-USDT @ 1786672620
[replaying  53%] replaying BTC-USDT @ 1786672800
[replaying  53%] replaying BTC-USDT @ 1786672980
[replaying  53%] replaying BTC-USDT @ 1786673160
[replaying  53%] replaying BTC-USDT @ 1786673340
[replaying  53%] replaying BTC-USDT @ 1786673520
[replaying  53%] replaying BTC-USDT @ 1786673700
[replaying  53%] replaying BTC-USDT @ 1786673880
[replaying  54%] replaying BTC-USDT @ 1786674060
[replaying  54%] replaying BTC-USDT @ 1786674240
[replaying  54%] replaying BTC-USDT @ 1786674420
[replaying  54%] replaying BTC-USDT @ 1786674600
[replaying  54%] replaying BTC-USDT @ 1786674780
[replaying  54%] replaying BTC-USDT @ 1786674960
[replaying  54%] replaying BTC-USDT @ 1786675140
[replaying  54%] replaying BTC-USDT @ 1786675320
[replaying  54%] replaying BTC-USDT @ 1786675500
[replaying  54%] replaying BTC-USDT @ 1786675680
[replaying  54%] replaying BTC-USDT @ 1786675860
[replaying  54%] replaying BTC-USDT @ 1786676040
[replaying  54%] replaying BTC-USDT @ 1786676220
[replaying  54%] replaying BTC-USDT @ 1786676400
[replaying  54%] replaying BTC-USDT @ 1786676580
[replaying  54%] replaying BTC-USDT @ 1786676760
[replaying  54%] replaying BTC-USDT @ 1786676940
[replaying  54%] replaying BTC-USDT @ 1786677120
[replaying  54%] replaying BTC-USDT @ 1786677300
[replaying  54%] replaying BTC-USDT @ 1786677480
[replaying  54%] replaying BTC-USDT @ 1786677660
[replaying  54%] replaying BTC-USDT @ 1786677840
[replaying  54%] replaying BTC-USDT @ 1786678020
[replaying  54%] replaying BTC-USDT @ 1786678200
[replaying  54%] replaying BTC-USDT @ 1786678380
[replaying  54%] replaying BTC-USDT @ 1786678560
[replaying  54%] replaying BTC-USDT @ 1786678740
[replaying  54%] replaying BTC-USDT @ 1786678920
[replaying  54%] replaying BTC-USDT @ 1786679100
[replaying  54%] replaying BTC-USDT @ 1786679280
[replaying  54%] replaying BTC-USDT @ 1786679460
[replaying  54%] replaying BTC-USDT @ 1786679640
[replaying  54%] replaying BTC-USDT @ 1786679820
[replaying  54%] replaying BTC-USDT @ 1786680000
[replaying  54%] replaying BTC-USDT @ 1786680180
[replaying  54%] replaying BTC-USDT @ 1786680360
[replaying  54%] replaying BTC-USDT @ 1786680540
[replaying  54%] replaying BTC-USDT @ 1786680720
[replaying  54%] replaying BTC-USDT @ 1786680900
[replaying  54%] replaying BTC-USDT @ 1786681080
[replaying  54%] replaying BTC-USDT @ 1786681260
[replaying  54%] replaying BTC-USDT @ 1786681440
[replaying  54%] replaying BTC-USDT @ 1786681620
[replaying  54%] replaying BTC-USDT @ 1786681800
[replaying  54%] replaying BTC-USDT @ 1786681980
[replaying  54%] replaying BTC-USDT @ 1786682160
[replaying  54%] replaying BTC-USDT @ 1786682340
[replaying  54%] replaying BTC-USDT @ 1786682520
[replaying  54%] replaying BTC-USDT @ 1786682700
[replaying  54%] replaying BTC-USDT @ 1786682880
[replaying  54%] replaying BTC-USDT @ 1786683060
[replaying  54%] replaying BTC-USDT @ 1786683240
[replaying  54%] replaying BTC-USDT @ 1786683420
[replaying  54%] replaying BTC-USDT @ 1786683600
[replaying  54%] replaying BTC-USDT @ 1786683780
[replaying  54%] replaying BTC-USDT @ 1786683960
[replaying  54%] replaying BTC-USDT @ 1786684140
[replaying  54%] replaying BTC-USDT @ 1786684320
[replaying  54%] replaying BTC-USDT @ 1786684500
[replaying  54%] replaying BTC-USDT @ 1786684680
[replaying  54%] replaying BTC-USDT @ 1786684860
[replaying  54%] replaying BTC-USDT @ 1786685040
[replaying  54%] replaying BTC-USDT @ 1786685220
[replaying  54%] replaying BTC-USDT @ 1786685400
[replaying  54%] replaying BTC-USDT @ 1786685580
[replaying  54%] replaying BTC-USDT @ 1786685760
[replaying  54%] replaying BTC-USDT @ 1786685940
[replaying  54%] replaying BTC-USDT @ 1786686120
[replaying  54%] replaying BTC-USDT @ 1786686300
[replaying  54%] replaying BTC-USDT @ 1786686480
[replaying  54%] replaying BTC-USDT @ 1786686660
[replaying  54%] replaying BTC-USDT @ 1786686840
[replaying  54%] replaying BTC-USDT @ 1786687020
[replaying  54%] replaying BTC-USDT @ 1786687200
[replaying  54%] replaying BTC-USDT @ 1786687380
[replaying  54%] replaying BTC-USDT @ 1786687560
[replaying  54%] replaying BTC-USDT @ 1786687740
[replaying  54%] replaying BTC-USDT @ 1786687920
[replaying  54%] replaying BTC-USDT @ 1786688100
[replaying  54%] replaying BTC-USDT @ 1786688280
[replaying  54%] replaying BTC-USDT @ 1786688460
[replaying  54%] replaying BTC-USDT @ 1786688640
[replaying  54%] replaying BTC-USDT @ 1786688820
[replaying  55%] replaying BTC-USDT @ 1786689000
[replaying  55%] replaying BTC-USDT @ 1786689180
[replaying  55%] replaying BTC-USDT @ 1786689360
[replaying  55%] replaying BTC-USDT @ 1786689540
[replaying  55%] replaying BTC-USDT @ 1786689720
[replaying  55%] replaying BTC-USDT @ 1786689900
[replaying  55%] replaying BTC-USDT @ 1786690080
[replaying  55%] replaying BTC-USDT @ 1786690260
[replaying  55%] replaying BTC-USDT @ 1786690440
[replaying  55%] replaying BTC-USDT @ 1786690620
[replaying  55%] replaying BTC-USDT @ 1786690800
[replaying  55%] replaying BTC-USDT @ 1786690980
[replaying  55%] replaying BTC-USDT @ 1786691160
[replaying  55%] replaying BTC-USDT @ 1786691340
[replaying  55%] replaying BTC-USDT @ 1786691520
[replaying  55%] replaying BTC-USDT @ 1786691700
[replaying  55%] replaying BTC-USDT @ 1786691880
[replaying  55%] replaying BTC-USDT @ 1786692060
[replaying  55%] replaying BTC-USDT @ 1786692240
[replaying  55%] replaying BTC-USDT @ 1786692420
[replaying  55%] replaying BTC-USDT @ 1786692600
[replaying  55%] replaying BTC-USDT @ 1786692780
[replaying  55%] replaying BTC-USDT @ 1786692960
[replaying  55%] replaying BTC-USDT @ 1786693140
[replaying  55%] replaying BTC-USDT @ 1786693320
[replaying  55%] replaying BTC-USDT @ 1786693500
[replaying  55%] replaying BTC-USDT @ 1786693680
[replaying  55%] replaying BTC-USDT @ 1786693860
[replaying  55%] replaying BTC-USDT @ 1786694040
[replaying  55%] replaying BTC-USDT @ 1786694220
[replaying  55%] replaying BTC-USDT @ 1786694400
[replaying  55%] replaying BTC-USDT @ 1786694580
[replaying  55%] replaying BTC-USDT @ 1786694760
[replaying  55%] replaying BTC-USDT @ 1786694940
[replaying  55%] replaying BTC-USDT @ 1786695120
[replaying  55%] replaying BTC-USDT @ 1786695300
[replaying  55%] replaying BTC-USDT @ 1786695480
[replaying  55%] replaying BTC-USDT @ 1786695660
[replaying  55%] replaying BTC-USDT @ 1786695840
[replaying  55%] replaying BTC-USDT @ 1786696020
[replaying  55%] replaying BTC-USDT @ 1786696200
[replaying  55%] replaying BTC-USDT @ 1786696380
[replaying  55%] replaying BTC-USDT @ 1786696560
[replaying  55%] replaying BTC-USDT @ 1786696740
[replaying  55%] replaying BTC-USDT @ 1786696920
[replaying  55%] replaying BTC-USDT @ 1786697100
[replaying  55%] replaying BTC-USDT @ 1786697280
[replaying  55%] replaying BTC-USDT @ 1786697460
[replaying  55%] replaying BTC-USDT @ 1786697640
[replaying  55%] replaying BTC-USDT @ 1786697820
[replaying  55%] replaying BTC-USDT @ 1786698000
[replaying  55%] replaying BTC-USDT @ 1786698180
[replaying  55%] replaying BTC-USDT @ 1786698360
[replaying  55%] replaying BTC-USDT @ 1786698540
[replaying  55%] replaying BTC-USDT @ 1786698720
[replaying  55%] replaying BTC-USDT @ 1786698900
[replaying  55%] replaying BTC-USDT @ 1786699080
[replaying  55%] replaying BTC-USDT @ 1786699260
[replaying  55%] replaying BTC-USDT @ 1786699440
[replaying  55%] replaying BTC-USDT @ 1786699620
[replaying  55%] replaying BTC-USDT @ 1786699800
[replaying  55%] replaying BTC-USDT @ 1786699980
[replaying  55%] replaying BTC-USDT @ 1786700160
[replaying  55%] replaying BTC-USDT @ 1786700340
[replaying  55%] replaying BTC-USDT @ 1786700520
[replaying  55%] replaying BTC-USDT @ 1786700700
[replaying  55%] replaying BTC-USDT @ 1786700880
[replaying  55%] replaying BTC-USDT @ 1786701060
[replaying  55%] replaying BTC-USDT @ 1786701240
[replaying  55%] replaying BTC-USDT @ 1786701420
[replaying  55%] replaying BTC-USDT @ 1786701600
[replaying  55%] replaying BTC-USDT @ 1786701780
[replaying  55%] replaying BTC-USDT @ 1786701960
[replaying  55%] replaying BTC-USDT @ 1786702140
[replaying  55%] replaying BTC-USDT @ 1786702320
[replaying  55%] replaying BTC-USDT @ 1786702500
[replaying  55%] replaying BTC-USDT @ 1786702680
[replaying  55%] replaying BTC-USDT @ 1786702860
[replaying  55%] replaying BTC-USDT @ 1786703040
[replaying  55%] replaying BTC-USDT @ 1786703220
[replaying  55%] replaying BTC-USDT @ 1786703400
[replaying  55%] replaying BTC-USDT @ 1786703580
[replaying  56%] replaying BTC-USDT @ 1786703760
[replaying  56%] replaying BTC-USDT @ 1786703940
[replaying  56%] replaying BTC-USDT @ 1786704120
[replaying  56%] replaying BTC-USDT @ 1786704300
[replaying  56%] replaying BTC-USDT @ 1786704480
[replaying  56%] replaying BTC-USDT @ 1786704660
[replaying  56%] replaying BTC-USDT @ 1786704840
[replaying  56%] replaying BTC-USDT @ 1786705020
[replaying  56%] replaying BTC-USDT @ 1786705200
[replaying  56%] replaying BTC-USDT @ 1786705380
[replaying  56%] replaying BTC-USDT @ 1786705560
[replaying  56%] replaying BTC-USDT @ 1786705740
[replaying  56%] replaying BTC-USDT @ 1786705920
[replaying  56%] replaying BTC-USDT @ 1786706100
[replaying  56%] replaying BTC-USDT @ 1786706280
[replaying  56%] replaying BTC-USDT @ 1786706460
[replaying  56%] replaying BTC-USDT @ 1786706640
[replaying  56%] replaying BTC-USDT @ 1786706820
[replaying  56%] replaying BTC-USDT @ 1786707000
[replaying  56%] replaying BTC-USDT @ 1786707180
[replaying  56%] replaying BTC-USDT @ 1786707360
[replaying  56%] replaying BTC-USDT @ 1786707540
[replaying  56%] replaying BTC-USDT @ 1786707720
[replaying  56%] replaying BTC-USDT @ 1786707900
[replaying  56%] replaying BTC-USDT @ 1786708080
[replaying  56%] replaying BTC-USDT @ 1786708260
[replaying  56%] replaying BTC-USDT @ 1786708440
[replaying  56%] replaying BTC-USDT @ 1786708620
[replaying  56%] replaying BTC-USDT @ 1786708800
[replaying  56%] replaying BTC-USDT @ 1786708980
[replaying  56%] replaying BTC-USDT @ 1786709160
[replaying  56%] replaying BTC-USDT @ 1786709340
[replaying  56%] replaying BTC-USDT @ 1786709520
[replaying  56%] replaying BTC-USDT @ 1786709700
[replaying  56%] replaying BTC-USDT @ 1786709880
[replaying  56%] replaying BTC-USDT @ 1786710060
[replaying  56%] replaying BTC-USDT @ 1786710240
[replaying  56%] replaying BTC-USDT @ 1786710420
[replaying  56%] replaying BTC-USDT @ 1786710600
[replaying  56%] replaying BTC-USDT @ 1786710780
[replaying  56%] replaying BTC-USDT @ 1786710960
[replaying  56%] replaying BTC-USDT @ 1786711140
[replaying  56%] replaying BTC-USDT @ 1786711320
[replaying  56%] replaying BTC-USDT @ 1786711500
[replaying  56%] replaying BTC-USDT @ 1786711680
[replaying  56%] replaying BTC-USDT @ 1786711860
[replaying  56%] replaying BTC-USDT @ 1786712040
[replaying  56%] replaying BTC-USDT @ 1786712220
[replaying  56%] replaying BTC-USDT @ 1786712400
[replaying  56%] replaying BTC-USDT @ 1786712580
[replaying  56%] replaying BTC-USDT @ 1786712760
[replaying  56%] replaying BTC-USDT @ 1786712940
[replaying  56%] replaying BTC-USDT @ 1786713120
[replaying  56%] replaying BTC-USDT @ 1786713300
[replaying  56%] replaying BTC-USDT @ 1786713480
[replaying  56%] replaying BTC-USDT @ 1786713660
[replaying  56%] replaying BTC-USDT @ 1786713840
[replaying  56%] replaying BTC-USDT @ 1786714020
[replaying  56%] replaying BTC-USDT @ 1786714200
[replaying  56%] replaying BTC-USDT @ 1786714380
[replaying  56%] replaying BTC-USDT @ 1786714560
[replaying  56%] replaying BTC-USDT @ 1786714740
[replaying  56%] replaying BTC-USDT @ 1786714920
[replaying  56%] replaying BTC-USDT @ 1786715100
[replaying  56%] replaying BTC-USDT @ 1786715280
[replaying  56%] replaying BTC-USDT @ 1786715460
[replaying  56%] replaying BTC-USDT @ 1786715640
[replaying  56%] replaying BTC-USDT @ 1786715820
[replaying  56%] replaying BTC-USDT @ 1786716000
[replaying  56%] replaying BTC-USDT @ 1786716180
[replaying  56%] replaying BTC-USDT @ 1786716360
[replaying  56%] replaying BTC-USDT @ 1786716540
[replaying  56%] replaying BTC-USDT @ 1786716720
[replaying  56%] replaying BTC-USDT @ 1786716900
[replaying  56%] replaying BTC-USDT @ 1786717080
[replaying  56%] replaying BTC-USDT @ 1786717260
[replaying  56%] replaying BTC-USDT @ 1786717440
[replaying  56%] replaying BTC-USDT @ 1786717620
[replaying  56%] replaying BTC-USDT @ 1786717800
[replaying  56%] replaying BTC-USDT @ 1786717980
[replaying  56%] replaying BTC-USDT @ 1786718160
[replaying  56%] replaying BTC-USDT @ 1786718340
[replaying  56%] replaying BTC-USDT @ 1786718520
[replaying  57%] replaying BTC-USDT @ 1786718700
[replaying  57%] replaying BTC-USDT @ 1786718880
[replaying  57%] replaying BTC-USDT @ 1786719060
[replaying  57%] replaying BTC-USDT @ 1786719240
[replaying  57%] replaying BTC-USDT @ 1786719420
[replaying  57%] replaying BTC-USDT @ 1786719600
[replaying  57%] replaying BTC-USDT @ 1786719780
[replaying  57%] replaying BTC-USDT @ 1786719960
[replaying  57%] replaying BTC-USDT @ 1786720140
[replaying  57%] replaying BTC-USDT @ 1786720320
[replaying  57%] replaying BTC-USDT @ 1786720500
[replaying  57%] replaying BTC-USDT @ 1786720680
[replaying  57%] replaying BTC-USDT @ 1786720860
[replaying  57%] replaying BTC-USDT @ 1786721040
[replaying  57%] replaying BTC-USDT @ 1786721220
[replaying  57%] replaying BTC-USDT @ 1786721400
[replaying  57%] replaying BTC-USDT @ 1786721580
[replaying  57%] replaying BTC-USDT @ 1786721760
[replaying  57%] replaying BTC-USDT @ 1786721940
[replaying  57%] replaying BTC-USDT @ 1786722120
[replaying  57%] replaying BTC-USDT @ 1786722300
[replaying  57%] replaying BTC-USDT @ 1786722480
[replaying  57%] replaying BTC-USDT @ 1786722660
[replaying  57%] replaying BTC-USDT @ 1786722840
[replaying  57%] replaying BTC-USDT @ 1786723020
[replaying  57%] replaying BTC-USDT @ 1786723200
💰 FUNDING: Settlement applied — -0.0099927054184994263151190006 (rate=0.0100%)
[replaying  57%] replaying BTC-USDT @ 1786723380
[replaying  57%] replaying BTC-USDT @ 1786723560
[replaying  57%] replaying BTC-USDT @ 1786723740
[replaying  57%] replaying BTC-USDT @ 1786723920
[replaying  57%] replaying BTC-USDT @ 1786724100
[replaying  57%] replaying BTC-USDT @ 1786724280
[replaying  57%] replaying BTC-USDT @ 1786724460
[replaying  57%] replaying BTC-USDT @ 1786724640
[replaying  57%] replaying BTC-USDT @ 1786724820
[replaying  57%] replaying BTC-USDT @ 1786725000
[replaying  57%] replaying BTC-USDT @ 1786725180
[replaying  57%] replaying BTC-USDT @ 1786725360
[replaying  57%] replaying BTC-USDT @ 1786725540
[replaying  57%] replaying BTC-USDT @ 1786725720
[replaying  57%] replaying BTC-USDT @ 1786725900
[replaying  57%] replaying BTC-USDT @ 1786726080
[replaying  57%] replaying BTC-USDT @ 1786726260
[replaying  57%] replaying BTC-USDT @ 1786726440
[replaying  57%] replaying BTC-USDT @ 1786726620
[replaying  57%] replaying BTC-USDT @ 1786726800
[replaying  57%] replaying BTC-USDT @ 1786726980
[replaying  57%] replaying BTC-USDT @ 1786727160
[replaying  57%] replaying BTC-USDT @ 1786727340
[replaying  57%] replaying BTC-USDT @ 1786727520
[replaying  57%] replaying BTC-USDT @ 1786727700
[replaying  57%] replaying BTC-USDT @ 1786727880
[replaying  57%] replaying BTC-USDT @ 1786728060
[replaying  57%] replaying BTC-USDT @ 1786728240
[replaying  57%] replaying BTC-USDT @ 1786728420
[replaying  57%] replaying BTC-USDT @ 1786728600
[replaying  57%] replaying BTC-USDT @ 1786728780
[replaying  57%] replaying BTC-USDT @ 1786728960
[replaying  57%] replaying BTC-USDT @ 1786729140
[replaying  57%] replaying BTC-USDT @ 1786729320
[replaying  57%] replaying BTC-USDT @ 1786729500
[replaying  57%] replaying BTC-USDT @ 1786729680
[replaying  57%] replaying BTC-USDT @ 1786729860
[replaying  57%] replaying BTC-USDT @ 1786730040
[replaying  57%] replaying BTC-USDT @ 1786730220
[replaying  57%] replaying BTC-USDT @ 1786730400
[replaying  57%] replaying BTC-USDT @ 1786730580
[replaying  57%] replaying BTC-USDT @ 1786730760
[replaying  57%] replaying BTC-USDT @ 1786730940
[replaying  57%] replaying BTC-USDT @ 1786731120
[replaying  57%] replaying BTC-USDT @ 1786731300
[replaying  57%] replaying BTC-USDT @ 1786731480
[replaying  57%] replaying BTC-USDT @ 1786731660
[replaying  57%] replaying BTC-USDT @ 1786731840
[replaying  57%] replaying BTC-USDT @ 1786732020
[replaying  57%] replaying BTC-USDT @ 1786732200
[replaying  57%] replaying BTC-USDT @ 1786732380
[replaying  57%] replaying BTC-USDT @ 1786732560
[replaying  57%] replaying BTC-USDT @ 1786732740
[replaying  57%] replaying BTC-USDT @ 1786732920
[replaying  57%] replaying BTC-USDT @ 1786733100
[replaying  57%] replaying BTC-USDT @ 1786733280
[replaying  57%] replaying BTC-USDT @ 1786733460
[replaying  58%] replaying BTC-USDT @ 1786733640
[replaying  58%] replaying BTC-USDT @ 1786733820
[replaying  58%] replaying BTC-USDT @ 1786734000
[replaying  58%] replaying BTC-USDT @ 1786734180
[replaying  58%] replaying BTC-USDT @ 1786734360
[replaying  58%] replaying BTC-USDT @ 1786734540
[replaying  58%] replaying BTC-USDT @ 1786734720
[replaying  58%] replaying BTC-USDT @ 1786734900
[replaying  58%] replaying BTC-USDT @ 1786735080
[replaying  58%] replaying BTC-USDT @ 1786735260
[replaying  58%] replaying BTC-USDT @ 1786735440
[replaying  58%] replaying BTC-USDT @ 1786735620
[replaying  58%] replaying BTC-USDT @ 1786735800
[replaying  58%] replaying BTC-USDT @ 1786735980
[replaying  58%] replaying BTC-USDT @ 1786736160
[replaying  58%] replaying BTC-USDT @ 1786736340
[replaying  58%] replaying BTC-USDT @ 1786736520
[replaying  58%] replaying BTC-USDT @ 1786736700
[replaying  58%] replaying BTC-USDT @ 1786736880
[replaying  58%] replaying BTC-USDT @ 1786737060
[replaying  58%] replaying BTC-USDT @ 1786737240
[replaying  58%] replaying BTC-USDT @ 1786737420
[replaying  58%] replaying BTC-USDT @ 1786737600
[replaying  58%] replaying BTC-USDT @ 1786737780
[replaying  58%] replaying BTC-USDT @ 1786737960
[replaying  58%] replaying BTC-USDT @ 1786738140
[replaying  58%] replaying BTC-USDT @ 1786738320
[replaying  58%] replaying BTC-USDT @ 1786738500
[replaying  58%] replaying BTC-USDT @ 1786738680
[replaying  58%] replaying BTC-USDT @ 1786738860
[replaying  58%] replaying BTC-USDT @ 1786739040
[replaying  58%] replaying BTC-USDT @ 1786739220
[replaying  58%] replaying BTC-USDT @ 1786739400
[replaying  58%] replaying BTC-USDT @ 1786739580
[replaying  58%] replaying BTC-USDT @ 1786739760
[replaying  58%] replaying BTC-USDT @ 1786739940
[replaying  58%] replaying BTC-USDT @ 1786740120
[replaying  58%] replaying BTC-USDT @ 1786740300
[replaying  58%] replaying BTC-USDT @ 1786740480
[replaying  58%] replaying BTC-USDT @ 1786740660
[replaying  58%] replaying BTC-USDT @ 1786740840
[replaying  58%] replaying BTC-USDT @ 1786741020
[replaying  58%] replaying BTC-USDT @ 1786741200
[replaying  58%] replaying BTC-USDT @ 1786741380
[replaying  58%] replaying BTC-USDT @ 1786741560
[replaying  58%] replaying BTC-USDT @ 1786741740
[replaying  58%] replaying BTC-USDT @ 1786741920
[replaying  58%] replaying BTC-USDT @ 1786742100
[replaying  58%] replaying BTC-USDT @ 1786742280
[replaying  58%] replaying BTC-USDT @ 1786742460
[replaying  58%] replaying BTC-USDT @ 1786742640
[replaying  58%] replaying BTC-USDT @ 1786742820
[replaying  58%] replaying BTC-USDT @ 1786743000
[replaying  58%] replaying BTC-USDT @ 1786743180
[replaying  58%] replaying BTC-USDT @ 1786743360
[replaying  58%] replaying BTC-USDT @ 1786743540
[replaying  58%] replaying BTC-USDT @ 1786743720
[replaying  58%] replaying BTC-USDT @ 1786743900
[replaying  58%] replaying BTC-USDT @ 1786744080
[replaying  58%] replaying BTC-USDT @ 1786744260
[replaying  58%] replaying BTC-USDT @ 1786744440
[replaying  58%] replaying BTC-USDT @ 1786744620
[replaying  58%] replaying BTC-USDT @ 1786744800
[replaying  58%] replaying BTC-USDT @ 1786744980
[replaying  58%] replaying BTC-USDT @ 1786745160
[replaying  58%] replaying BTC-USDT @ 1786745340
[replaying  58%] replaying BTC-USDT @ 1786745520
[replaying  58%] replaying BTC-USDT @ 1786745700
[replaying  58%] replaying BTC-USDT @ 1786745880
[replaying  58%] replaying BTC-USDT @ 1786746060
[replaying  58%] replaying BTC-USDT @ 1786746240
[replaying  58%] replaying BTC-USDT @ 1786746420
[replaying  58%] replaying BTC-USDT @ 1786746600
[replaying  58%] replaying BTC-USDT @ 1786746780
[replaying  58%] replaying BTC-USDT @ 1786746960
[replaying  58%] replaying BTC-USDT @ 1786747140
[replaying  58%] replaying BTC-USDT @ 1786747320
[replaying  58%] replaying BTC-USDT @ 1786747500
[replaying  58%] replaying BTC-USDT @ 1786747680
[replaying  58%] replaying BTC-USDT @ 1786747860
[replaying  58%] replaying BTC-USDT @ 1786748040
[replaying  58%] replaying BTC-USDT @ 1786748220
[replaying  59%] replaying BTC-USDT @ 1786748400
[replaying  59%] replaying BTC-USDT @ 1786748580
[replaying  59%] replaying BTC-USDT @ 1786748760
[replaying  59%] replaying BTC-USDT @ 1786748940
[replaying  59%] replaying BTC-USDT @ 1786749120
[replaying  59%] replaying BTC-USDT @ 1786749300
[replaying  59%] replaying BTC-USDT @ 1786749480
[replaying  59%] replaying BTC-USDT @ 1786749660
[replaying  59%] replaying BTC-USDT @ 1786749840
[replaying  59%] replaying BTC-USDT @ 1786750020
[replaying  59%] replaying BTC-USDT @ 1786750200
[replaying  59%] replaying BTC-USDT @ 1786750380
[replaying  59%] replaying BTC-USDT @ 1786750560
[replaying  59%] replaying BTC-USDT @ 1786750740
[replaying  59%] replaying BTC-USDT @ 1786750920
[replaying  59%] replaying BTC-USDT @ 1786751100
[replaying  59%] replaying BTC-USDT @ 1786751280
[replaying  59%] replaying BTC-USDT @ 1786751460
[replaying  59%] replaying BTC-USDT @ 1786751640
[replaying  59%] replaying BTC-USDT @ 1786751820
[replaying  59%] replaying BTC-USDT @ 1786752000
💰 FUNDING: Settlement applied — -0.0099927054184994263151190006 (rate=0.0100%)
[replaying  59%] replaying BTC-USDT @ 1786752180
[replaying  59%] replaying BTC-USDT @ 1786752360
[replaying  59%] replaying BTC-USDT @ 1786752540
[replaying  59%] replaying BTC-USDT @ 1786752720
[replaying  59%] replaying BTC-USDT @ 1786752900
[replaying  59%] replaying BTC-USDT @ 1786753080
[replaying  59%] replaying BTC-USDT @ 1786753260
[replaying  59%] replaying BTC-USDT @ 1786753440
[replaying  59%] replaying BTC-USDT @ 1786753620
[replaying  59%] replaying BTC-USDT @ 1786753800
[replaying  59%] replaying BTC-USDT @ 1786753980
[replaying  59%] replaying BTC-USDT @ 1786754160
[replaying  59%] replaying BTC-USDT @ 1786754340
[replaying  59%] replaying BTC-USDT @ 1786754520
[replaying  59%] replaying BTC-USDT @ 1786754700
[replaying  59%] replaying BTC-USDT @ 1786754880
[replaying  59%] replaying BTC-USDT @ 1786755060
[replaying  59%] replaying BTC-USDT @ 1786755240
[replaying  59%] replaying BTC-USDT @ 1786755420
[replaying  59%] replaying BTC-USDT @ 1786755600
[replaying  59%] replaying BTC-USDT @ 1786755780
[replaying  59%] replaying BTC-USDT @ 1786755960
[replaying  59%] replaying BTC-USDT @ 1786756140
[replaying  59%] replaying BTC-USDT @ 1786756320
[replaying  59%] replaying BTC-USDT @ 1786756500
[replaying  59%] replaying BTC-USDT @ 1786756680
[replaying  59%] replaying BTC-USDT @ 1786756860
[replaying  59%] replaying BTC-USDT @ 1786757040
[replaying  59%] replaying BTC-USDT @ 1786757220
[replaying  59%] replaying BTC-USDT @ 1786757400
[replaying  59%] replaying BTC-USDT @ 1786757580
[replaying  59%] replaying BTC-USDT @ 1786757760
[replaying  59%] replaying BTC-USDT @ 1786757940
[replaying  59%] replaying BTC-USDT @ 1786758120
[replaying  59%] replaying BTC-USDT @ 1786758300
[replaying  59%] replaying BTC-USDT @ 1786758480
[replaying  59%] replaying BTC-USDT @ 1786758660
[replaying  59%] replaying BTC-USDT @ 1786758840
[replaying  59%] replaying BTC-USDT @ 1786759020
[replaying  59%] replaying BTC-USDT @ 1786759200
[replaying  59%] replaying BTC-USDT @ 1786759380
[replaying  59%] replaying BTC-USDT @ 1786759560
[replaying  59%] replaying BTC-USDT @ 1786759740
[replaying  59%] replaying BTC-USDT @ 1786759920
[replaying  59%] replaying BTC-USDT @ 1786760100
[replaying  59%] replaying BTC-USDT @ 1786760280
[replaying  59%] replaying BTC-USDT @ 1786760460
[replaying  59%] replaying BTC-USDT @ 1786760640
[replaying  59%] replaying BTC-USDT @ 1786760820
[replaying  59%] replaying BTC-USDT @ 1786761000
[replaying  59%] replaying BTC-USDT @ 1786761180
[replaying  59%] replaying BTC-USDT @ 1786761360
[replaying  59%] replaying BTC-USDT @ 1786761540
[replaying  59%] replaying BTC-USDT @ 1786761720
[replaying  59%] replaying BTC-USDT @ 1786761900
[replaying  59%] replaying BTC-USDT @ 1786762080
[replaying  59%] replaying BTC-USDT @ 1786762260
[replaying  59%] replaying BTC-USDT @ 1786762440
[replaying  59%] replaying BTC-USDT @ 1786762620
[replaying  59%] replaying BTC-USDT @ 1786762800
[replaying  59%] replaying BTC-USDT @ 1786762980
[replaying  59%] replaying BTC-USDT @ 1786763160
[replaying  60%] replaying BTC-USDT @ 1786763340
[replaying  60%] replaying BTC-USDT @ 1786763520
[replaying  60%] replaying BTC-USDT @ 1786763700
[replaying  60%] replaying BTC-USDT @ 1786763880
[replaying  60%] replaying BTC-USDT @ 1786764060
[replaying  60%] replaying BTC-USDT @ 1786764240
[replaying  60%] replaying BTC-USDT @ 1786764420
[replaying  60%] replaying BTC-USDT @ 1786764600
[replaying  60%] replaying BTC-USDT @ 1786764780
[replaying  60%] replaying BTC-USDT @ 1786764960
[replaying  60%] replaying BTC-USDT @ 1786765140
[replaying  60%] replaying BTC-USDT @ 1786765320
[replaying  60%] replaying BTC-USDT @ 1786765500
[replaying  60%] replaying BTC-USDT @ 1786765680
[replaying  60%] replaying BTC-USDT @ 1786765860
[replaying  60%] replaying BTC-USDT @ 1786766040
[replaying  60%] replaying BTC-USDT @ 1786766220
[replaying  60%] replaying BTC-USDT @ 1786766400
[replaying  60%] replaying BTC-USDT @ 1786766580
[replaying  60%] replaying BTC-USDT @ 1786766760
[replaying  60%] replaying BTC-USDT @ 1786766940
[replaying  60%] replaying BTC-USDT @ 1786767120
[replaying  60%] replaying BTC-USDT @ 1786767300
[replaying  60%] replaying BTC-USDT @ 1786767480
[replaying  60%] replaying BTC-USDT @ 1786767660
[replaying  60%] replaying BTC-USDT @ 1786767840
[replaying  60%] replaying BTC-USDT @ 1786768020
[replaying  60%] replaying BTC-USDT @ 1786768200
[replaying  60%] replaying BTC-USDT @ 1786768380
[replaying  60%] replaying BTC-USDT @ 1786768560
[replaying  60%] replaying BTC-USDT @ 1786768740
[replaying  60%] replaying BTC-USDT @ 1786768920
[replaying  60%] replaying BTC-USDT @ 1786769100
[replaying  60%] replaying BTC-USDT @ 1786769280
[replaying  60%] replaying BTC-USDT @ 1786769460
[replaying  60%] replaying BTC-USDT @ 1786769640
[replaying  60%] replaying BTC-USDT @ 1786769820
[replaying  60%] replaying BTC-USDT @ 1786770000
[replaying  60%] replaying BTC-USDT @ 1786770180
[replaying  60%] replaying BTC-USDT @ 1786770360
[replaying  60%] replaying BTC-USDT @ 1786770540
[replaying  60%] replaying BTC-USDT @ 1786770720
[replaying  60%] replaying BTC-USDT @ 1786770900
[replaying  60%] replaying BTC-USDT @ 1786771080
[replaying  60%] replaying BTC-USDT @ 1786771260
[replaying  60%] replaying BTC-USDT @ 1786771440
[replaying  60%] replaying BTC-USDT @ 1786771620
[replaying  60%] replaying BTC-USDT @ 1786771800
[replaying  60%] replaying BTC-USDT @ 1786771980
[replaying  60%] replaying BTC-USDT @ 1786772160
[replaying  60%] replaying BTC-USDT @ 1786772340
[replaying  60%] replaying BTC-USDT @ 1786772520
[replaying  60%] replaying BTC-USDT @ 1786772700
[replaying  60%] replaying BTC-USDT @ 1786772880
[replaying  60%] replaying BTC-USDT @ 1786773060
[replaying  60%] replaying BTC-USDT @ 1786773240
[replaying  60%] replaying BTC-USDT @ 1786773420
[replaying  60%] replaying BTC-USDT @ 1786773600
[replaying  60%] replaying BTC-USDT @ 1786773780
[replaying  60%] replaying BTC-USDT @ 1786773960
[replaying  60%] replaying BTC-USDT @ 1786774140
[replaying  60%] replaying BTC-USDT @ 1786774320
[replaying  60%] replaying BTC-USDT @ 1786774500
[replaying  60%] replaying BTC-USDT @ 1786774680
[replaying  60%] replaying BTC-USDT @ 1786774860
[replaying  60%] replaying BTC-USDT @ 1786775040
[replaying  60%] replaying BTC-USDT @ 1786775220
[replaying  60%] replaying BTC-USDT @ 1786775400
[replaying  60%] replaying BTC-USDT @ 1786775580
[replaying  60%] replaying BTC-USDT @ 1786775760
[replaying  60%] replaying BTC-USDT @ 1786775940
[replaying  60%] replaying BTC-USDT @ 1786776120
[replaying  60%] replaying BTC-USDT @ 1786776300
[replaying  60%] replaying BTC-USDT @ 1786776480
[replaying  60%] replaying BTC-USDT @ 1786776660
[replaying  60%] replaying BTC-USDT @ 1786776840
[replaying  60%] replaying BTC-USDT @ 1786777020
[replaying  60%] replaying BTC-USDT @ 1786777200
[replaying  60%] replaying BTC-USDT @ 1786777380
[replaying  60%] replaying BTC-USDT @ 1786777560
[replaying  60%] replaying BTC-USDT @ 1786777740
[replaying  60%] replaying BTC-USDT @ 1786777920
[replaying  60%] replaying BTC-USDT @ 1786778100
[replaying  61%] replaying BTC-USDT @ 1786778280
[replaying  61%] replaying BTC-USDT @ 1786778460
[replaying  61%] replaying BTC-USDT @ 1786778640
[replaying  61%] replaying BTC-USDT @ 1786778820
[replaying  61%] replaying BTC-USDT @ 1786779000
[replaying  61%] replaying BTC-USDT @ 1786779180
[replaying  61%] replaying BTC-USDT @ 1786779360
[replaying  61%] replaying BTC-USDT @ 1786779540
[replaying  61%] replaying BTC-USDT @ 1786779720
[replaying  61%] replaying BTC-USDT @ 1786779900
[replaying  61%] replaying BTC-USDT @ 1786780080
[replaying  61%] replaying BTC-USDT @ 1786780260
[replaying  61%] replaying BTC-USDT @ 1786780440
[replaying  61%] replaying BTC-USDT @ 1786780620
[replaying  61%] replaying BTC-USDT @ 1786780800
💰 FUNDING: Settlement applied — -0.0099927054184994263151190006 (rate=0.0100%)
[replaying  61%] replaying BTC-USDT @ 1786780980
[replaying  61%] replaying BTC-USDT @ 1786781160
[replaying  61%] replaying BTC-USDT @ 1786781340
[replaying  61%] replaying BTC-USDT @ 1786781520
[replaying  61%] replaying BTC-USDT @ 1786781700
[replaying  61%] replaying BTC-USDT @ 1786781880
[replaying  61%] replaying BTC-USDT @ 1786782060
[replaying  61%] replaying BTC-USDT @ 1786782240
[replaying  61%] replaying BTC-USDT @ 1786782420
[replaying  61%] replaying BTC-USDT @ 1786782600
[replaying  61%] replaying BTC-USDT @ 1786782780
[replaying  61%] replaying BTC-USDT @ 1786782960
[replaying  61%] replaying BTC-USDT @ 1786783140
[replaying  61%] replaying BTC-USDT @ 1786783320
[replaying  61%] replaying BTC-USDT @ 1786783500
[replaying  61%] replaying BTC-USDT @ 1786783680
[replaying  61%] replaying BTC-USDT @ 1786783860
[replaying  61%] replaying BTC-USDT @ 1786784040
[replaying  61%] replaying BTC-USDT @ 1786784220
[replaying  61%] replaying BTC-USDT @ 1786784400
[replaying  61%] replaying BTC-USDT @ 1786784580
[replaying  61%] replaying BTC-USDT @ 1786784760
[replaying  61%] replaying BTC-USDT @ 1786784940
[replaying  61%] replaying BTC-USDT @ 1786785120
[replaying  61%] replaying BTC-USDT @ 1786785300
[replaying  61%] replaying BTC-USDT @ 1786785480
[replaying  61%] replaying BTC-USDT @ 1786785660
[replaying  61%] replaying BTC-USDT @ 1786785840
[replaying  61%] replaying BTC-USDT @ 1786786020
[replaying  61%] replaying BTC-USDT @ 1786786200
[replaying  61%] replaying BTC-USDT @ 1786786380
[replaying  61%] replaying BTC-USDT @ 1786786560
[replaying  61%] replaying BTC-USDT @ 1786786740
[replaying  61%] replaying BTC-USDT @ 1786786920
[replaying  61%] replaying BTC-USDT @ 1786787100
[replaying  61%] replaying BTC-USDT @ 1786787280
[replaying  61%] replaying BTC-USDT @ 1786787460
[replaying  61%] replaying BTC-USDT @ 1786787640
[replaying  61%] replaying BTC-USDT @ 1786787820
[replaying  61%] replaying BTC-USDT @ 1786788000
[replaying  61%] replaying BTC-USDT @ 1786788180
[replaying  61%] replaying BTC-USDT @ 1786788360
[replaying  61%] replaying BTC-USDT @ 1786788540
[replaying  61%] replaying BTC-USDT @ 1786788720
[replaying  61%] replaying BTC-USDT @ 1786788900
[replaying  61%] replaying BTC-USDT @ 1786789080
[replaying  61%] replaying BTC-USDT @ 1786789260
[replaying  61%] replaying BTC-USDT @ 1786789440
[replaying  61%] replaying BTC-USDT @ 1786789620
[replaying  61%] replaying BTC-USDT @ 1786789800
[replaying  61%] replaying BTC-USDT @ 1786789980
[replaying  61%] replaying BTC-USDT @ 1786790160
[replaying  61%] replaying BTC-USDT @ 1786790340
[replaying  61%] replaying BTC-USDT @ 1786790520
[replaying  61%] replaying BTC-USDT @ 1786790700
[replaying  61%] replaying BTC-USDT @ 1786790880
[replaying  61%] replaying BTC-USDT @ 1786791060
[replaying  61%] replaying BTC-USDT @ 1786791240
[replaying  61%] replaying BTC-USDT @ 1786791420
[replaying  61%] replaying BTC-USDT @ 1786791600
[replaying  61%] replaying BTC-USDT @ 1786791780
[replaying  61%] replaying BTC-USDT @ 1786791960
[replaying  61%] replaying BTC-USDT @ 1786792140
[replaying  61%] replaying BTC-USDT @ 1786792320
[replaying  61%] replaying BTC-USDT @ 1786792500
[replaying  61%] replaying BTC-USDT @ 1786792680
[replaying  61%] replaying BTC-USDT @ 1786792860
[replaying  62%] replaying BTC-USDT @ 1786793040
[replaying  62%] replaying BTC-USDT @ 1786793220
[replaying  62%] replaying BTC-USDT @ 1786793400
[replaying  62%] replaying BTC-USDT @ 1786793580
[replaying  62%] replaying BTC-USDT @ 1786793760
[replaying  62%] replaying BTC-USDT @ 1786793940
[replaying  62%] replaying BTC-USDT @ 1786794120
[replaying  62%] replaying BTC-USDT @ 1786794300
[replaying  62%] replaying BTC-USDT @ 1786794480
[replaying  62%] replaying BTC-USDT @ 1786794660
[replaying  62%] replaying BTC-USDT @ 1786794840
[replaying  62%] replaying BTC-USDT @ 1786795020
[replaying  62%] replaying BTC-USDT @ 1786795200
[replaying  62%] replaying BTC-USDT @ 1786795380
[replaying  62%] replaying BTC-USDT @ 1786795560
[replaying  62%] replaying BTC-USDT @ 1786795740
[replaying  62%] replaying BTC-USDT @ 1786795920
[replaying  62%] replaying BTC-USDT @ 1786796100
[replaying  62%] replaying BTC-USDT @ 1786796280
[replaying  62%] replaying BTC-USDT @ 1786796460
[replaying  62%] replaying BTC-USDT @ 1786796640
[replaying  62%] replaying BTC-USDT @ 1786796820
[replaying  62%] replaying BTC-USDT @ 1786797000
[replaying  62%] replaying BTC-USDT @ 1786797180
[replaying  62%] replaying BTC-USDT @ 1786797360
[replaying  62%] replaying BTC-USDT @ 1786797540
[replaying  62%] replaying BTC-USDT @ 1786797720
[replaying  62%] replaying BTC-USDT @ 1786797900
[replaying  62%] replaying BTC-USDT @ 1786798080
[replaying  62%] replaying BTC-USDT @ 1786798260
[replaying  62%] replaying BTC-USDT @ 1786798440
[replaying  62%] replaying BTC-USDT @ 1786798620
[replaying  62%] replaying BTC-USDT @ 1786798800
[replaying  62%] replaying BTC-USDT @ 1786798980
[replaying  62%] replaying BTC-USDT @ 1786799160
[replaying  62%] replaying BTC-USDT @ 1786799340
[replaying  62%] replaying BTC-USDT @ 1786799520
[replaying  62%] replaying BTC-USDT @ 1786799700
[replaying  62%] replaying BTC-USDT @ 1786799880
[replaying  62%] replaying BTC-USDT @ 1786800060
[replaying  62%] replaying BTC-USDT @ 1786800240
[replaying  62%] replaying BTC-USDT @ 1786800420
[replaying  62%] replaying BTC-USDT @ 1786800600
[replaying  62%] replaying BTC-USDT @ 1786800780
[replaying  62%] replaying BTC-USDT @ 1786800960
[replaying  62%] replaying BTC-USDT @ 1786801140
[replaying  62%] replaying BTC-USDT @ 1786801320
[replaying  62%] replaying BTC-USDT @ 1786801500
[replaying  62%] replaying BTC-USDT @ 1786801680
[replaying  62%] replaying BTC-USDT @ 1786801860
[replaying  62%] replaying BTC-USDT @ 1786802040
[replaying  62%] replaying BTC-USDT @ 1786802220
[replaying  62%] replaying BTC-USDT @ 1786802400
[replaying  62%] replaying BTC-USDT @ 1786802580
[replaying  62%] replaying BTC-USDT @ 1786802760
[replaying  62%] replaying BTC-USDT @ 1786802940
[replaying  62%] replaying BTC-USDT @ 1786803120
[replaying  62%] replaying BTC-USDT @ 1786803300
[replaying  62%] replaying BTC-USDT @ 1786803480
[replaying  62%] replaying BTC-USDT @ 1786803660
[replaying  62%] replaying BTC-USDT @ 1786803840
[replaying  62%] replaying BTC-USDT @ 1786804020
[replaying  62%] replaying BTC-USDT @ 1786804200
[replaying  62%] replaying BTC-USDT @ 1786804380
[replaying  62%] replaying BTC-USDT @ 1786804560
[replaying  62%] replaying BTC-USDT @ 1786804740
[replaying  62%] replaying BTC-USDT @ 1786804920
[replaying  62%] replaying BTC-USDT @ 1786805100
[replaying  62%] replaying BTC-USDT @ 1786805280
[replaying  62%] replaying BTC-USDT @ 1786805460
[replaying  62%] replaying BTC-USDT @ 1786805640
[replaying  62%] replaying BTC-USDT @ 1786805820
[replaying  62%] replaying BTC-USDT @ 1786806000
[replaying  62%] replaying BTC-USDT @ 1786806180
[replaying  62%] replaying BTC-USDT @ 1786806360
[replaying  62%] replaying BTC-USDT @ 1786806540
[replaying  62%] replaying BTC-USDT @ 1786806720
[replaying  62%] replaying BTC-USDT @ 1786806900
[replaying  62%] replaying BTC-USDT @ 1786807080
[replaying  62%] replaying BTC-USDT @ 1786807260
[replaying  62%] replaying BTC-USDT @ 1786807440
[replaying  62%] replaying BTC-USDT @ 1786807620
[replaying  62%] replaying BTC-USDT @ 1786807800
[replaying  63%] replaying BTC-USDT @ 1786807980
[replaying  63%] replaying BTC-USDT @ 1786808160
[replaying  63%] replaying BTC-USDT @ 1786808340
[replaying  63%] replaying BTC-USDT @ 1786808520
[replaying  63%] replaying BTC-USDT @ 1786808700
[replaying  63%] replaying BTC-USDT @ 1786808880
[replaying  63%] replaying BTC-USDT @ 1786809060
[replaying  63%] replaying BTC-USDT @ 1786809240
[replaying  63%] replaying BTC-USDT @ 1786809420
[replaying  63%] replaying BTC-USDT @ 1786809600
💰 FUNDING: Settlement applied — -0.0099927054184994263151190006 (rate=0.0100%)
[replaying  63%] replaying BTC-USDT @ 1786809780
[replaying  63%] replaying BTC-USDT @ 1786809960
[replaying  63%] replaying BTC-USDT @ 1786810140
[replaying  63%] replaying BTC-USDT @ 1786810320
[replaying  63%] replaying BTC-USDT @ 1786810500
[replaying  63%] replaying BTC-USDT @ 1786810680
[replaying  63%] replaying BTC-USDT @ 1786810860
[replaying  63%] replaying BTC-USDT @ 1786811040
[replaying  63%] replaying BTC-USDT @ 1786811220
[replaying  63%] replaying BTC-USDT @ 1786811400
[replaying  63%] replaying BTC-USDT @ 1786811580
[replaying  63%] replaying BTC-USDT @ 1786811760
[replaying  63%] replaying BTC-USDT @ 1786811940
[replaying  63%] replaying BTC-USDT @ 1786812120
[replaying  63%] replaying BTC-USDT @ 1786812300
[replaying  63%] replaying BTC-USDT @ 1786812480
[replaying  63%] replaying BTC-USDT @ 1786812660
[replaying  63%] replaying BTC-USDT @ 1786812840
[replaying  63%] replaying BTC-USDT @ 1786813020
[replaying  63%] replaying BTC-USDT @ 1786813200
[replaying  63%] replaying BTC-USDT @ 1786813380
[replaying  63%] replaying BTC-USDT @ 1786813560
[replaying  63%] replaying BTC-USDT @ 1786813740
[replaying  63%] replaying BTC-USDT @ 1786813920
[replaying  63%] replaying BTC-USDT @ 1786814100
[replaying  63%] replaying BTC-USDT @ 1786814280
[replaying  63%] replaying BTC-USDT @ 1786814460
[replaying  63%] replaying BTC-USDT @ 1786814640
[replaying  63%] replaying BTC-USDT @ 1786814820
[replaying  63%] replaying BTC-USDT @ 1786815000
[replaying  63%] replaying BTC-USDT @ 1786815180
[replaying  63%] replaying BTC-USDT @ 1786815360
[replaying  63%] replaying BTC-USDT @ 1786815540
[replaying  63%] replaying BTC-USDT @ 1786815720
[replaying  63%] replaying BTC-USDT @ 1786815900
[replaying  63%] replaying BTC-USDT @ 1786816080
[replaying  63%] replaying BTC-USDT @ 1786816260
[replaying  63%] replaying BTC-USDT @ 1786816440
[replaying  63%] replaying BTC-USDT @ 1786816620
[replaying  63%] replaying BTC-USDT @ 1786816800
[replaying  63%] replaying BTC-USDT @ 1786816980
[replaying  63%] replaying BTC-USDT @ 1786817160
[replaying  63%] replaying BTC-USDT @ 1786817340
[replaying  63%] replaying BTC-USDT @ 1786817520
[replaying  63%] replaying BTC-USDT @ 1786817700
[replaying  63%] replaying BTC-USDT @ 1786817880
[replaying  63%] replaying BTC-USDT @ 1786818060
[replaying  63%] replaying BTC-USDT @ 1786818240
[replaying  63%] replaying BTC-USDT @ 1786818420
[replaying  63%] replaying BTC-USDT @ 1786818600
[replaying  63%] replaying BTC-USDT @ 1786818780
[replaying  63%] replaying BTC-USDT @ 1786818960
[replaying  63%] replaying BTC-USDT @ 1786819140
[replaying  63%] replaying BTC-USDT @ 1786819320
[replaying  63%] replaying BTC-USDT @ 1786819500
[replaying  63%] replaying BTC-USDT @ 1786819680
[replaying  63%] replaying BTC-USDT @ 1786819860
[replaying  63%] replaying BTC-USDT @ 1786820040
[replaying  63%] replaying BTC-USDT @ 1786820220
[replaying  63%] replaying BTC-USDT @ 1786820400
[replaying  63%] replaying BTC-USDT @ 1786820580
[replaying  63%] replaying BTC-USDT @ 1786820760
[replaying  63%] replaying BTC-USDT @ 1786820940
[replaying  63%] replaying BTC-USDT @ 1786821120
[replaying  63%] replaying BTC-USDT @ 1786821300
[replaying  63%] replaying BTC-USDT @ 1786821480
[replaying  63%] replaying BTC-USDT @ 1786821660
[replaying  63%] replaying BTC-USDT @ 1786821840
[replaying  63%] replaying BTC-USDT @ 1786822020
[replaying  63%] replaying BTC-USDT @ 1786822200
[replaying  63%] replaying BTC-USDT @ 1786822380
[replaying  63%] replaying BTC-USDT @ 1786822560
[replaying  63%] replaying BTC-USDT @ 1786822740
[replaying  64%] replaying BTC-USDT @ 1786822920
[replaying  64%] replaying BTC-USDT @ 1786823100
[replaying  64%] replaying BTC-USDT @ 1786823280
[replaying  64%] replaying BTC-USDT @ 1786823460
[replaying  64%] replaying BTC-USDT @ 1786823640
[replaying  64%] replaying BTC-USDT @ 1786823820
[replaying  64%] replaying BTC-USDT @ 1786824000
[replaying  64%] replaying BTC-USDT @ 1786824180
[replaying  64%] replaying BTC-USDT @ 1786824360
[replaying  64%] replaying BTC-USDT @ 1786824540
[replaying  64%] replaying BTC-USDT @ 1786824720
[replaying  64%] replaying BTC-USDT @ 1786824900
[replaying  64%] replaying BTC-USDT @ 1786825080
[replaying  64%] replaying BTC-USDT @ 1786825260
[replaying  64%] replaying BTC-USDT @ 1786825440
[replaying  64%] replaying BTC-USDT @ 1786825620
[replaying  64%] replaying BTC-USDT @ 1786825800
[replaying  64%] replaying BTC-USDT @ 1786825980
[replaying  64%] replaying BTC-USDT @ 1786826160
[replaying  64%] replaying BTC-USDT @ 1786826340
[replaying  64%] replaying BTC-USDT @ 1786826520
[replaying  64%] replaying BTC-USDT @ 1786826700
[replaying  64%] replaying BTC-USDT @ 1786826880
[replaying  64%] replaying BTC-USDT @ 1786827060
[replaying  64%] replaying BTC-USDT @ 1786827240
[replaying  64%] replaying BTC-USDT @ 1786827420
[replaying  64%] replaying BTC-USDT @ 1786827600
[replaying  64%] replaying BTC-USDT @ 1786827780
[replaying  64%] replaying BTC-USDT @ 1786827960
[replaying  64%] replaying BTC-USDT @ 1786828140
[replaying  64%] replaying BTC-USDT @ 1786828320
[replaying  64%] replaying BTC-USDT @ 1786828500
[replaying  64%] replaying BTC-USDT @ 1786828680
[replaying  64%] replaying BTC-USDT @ 1786828860
[replaying  64%] replaying BTC-USDT @ 1786829040
[replaying  64%] replaying BTC-USDT @ 1786829220
[replaying  64%] replaying BTC-USDT @ 1786829400
[replaying  64%] replaying BTC-USDT @ 1786829580
[replaying  64%] replaying BTC-USDT @ 1786829760
[replaying  64%] replaying BTC-USDT @ 1786829940
[replaying  64%] replaying BTC-USDT @ 1786830120
[replaying  64%] replaying BTC-USDT @ 1786830300
[replaying  64%] replaying BTC-USDT @ 1786830480
[replaying  64%] replaying BTC-USDT @ 1786830660
[replaying  64%] replaying BTC-USDT @ 1786830840
[replaying  64%] replaying BTC-USDT @ 1786831020
[replaying  64%] replaying BTC-USDT @ 1786831200
[replaying  64%] replaying BTC-USDT @ 1786831380
[replaying  64%] replaying BTC-USDT @ 1786831560
[replaying  64%] replaying BTC-USDT @ 1786831740
[replaying  64%] replaying BTC-USDT @ 1786831920
[replaying  64%] replaying BTC-USDT @ 1786832100
[replaying  64%] replaying BTC-USDT @ 1786832280
[replaying  64%] replaying BTC-USDT @ 1786832460
[replaying  64%] replaying BTC-USDT @ 1786832640
[replaying  64%] replaying BTC-USDT @ 1786832820
[replaying  64%] replaying BTC-USDT @ 1786833000
[replaying  64%] replaying BTC-USDT @ 1786833180
[replaying  64%] replaying BTC-USDT @ 1786833360
[replaying  64%] replaying BTC-USDT @ 1786833540
[replaying  64%] replaying BTC-USDT @ 1786833720
[replaying  64%] replaying BTC-USDT @ 1786833900
[replaying  64%] replaying BTC-USDT @ 1786834080
[replaying  64%] replaying BTC-USDT @ 1786834260
[replaying  64%] replaying BTC-USDT @ 1786834440
[replaying  64%] replaying BTC-USDT @ 1786834620
[replaying  64%] replaying BTC-USDT @ 1786834800
[replaying  64%] replaying BTC-USDT @ 1786834980
[replaying  64%] replaying BTC-USDT @ 1786835160
[replaying  64%] replaying BTC-USDT @ 1786835340
[replaying  64%] replaying BTC-USDT @ 1786835520
[replaying  64%] replaying BTC-USDT @ 1786835700
[replaying  64%] replaying BTC-USDT @ 1786835880
[replaying  64%] replaying BTC-USDT @ 1786836060
[replaying  64%] replaying BTC-USDT @ 1786836240
[replaying  64%] replaying BTC-USDT @ 1786836420
[replaying  64%] replaying BTC-USDT @ 1786836600
[replaying  64%] replaying BTC-USDT @ 1786836780
[replaying  64%] replaying BTC-USDT @ 1786836960
[replaying  64%] replaying BTC-USDT @ 1786837140
[replaying  64%] replaying BTC-USDT @ 1786837320
[replaying  64%] replaying BTC-USDT @ 1786837500
[replaying  65%] replaying BTC-USDT @ 1786837680
[replaying  65%] replaying BTC-USDT @ 1786837860
[replaying  65%] replaying BTC-USDT @ 1786838040
[replaying  65%] replaying BTC-USDT @ 1786838220
[replaying  65%] replaying BTC-USDT @ 1786838400
💰 FUNDING: Settlement applied — -0.0099927054184994263151190006 (rate=0.0100%)
[replaying  65%] replaying BTC-USDT @ 1786838580
[replaying  65%] replaying BTC-USDT @ 1786838760
[replaying  65%] replaying BTC-USDT @ 1786838940
[replaying  65%] replaying BTC-USDT @ 1786839120
[replaying  65%] replaying BTC-USDT @ 1786839300
[replaying  65%] replaying BTC-USDT @ 1786839480
[replaying  65%] replaying BTC-USDT @ 1786839660
[replaying  65%] replaying BTC-USDT @ 1786839840
[replaying  65%] replaying BTC-USDT @ 1786840020
[replaying  65%] replaying BTC-USDT @ 1786840200
[replaying  65%] replaying BTC-USDT @ 1786840380
[replaying  65%] replaying BTC-USDT @ 1786840560
[replaying  65%] replaying BTC-USDT @ 1786840740
[replaying  65%] replaying BTC-USDT @ 1786840920
[replaying  65%] replaying BTC-USDT @ 1786841100
[replaying  65%] replaying BTC-USDT @ 1786841280
[replaying  65%] replaying BTC-USDT @ 1786841460
[replaying  65%] replaying BTC-USDT @ 1786841640
[replaying  65%] replaying BTC-USDT @ 1786841820
[replaying  65%] replaying BTC-USDT @ 1786842000
[replaying  65%] replaying BTC-USDT @ 1786842180
[replaying  65%] replaying BTC-USDT @ 1786842360
[replaying  65%] replaying BTC-USDT @ 1786842540
[replaying  65%] replaying BTC-USDT @ 1786842720
[replaying  65%] replaying BTC-USDT @ 1786842900
[replaying  65%] replaying BTC-USDT @ 1786843080
[replaying  65%] replaying BTC-USDT @ 1786843260
[replaying  65%] replaying BTC-USDT @ 1786843440
[replaying  65%] replaying BTC-USDT @ 1786843620
[replaying  65%] replaying BTC-USDT @ 1786843800
[replaying  65%] replaying BTC-USDT @ 1786843980
[replaying  65%] replaying BTC-USDT @ 1786844160
[replaying  65%] replaying BTC-USDT @ 1786844340
[replaying  65%] replaying BTC-USDT @ 1786844520
[replaying  65%] replaying BTC-USDT @ 1786844700
[replaying  65%] replaying BTC-USDT @ 1786844880
[replaying  65%] replaying BTC-USDT @ 1786845060
[replaying  65%] replaying BTC-USDT @ 1786845240
[replaying  65%] replaying BTC-USDT @ 1786845420
[replaying  65%] replaying BTC-USDT @ 1786845600
[replaying  65%] replaying BTC-USDT @ 1786845780
[replaying  65%] replaying BTC-USDT @ 1786845960
[replaying  65%] replaying BTC-USDT @ 1786846140
[replaying  65%] replaying BTC-USDT @ 1786846320
[replaying  65%] replaying BTC-USDT @ 1786846500
[replaying  65%] replaying BTC-USDT @ 1786846680
[replaying  65%] replaying BTC-USDT @ 1786846860
[replaying  65%] replaying BTC-USDT @ 1786847040
[replaying  65%] replaying BTC-USDT @ 1786847220
[replaying  65%] replaying BTC-USDT @ 1786847400
[replaying  65%] replaying BTC-USDT @ 1786847580
[replaying  65%] replaying BTC-USDT @ 1786847760
[replaying  65%] replaying BTC-USDT @ 1786847940
[replaying  65%] replaying BTC-USDT @ 1786848120
[replaying  65%] replaying BTC-USDT @ 1786848300
[replaying  65%] replaying BTC-USDT @ 1786848480
[replaying  65%] replaying BTC-USDT @ 1786848660
[replaying  65%] replaying BTC-USDT @ 1786848840
[replaying  65%] replaying BTC-USDT @ 1786849020
[replaying  65%] replaying BTC-USDT @ 1786849200
[replaying  65%] replaying BTC-USDT @ 1786849380
[replaying  65%] replaying BTC-USDT @ 1786849560
[replaying  65%] replaying BTC-USDT @ 1786849740
[replaying  65%] replaying BTC-USDT @ 1786849920
[replaying  65%] replaying BTC-USDT @ 1786850100
[replaying  65%] replaying BTC-USDT @ 1786850280
[replaying  65%] replaying BTC-USDT @ 1786850460
[replaying  65%] replaying BTC-USDT @ 1786850640
[replaying  65%] replaying BTC-USDT @ 1786850820
[replaying  65%] replaying BTC-USDT @ 1786851000
[replaying  65%] replaying BTC-USDT @ 1786851180
[replaying  65%] replaying BTC-USDT @ 1786851360
[replaying  65%] replaying BTC-USDT @ 1786851540
[replaying  65%] replaying BTC-USDT @ 1786851720
[replaying  65%] replaying BTC-USDT @ 1786851900
[replaying  65%] replaying BTC-USDT @ 1786852080
[replaying  65%] replaying BTC-USDT @ 1786852260
[replaying  65%] replaying BTC-USDT @ 1786852440
[replaying  66%] replaying BTC-USDT @ 1786852620
[replaying  66%] replaying BTC-USDT @ 1786852800
[replaying  66%] replaying BTC-USDT @ 1786852980
[replaying  66%] replaying BTC-USDT @ 1786853160
[replaying  66%] replaying BTC-USDT @ 1786853340
[replaying  66%] replaying BTC-USDT @ 1786853520
[replaying  66%] replaying BTC-USDT @ 1786853700
[replaying  66%] replaying BTC-USDT @ 1786853880
[replaying  66%] replaying BTC-USDT @ 1786854060
[replaying  66%] replaying BTC-USDT @ 1786854240
[replaying  66%] replaying BTC-USDT @ 1786854420
[replaying  66%] replaying BTC-USDT @ 1786854600
[replaying  66%] replaying BTC-USDT @ 1786854780
[replaying  66%] replaying BTC-USDT @ 1786854960
[replaying  66%] replaying BTC-USDT @ 1786855140
[replaying  66%] replaying BTC-USDT @ 1786855320
[replaying  66%] replaying BTC-USDT @ 1786855500
[replaying  66%] replaying BTC-USDT @ 1786855680
[replaying  66%] replaying BTC-USDT @ 1786855860
[replaying  66%] replaying BTC-USDT @ 1786856040
[replaying  66%] replaying BTC-USDT @ 1786856220
[replaying  66%] replaying BTC-USDT @ 1786856400
[replaying  66%] replaying BTC-USDT @ 1786856580
[replaying  66%] replaying BTC-USDT @ 1786856760
[replaying  66%] replaying BTC-USDT @ 1786856940
[replaying  66%] replaying BTC-USDT @ 1786857120
[replaying  66%] replaying BTC-USDT @ 1786857300
[replaying  66%] replaying BTC-USDT @ 1786857480
[replaying  66%] replaying BTC-USDT @ 1786857660
[replaying  66%] replaying BTC-USDT @ 1786857840
[replaying  66%] replaying BTC-USDT @ 1786858020
[replaying  66%] replaying BTC-USDT @ 1786858200
[replaying  66%] replaying BTC-USDT @ 1786858380
[replaying  66%] replaying BTC-USDT @ 1786858560
[replaying  66%] replaying BTC-USDT @ 1786858740
[replaying  66%] replaying BTC-USDT @ 1786858920
[replaying  66%] replaying BTC-USDT @ 1786859100
[replaying  66%] replaying BTC-USDT @ 1786859280
[replaying  66%] replaying BTC-USDT @ 1786859460
[replaying  66%] replaying BTC-USDT @ 1786859640
[replaying  66%] replaying BTC-USDT @ 1786859820
[replaying  66%] replaying BTC-USDT @ 1786860000
[replaying  66%] replaying BTC-USDT @ 1786860180
[replaying  66%] replaying BTC-USDT @ 1786860360
[replaying  66%] replaying BTC-USDT @ 1786860540
[replaying  66%] replaying BTC-USDT @ 1786860720
[replaying  66%] replaying BTC-USDT @ 1786860900
[replaying  66%] replaying BTC-USDT @ 1786861080
[replaying  66%] replaying BTC-USDT @ 1786861260
[replaying  66%] replaying BTC-USDT @ 1786861440
[replaying  66%] replaying BTC-USDT @ 1786861620
[replaying  66%] replaying BTC-USDT @ 1786861800
[replaying  66%] replaying BTC-USDT @ 1786861980
[replaying  66%] replaying BTC-USDT @ 1786862160
[replaying  66%] replaying BTC-USDT @ 1786862340
[replaying  66%] replaying BTC-USDT @ 1786862520
[replaying  66%] replaying BTC-USDT @ 1786862700
[replaying  66%] replaying BTC-USDT @ 1786862880
[replaying  66%] replaying BTC-USDT @ 1786863060
[replaying  66%] replaying BTC-USDT @ 1786863240
[replaying  66%] replaying BTC-USDT @ 1786863420
[replaying  66%] replaying BTC-USDT @ 1786863600
[replaying  66%] replaying BTC-USDT @ 1786863780
[replaying  66%] replaying BTC-USDT @ 1786863960
[replaying  66%] replaying BTC-USDT @ 1786864140
[replaying  66%] replaying BTC-USDT @ 1786864320
[replaying  66%] replaying BTC-USDT @ 1786864500
[replaying  66%] replaying BTC-USDT @ 1786864680
[replaying  66%] replaying BTC-USDT @ 1786864860
[replaying  66%] replaying BTC-USDT @ 1786865040
[replaying  66%] replaying BTC-USDT @ 1786865220
[replaying  66%] replaying BTC-USDT @ 1786865400
[replaying  66%] replaying BTC-USDT @ 1786865580
[replaying  66%] replaying BTC-USDT @ 1786865760
[replaying  66%] replaying BTC-USDT @ 1786865940
[replaying  66%] replaying BTC-USDT @ 1786866120
[replaying  66%] replaying BTC-USDT @ 1786866300
[replaying  66%] replaying BTC-USDT @ 1786866480
[replaying  66%] replaying BTC-USDT @ 1786866660
[replaying  66%] replaying BTC-USDT @ 1786866840
[replaying  66%] replaying BTC-USDT @ 1786867020
[replaying  66%] replaying BTC-USDT @ 1786867200
💰 FUNDING: Settlement applied — -0.0099927054184994263151190006 (rate=0.0100%)
[replaying  66%] replaying BTC-USDT @ 1786867380
[replaying  67%] replaying BTC-USDT @ 1786867560
[replaying  67%] replaying BTC-USDT @ 1786867740
[replaying  67%] replaying BTC-USDT @ 1786867920
[replaying  67%] replaying BTC-USDT @ 1786868100
[replaying  67%] replaying BTC-USDT @ 1786868280
[replaying  67%] replaying BTC-USDT @ 1786868460
[replaying  67%] replaying BTC-USDT @ 1786868640
[replaying  67%] replaying BTC-USDT @ 1786868820
[replaying  67%] replaying BTC-USDT @ 1786869000
[replaying  67%] replaying BTC-USDT @ 1786869180
[replaying  67%] replaying BTC-USDT @ 1786869360
[replaying  67%] replaying BTC-USDT @ 1786869540
[replaying  67%] replaying BTC-USDT @ 1786869720
[replaying  67%] replaying BTC-USDT @ 1786869900
[replaying  67%] replaying BTC-USDT @ 1786870080
[replaying  67%] replaying BTC-USDT @ 1786870260
[replaying  67%] replaying BTC-USDT @ 1786870440
[replaying  67%] replaying BTC-USDT @ 1786870620
[replaying  67%] replaying BTC-USDT @ 1786870800
[replaying  67%] replaying BTC-USDT @ 1786870980
[replaying  67%] replaying BTC-USDT @ 1786871160
[replaying  67%] replaying BTC-USDT @ 1786871340
[replaying  67%] replaying BTC-USDT @ 1786871520
[replaying  67%] replaying BTC-USDT @ 1786871700
[replaying  67%] replaying BTC-USDT @ 1786871880
[replaying  67%] replaying BTC-USDT @ 1786872060
[replaying  67%] replaying BTC-USDT @ 1786872240
[replaying  67%] replaying BTC-USDT @ 1786872420
[replaying  67%] replaying BTC-USDT @ 1786872600
[replaying  67%] replaying BTC-USDT @ 1786872780
[replaying  67%] replaying BTC-USDT @ 1786872960
[replaying  67%] replaying BTC-USDT @ 1786873140
[replaying  67%] replaying BTC-USDT @ 1786873320
[replaying  67%] replaying BTC-USDT @ 1786873500
[replaying  67%] replaying BTC-USDT @ 1786873680
[replaying  67%] replaying BTC-USDT @ 1786873860
[replaying  67%] replaying BTC-USDT @ 1786874040
[replaying  67%] replaying BTC-USDT @ 1786874220
[replaying  67%] replaying BTC-USDT @ 1786874400
[replaying  67%] replaying BTC-USDT @ 1786874580
[replaying  67%] replaying BTC-USDT @ 1786874760
[replaying  67%] replaying BTC-USDT @ 1786874940
[replaying  67%] replaying BTC-USDT @ 1786875120
[replaying  67%] replaying BTC-USDT @ 1786875300
[replaying  67%] replaying BTC-USDT @ 1786875480
[replaying  67%] replaying BTC-USDT @ 1786875660
[replaying  67%] replaying BTC-USDT @ 1786875840
[replaying  67%] replaying BTC-USDT @ 1786876020
[replaying  67%] replaying BTC-USDT @ 1786876200
[replaying  67%] replaying BTC-USDT @ 1786876380
[replaying  67%] replaying BTC-USDT @ 1786876560
[replaying  67%] replaying BTC-USDT @ 1786876740
[replaying  67%] replaying BTC-USDT @ 1786876920
[replaying  67%] replaying BTC-USDT @ 1786877100
[replaying  67%] replaying BTC-USDT @ 1786877280
[replaying  67%] replaying BTC-USDT @ 1786877460
[replaying  67%] replaying BTC-USDT @ 1786877640
[replaying  67%] replaying BTC-USDT @ 1786877820
[replaying  67%] replaying BTC-USDT @ 1786878000
[replaying  67%] replaying BTC-USDT @ 1786878180
[replaying  67%] replaying BTC-USDT @ 1786878360
[replaying  67%] replaying BTC-USDT @ 1786878540
[replaying  67%] replaying BTC-USDT @ 1786878720
[replaying  67%] replaying BTC-USDT @ 1786878900
[replaying  67%] replaying BTC-USDT @ 1786879080
[replaying  67%] replaying BTC-USDT @ 1786879260
[replaying  67%] replaying BTC-USDT @ 1786879440
[replaying  67%] replaying BTC-USDT @ 1786879620
[replaying  67%] replaying BTC-USDT @ 1786879800
[replaying  67%] replaying BTC-USDT @ 1786879980
[replaying  67%] replaying BTC-USDT @ 1786880160
[replaying  67%] replaying BTC-USDT @ 1786880340
[replaying  67%] replaying BTC-USDT @ 1786880520
[replaying  67%] replaying BTC-USDT @ 1786880700
[replaying  67%] replaying BTC-USDT @ 1786880880
[replaying  67%] replaying BTC-USDT @ 1786881060
[replaying  67%] replaying BTC-USDT @ 1786881240
[replaying  67%] replaying BTC-USDT @ 1786881420
[replaying  67%] replaying BTC-USDT @ 1786881600
[replaying  67%] replaying BTC-USDT @ 1786881780
[replaying  67%] replaying BTC-USDT @ 1786881960
[replaying  67%] replaying BTC-USDT @ 1786882140
[replaying  68%] replaying BTC-USDT @ 1786882320
[replaying  68%] replaying BTC-USDT @ 1786882500
[replaying  68%] replaying BTC-USDT @ 1786882680
[replaying  68%] replaying BTC-USDT @ 1786882860
[replaying  68%] replaying BTC-USDT @ 1786883040
[replaying  68%] replaying BTC-USDT @ 1786883220
[replaying  68%] replaying BTC-USDT @ 1786883400
[replaying  68%] replaying BTC-USDT @ 1786883580
[replaying  68%] replaying BTC-USDT @ 1786883760
[replaying  68%] replaying BTC-USDT @ 1786883940
[replaying  68%] replaying BTC-USDT @ 1786884120
[replaying  68%] replaying BTC-USDT @ 1786884300
[replaying  68%] replaying BTC-USDT @ 1786884480
[replaying  68%] replaying BTC-USDT @ 1786884660
[replaying  68%] replaying BTC-USDT @ 1786884840
[replaying  68%] replaying BTC-USDT @ 1786885020
[replaying  68%] replaying BTC-USDT @ 1786885200
[replaying  68%] replaying BTC-USDT @ 1786885380
[replaying  68%] replaying BTC-USDT @ 1786885560
[replaying  68%] replaying BTC-USDT @ 1786885740
[replaying  68%] replaying BTC-USDT @ 1786885920
[replaying  68%] replaying BTC-USDT @ 1786886100
[replaying  68%] replaying BTC-USDT @ 1786886280
[replaying  68%] replaying BTC-USDT @ 1786886460
[replaying  68%] replaying BTC-USDT @ 1786886640
[replaying  68%] replaying BTC-USDT @ 1786886820
[replaying  68%] replaying BTC-USDT @ 1786887000
[replaying  68%] replaying BTC-USDT @ 1786887180
[replaying  68%] replaying BTC-USDT @ 1786887360
[replaying  68%] replaying BTC-USDT @ 1786887540
[replaying  68%] replaying BTC-USDT @ 1786887720
[replaying  68%] replaying BTC-USDT @ 1786887900
[replaying  68%] replaying BTC-USDT @ 1786888080
[replaying  68%] replaying BTC-USDT @ 1786888260
[replaying  68%] replaying BTC-USDT @ 1786888440
[replaying  68%] replaying BTC-USDT @ 1786888620
[replaying  68%] replaying BTC-USDT @ 1786888800
[replaying  68%] replaying BTC-USDT @ 1786888980
[replaying  68%] replaying BTC-USDT @ 1786889160
[replaying  68%] replaying BTC-USDT @ 1786889340
[replaying  68%] replaying BTC-USDT @ 1786889520
[replaying  68%] replaying BTC-USDT @ 1786889700
[replaying  68%] replaying BTC-USDT @ 1786889880
[replaying  68%] replaying BTC-USDT @ 1786890060
[replaying  68%] replaying BTC-USDT @ 1786890240
[replaying  68%] replaying BTC-USDT @ 1786890420
[replaying  68%] replaying BTC-USDT @ 1786890600
[replaying  68%] replaying BTC-USDT @ 1786890780
[replaying  68%] replaying BTC-USDT @ 1786890960
[replaying  68%] replaying BTC-USDT @ 1786891140
[replaying  68%] replaying BTC-USDT @ 1786891320
[replaying  68%] replaying BTC-USDT @ 1786891500
[replaying  68%] replaying BTC-USDT @ 1786891680
[replaying  68%] replaying BTC-USDT @ 1786891860
[replaying  68%] replaying BTC-USDT @ 1786892040
[replaying  68%] replaying BTC-USDT @ 1786892220
[replaying  68%] replaying BTC-USDT @ 1786892400
[replaying  68%] replaying BTC-USDT @ 1786892580
[replaying  68%] replaying BTC-USDT @ 1786892760
[replaying  68%] replaying BTC-USDT @ 1786892940
[replaying  68%] replaying BTC-USDT @ 1786893120
[replaying  68%] replaying BTC-USDT @ 1786893300
[replaying  68%] replaying BTC-USDT @ 1786893480
[replaying  68%] replaying BTC-USDT @ 1786893660
[replaying  68%] replaying BTC-USDT @ 1786893840
[replaying  68%] replaying BTC-USDT @ 1786894020
[replaying  68%] replaying BTC-USDT @ 1786894200
[replaying  68%] replaying BTC-USDT @ 1786894380
[replaying  68%] replaying BTC-USDT @ 1786894560
[replaying  68%] replaying BTC-USDT @ 1786894740
[replaying  68%] replaying BTC-USDT @ 1786894920
[replaying  68%] replaying BTC-USDT @ 1786895100
[replaying  68%] replaying BTC-USDT @ 1786895280
[replaying  68%] replaying BTC-USDT @ 1786895460
[replaying  68%] replaying BTC-USDT @ 1786895640
[replaying  68%] replaying BTC-USDT @ 1786895820
[replaying  68%] replaying BTC-USDT @ 1786896000
💰 FUNDING: Settlement applied — -0.0099927054184994263151190006 (rate=0.0100%)
[replaying  68%] replaying BTC-USDT @ 1786896180
[replaying  68%] replaying BTC-USDT @ 1786896360
[replaying  68%] replaying BTC-USDT @ 1786896540
[replaying  68%] replaying BTC-USDT @ 1786896720
[replaying  68%] replaying BTC-USDT @ 1786896900
[replaying  68%] replaying BTC-USDT @ 1786897080
[replaying  69%] replaying BTC-USDT @ 1786897260
[replaying  69%] replaying BTC-USDT @ 1786897440
[replaying  69%] replaying BTC-USDT @ 1786897620
[replaying  69%] replaying BTC-USDT @ 1786897800
[replaying  69%] replaying BTC-USDT @ 1786897980
[replaying  69%] replaying BTC-USDT @ 1786898160
[replaying  69%] replaying BTC-USDT @ 1786898340
[replaying  69%] replaying BTC-USDT @ 1786898520
[replaying  69%] replaying BTC-USDT @ 1786898700
[replaying  69%] replaying BTC-USDT @ 1786898880
[replaying  69%] replaying BTC-USDT @ 1786899060
[replaying  69%] replaying BTC-USDT @ 1786899240
[replaying  69%] replaying BTC-USDT @ 1786899420
[replaying  69%] replaying BTC-USDT @ 1786899600
[replaying  69%] replaying BTC-USDT @ 1786899780
[replaying  69%] replaying BTC-USDT @ 1786899960
[replaying  69%] replaying BTC-USDT @ 1786900140
[replaying  69%] replaying BTC-USDT @ 1786900320
[replaying  69%] replaying BTC-USDT @ 1786900500
[replaying  69%] replaying BTC-USDT @ 1786900680
[replaying  69%] replaying BTC-USDT @ 1786900860
[replaying  69%] replaying BTC-USDT @ 1786901040
[replaying  69%] replaying BTC-USDT @ 1786901220
[replaying  69%] replaying BTC-USDT @ 1786901400
[replaying  69%] replaying BTC-USDT @ 1786901580
[replaying  69%] replaying BTC-USDT @ 1786901760
[replaying  69%] replaying BTC-USDT @ 1786901940
[replaying  69%] replaying BTC-USDT @ 1786902120
[replaying  69%] replaying BTC-USDT @ 1786902300
[replaying  69%] replaying BTC-USDT @ 1786902480
[replaying  69%] replaying BTC-USDT @ 1786902660
[replaying  69%] replaying BTC-USDT @ 1786902840
[replaying  69%] replaying BTC-USDT @ 1786903020
[replaying  69%] replaying BTC-USDT @ 1786903200
[replaying  69%] replaying BTC-USDT @ 1786903380
[replaying  69%] replaying BTC-USDT @ 1786903560
[replaying  69%] replaying BTC-USDT @ 1786903740
[replaying  69%] replaying BTC-USDT @ 1786903920
[replaying  69%] replaying BTC-USDT @ 1786904100
[replaying  69%] replaying BTC-USDT @ 1786904280
[replaying  69%] replaying BTC-USDT @ 1786904460
[replaying  69%] replaying BTC-USDT @ 1786904640
[replaying  69%] replaying BTC-USDT @ 1786904820
[replaying  69%] replaying BTC-USDT @ 1786905000
[replaying  69%] replaying BTC-USDT @ 1786905180
[replaying  69%] replaying BTC-USDT @ 1786905360
[replaying  69%] replaying BTC-USDT @ 1786905540
[replaying  69%] replaying BTC-USDT @ 1786905720
[replaying  69%] replaying BTC-USDT @ 1786905900
[replaying  69%] replaying BTC-USDT @ 1786906080
[replaying  69%] replaying BTC-USDT @ 1786906260
[replaying  69%] replaying BTC-USDT @ 1786906440
[replaying  69%] replaying BTC-USDT @ 1786906620
[replaying  69%] replaying BTC-USDT @ 1786906800
[replaying  69%] replaying BTC-USDT @ 1786906980
[replaying  69%] replaying BTC-USDT @ 1786907160
[replaying  69%] replaying BTC-USDT @ 1786907340
[replaying  69%] replaying BTC-USDT @ 1786907520
[replaying  69%] replaying BTC-USDT @ 1786907700
[replaying  69%] replaying BTC-USDT @ 1786907880
[replaying  69%] replaying BTC-USDT @ 1786908060
[replaying  69%] replaying BTC-USDT @ 1786908240
[replaying  69%] replaying BTC-USDT @ 1786908420
[replaying  69%] replaying BTC-USDT @ 1786908600
[replaying  69%] replaying BTC-USDT @ 1786908780
[replaying  69%] replaying BTC-USDT @ 1786908960
[replaying  69%] replaying BTC-USDT @ 1786909140
[replaying  69%] replaying BTC-USDT @ 1786909320
[replaying  69%] replaying BTC-USDT @ 1786909500
[replaying  69%] replaying BTC-USDT @ 1786909680
[replaying  69%] replaying BTC-USDT @ 1786909860
[replaying  69%] replaying BTC-USDT @ 1786910040
[replaying  69%] replaying BTC-USDT @ 1786910220
[replaying  69%] replaying BTC-USDT @ 1786910400
[replaying  69%] replaying BTC-USDT @ 1786910580
[replaying  69%] replaying BTC-USDT @ 1786910760
[replaying  69%] replaying BTC-USDT @ 1786910940
[replaying  69%] replaying BTC-USDT @ 1786911120
[replaying  69%] replaying BTC-USDT @ 1786911300
[replaying  69%] replaying BTC-USDT @ 1786911480
[replaying  69%] replaying BTC-USDT @ 1786911660
[replaying  69%] replaying BTC-USDT @ 1786911840
[replaying  69%] replaying BTC-USDT @ 1786912020
[replaying  70%] replaying BTC-USDT @ 1786912200
[replaying  70%] replaying BTC-USDT @ 1786912380
[replaying  70%] replaying BTC-USDT @ 1786912560
[replaying  70%] replaying BTC-USDT @ 1786912740
[replaying  70%] replaying BTC-USDT @ 1786912920
[replaying  70%] replaying BTC-USDT @ 1786913100
[replaying  70%] replaying BTC-USDT @ 1786913280
[replaying  70%] replaying BTC-USDT @ 1786913460
[replaying  70%] replaying BTC-USDT @ 1786913640
[replaying  70%] replaying BTC-USDT @ 1786913820
[replaying  70%] replaying BTC-USDT @ 1786914000
[replaying  70%] replaying BTC-USDT @ 1786914180
[replaying  70%] replaying BTC-USDT @ 1786914360
[replaying  70%] replaying BTC-USDT @ 1786914540
[replaying  70%] replaying BTC-USDT @ 1786914720
[replaying  70%] replaying BTC-USDT @ 1786914900
[replaying  70%] replaying BTC-USDT @ 1786915080
[replaying  70%] replaying BTC-USDT @ 1786915260
[replaying  70%] replaying BTC-USDT @ 1786915440
[replaying  70%] replaying BTC-USDT @ 1786915620
[replaying  70%] replaying BTC-USDT @ 1786915800
[replaying  70%] replaying BTC-USDT @ 1786915980
[replaying  70%] replaying BTC-USDT @ 1786916160
[replaying  70%] replaying BTC-USDT @ 1786916340
[replaying  70%] replaying BTC-USDT @ 1786916520
[replaying  70%] replaying BTC-USDT @ 1786916700
[replaying  70%] replaying BTC-USDT @ 1786916880
[replaying  70%] replaying BTC-USDT @ 1786917060
[replaying  70%] replaying BTC-USDT @ 1786917240
[replaying  70%] replaying BTC-USDT @ 1786917420
[replaying  70%] replaying BTC-USDT @ 1786917600
[replaying  70%] replaying BTC-USDT @ 1786917780
[replaying  70%] replaying BTC-USDT @ 1786917960
[replaying  70%] replaying BTC-USDT @ 1786918140
[replaying  70%] replaying BTC-USDT @ 1786918320
[replaying  70%] replaying BTC-USDT @ 1786918500
[replaying  70%] replaying BTC-USDT @ 1786918680
[replaying  70%] replaying BTC-USDT @ 1786918860
[replaying  70%] replaying BTC-USDT @ 1786919040
[replaying  70%] replaying BTC-USDT @ 1786919220
[replaying  70%] replaying BTC-USDT @ 1786919400
[replaying  70%] replaying BTC-USDT @ 1786919580
[replaying  70%] replaying BTC-USDT @ 1786919760
[replaying  70%] replaying BTC-USDT @ 1786919940
[replaying  70%] replaying BTC-USDT @ 1786920120
[replaying  70%] replaying BTC-USDT @ 1786920300
[replaying  70%] replaying BTC-USDT @ 1786920480
[replaying  70%] replaying BTC-USDT @ 1786920660
[replaying  70%] replaying BTC-USDT @ 1786920840
[replaying  70%] replaying BTC-USDT @ 1786921020
[replaying  70%] replaying BTC-USDT @ 1786921200
[replaying  70%] replaying BTC-USDT @ 1786921380
[replaying  70%] replaying BTC-USDT @ 1786921560
[replaying  70%] replaying BTC-USDT @ 1786921740
[replaying  70%] replaying BTC-USDT @ 1786921920
[replaying  70%] replaying BTC-USDT @ 1786922100
[replaying  70%] replaying BTC-USDT @ 1786922280
[replaying  70%] replaying BTC-USDT @ 1786922460
[replaying  70%] replaying BTC-USDT @ 1786922640
[replaying  70%] replaying BTC-USDT @ 1786922820
[replaying  70%] replaying BTC-USDT @ 1786923000
[replaying  70%] replaying BTC-USDT @ 1786923180
[replaying  70%] replaying BTC-USDT @ 1786923360
[replaying  70%] replaying BTC-USDT @ 1786923540
[replaying  70%] replaying BTC-USDT @ 1786923720
[replaying  70%] replaying BTC-USDT @ 1786923900
[replaying  70%] replaying BTC-USDT @ 1786924080
[replaying  70%] replaying BTC-USDT @ 1786924260
[replaying  70%] replaying BTC-USDT @ 1786924440
[replaying  70%] replaying BTC-USDT @ 1786924620
[replaying  70%] replaying BTC-USDT @ 1786924800
💰 FUNDING: Settlement applied — -0.0099927054184994263151190006 (rate=0.0100%)
[replaying  70%] replaying BTC-USDT @ 1786924980
[replaying  70%] replaying BTC-USDT @ 1786925160
[replaying  70%] replaying BTC-USDT @ 1786925340
[replaying  70%] replaying BTC-USDT @ 1786925520
[replaying  70%] replaying BTC-USDT @ 1786925700
[replaying  70%] replaying BTC-USDT @ 1786925880
[replaying  70%] replaying BTC-USDT @ 1786926060
[replaying  70%] replaying BTC-USDT @ 1786926240
[replaying  70%] replaying BTC-USDT @ 1786926420
[replaying  70%] replaying BTC-USDT @ 1786926600
[replaying  70%] replaying BTC-USDT @ 1786926780
[replaying  71%] replaying BTC-USDT @ 1786926960
[replaying  71%] replaying BTC-USDT @ 1786927140
[replaying  71%] replaying BTC-USDT @ 1786927320
[replaying  71%] replaying BTC-USDT @ 1786927500
[replaying  71%] replaying BTC-USDT @ 1786927680
[replaying  71%] replaying BTC-USDT @ 1786927860
[replaying  71%] replaying BTC-USDT @ 1786928040
[replaying  71%] replaying BTC-USDT @ 1786928220
[replaying  71%] replaying BTC-USDT @ 1786928400
[replaying  71%] replaying BTC-USDT @ 1786928580
[replaying  71%] replaying BTC-USDT @ 1786928760
[replaying  71%] replaying BTC-USDT @ 1786928940
[replaying  71%] replaying BTC-USDT @ 1786929120
[replaying  71%] replaying BTC-USDT @ 1786929300
[replaying  71%] replaying BTC-USDT @ 1786929480
[replaying  71%] replaying BTC-USDT @ 1786929660
[replaying  71%] replaying BTC-USDT @ 1786929840
[replaying  71%] replaying BTC-USDT @ 1786930020
[replaying  71%] replaying BTC-USDT @ 1786930200
[replaying  71%] replaying BTC-USDT @ 1786930380
[replaying  71%] replaying BTC-USDT @ 1786930560
[replaying  71%] replaying BTC-USDT @ 1786930740
[replaying  71%] replaying BTC-USDT @ 1786930920
[replaying  71%] replaying BTC-USDT @ 1786931100
[replaying  71%] replaying BTC-USDT @ 1786931280
[replaying  71%] replaying BTC-USDT @ 1786931460
[replaying  71%] replaying BTC-USDT @ 1786931640
[replaying  71%] replaying BTC-USDT @ 1786931820
[replaying  71%] replaying BTC-USDT @ 1786932000
[replaying  71%] replaying BTC-USDT @ 1786932180
[replaying  71%] replaying BTC-USDT @ 1786932360
[replaying  71%] replaying BTC-USDT @ 1786932540
[replaying  71%] replaying BTC-USDT @ 1786932720
[replaying  71%] replaying BTC-USDT @ 1786932900
[replaying  71%] replaying BTC-USDT @ 1786933080
[replaying  71%] replaying BTC-USDT @ 1786933260
[replaying  71%] replaying BTC-USDT @ 1786933440
[replaying  71%] replaying BTC-USDT @ 1786933620
[replaying  71%] replaying BTC-USDT @ 1786933800
[replaying  71%] replaying BTC-USDT @ 1786933980
[replaying  71%] replaying BTC-USDT @ 1786934160
[replaying  71%] replaying BTC-USDT @ 1786934340
[replaying  71%] replaying BTC-USDT @ 1786934520
[replaying  71%] replaying BTC-USDT @ 1786934700
[replaying  71%] replaying BTC-USDT @ 1786934880
[replaying  71%] replaying BTC-USDT @ 1786935060
[replaying  71%] replaying BTC-USDT @ 1786935240
[replaying  71%] replaying BTC-USDT @ 1786935420
[replaying  71%] replaying BTC-USDT @ 1786935600
[replaying  71%] replaying BTC-USDT @ 1786935780
[replaying  71%] replaying BTC-USDT @ 1786935960
[replaying  71%] replaying BTC-USDT @ 1786936140
[replaying  71%] replaying BTC-USDT @ 1786936320
[replaying  71%] replaying BTC-USDT @ 1786936500
[replaying  71%] replaying BTC-USDT @ 1786936680
[replaying  71%] replaying BTC-USDT @ 1786936860
[replaying  71%] replaying BTC-USDT @ 1786937040
[replaying  71%] replaying BTC-USDT @ 1786937220
[replaying  71%] replaying BTC-USDT @ 1786937400
[replaying  71%] replaying BTC-USDT @ 1786937580
[replaying  71%] replaying BTC-USDT @ 1786937760
[replaying  71%] replaying BTC-USDT @ 1786937940
[replaying  71%] replaying BTC-USDT @ 1786938120
[replaying  71%] replaying BTC-USDT @ 1786938300
[replaying  71%] replaying BTC-USDT @ 1786938480
[replaying  71%] replaying BTC-USDT @ 1786938660
[replaying  71%] replaying BTC-USDT @ 1786938840
[replaying  71%] replaying BTC-USDT @ 1786939020
[replaying  71%] replaying BTC-USDT @ 1786939200
[replaying  71%] replaying BTC-USDT @ 1786939380
[replaying  71%] replaying BTC-USDT @ 1786939560
[replaying  71%] replaying BTC-USDT @ 1786939740
[replaying  71%] replaying BTC-USDT @ 1786939920
[replaying  71%] replaying BTC-USDT @ 1786940100
[replaying  71%] replaying BTC-USDT @ 1786940280
[replaying  71%] replaying BTC-USDT @ 1786940460
[replaying  71%] replaying BTC-USDT @ 1786940640
[replaying  71%] replaying BTC-USDT @ 1786940820
[replaying  71%] replaying BTC-USDT @ 1786941000
[replaying  71%] replaying BTC-USDT @ 1786941180
[replaying  71%] replaying BTC-USDT @ 1786941360
[replaying  71%] replaying BTC-USDT @ 1786941540
[replaying  71%] replaying BTC-USDT @ 1786941720
[replaying  72%] replaying BTC-USDT @ 1786941900
[replaying  72%] replaying BTC-USDT @ 1786942080
[replaying  72%] replaying BTC-USDT @ 1786942260
[replaying  72%] replaying BTC-USDT @ 1786942440
[replaying  72%] replaying BTC-USDT @ 1786942620
[replaying  72%] replaying BTC-USDT @ 1786942800
[replaying  72%] replaying BTC-USDT @ 1786942980
[replaying  72%] replaying BTC-USDT @ 1786943160
[replaying  72%] replaying BTC-USDT @ 1786943340
[replaying  72%] replaying BTC-USDT @ 1786943520
[replaying  72%] replaying BTC-USDT @ 1786943700
[replaying  72%] replaying BTC-USDT @ 1786943880
[replaying  72%] replaying BTC-USDT @ 1786944060
[replaying  72%] replaying BTC-USDT @ 1786944240
[replaying  72%] replaying BTC-USDT @ 1786944420
[replaying  72%] replaying BTC-USDT @ 1786944600
[replaying  72%] replaying BTC-USDT @ 1786944780
[replaying  72%] replaying BTC-USDT @ 1786944960
[replaying  72%] replaying BTC-USDT @ 1786945140
[replaying  72%] replaying BTC-USDT @ 1786945320
[replaying  72%] replaying BTC-USDT @ 1786945500
[replaying  72%] replaying BTC-USDT @ 1786945680
[replaying  72%] replaying BTC-USDT @ 1786945860
[replaying  72%] replaying BTC-USDT @ 1786946040
[replaying  72%] replaying BTC-USDT @ 1786946220
[replaying  72%] replaying BTC-USDT @ 1786946400
[replaying  72%] replaying BTC-USDT @ 1786946580
[replaying  72%] replaying BTC-USDT @ 1786946760
[replaying  72%] replaying BTC-USDT @ 1786946940
[replaying  72%] replaying BTC-USDT @ 1786947120
[replaying  72%] replaying BTC-USDT @ 1786947300
[replaying  72%] replaying BTC-USDT @ 1786947480
[replaying  72%] replaying BTC-USDT @ 1786947660
[replaying  72%] replaying BTC-USDT @ 1786947840
[replaying  72%] replaying BTC-USDT @ 1786948020
[replaying  72%] replaying BTC-USDT @ 1786948200
[replaying  72%] replaying BTC-USDT @ 1786948380
[replaying  72%] replaying BTC-USDT @ 1786948560
[replaying  72%] replaying BTC-USDT @ 1786948740
[replaying  72%] replaying BTC-USDT @ 1786948920
[replaying  72%] replaying BTC-USDT @ 1786949100
[replaying  72%] replaying BTC-USDT @ 1786949280
[replaying  72%] replaying BTC-USDT @ 1786949460
[replaying  72%] replaying BTC-USDT @ 1786949640
[replaying  72%] replaying BTC-USDT @ 1786949820
[replaying  72%] replaying BTC-USDT @ 1786950000
[replaying  72%] replaying BTC-USDT @ 1786950180
[replaying  72%] replaying BTC-USDT @ 1786950360
[replaying  72%] replaying BTC-USDT @ 1786950540
[replaying  72%] replaying BTC-USDT @ 1786950720
[replaying  72%] replaying BTC-USDT @ 1786950900
[replaying  72%] replaying BTC-USDT @ 1786951080
[replaying  72%] replaying BTC-USDT @ 1786951260
[replaying  72%] replaying BTC-USDT @ 1786951440
[replaying  72%] replaying BTC-USDT @ 1786951620
[replaying  72%] replaying BTC-USDT @ 1786951800
[replaying  72%] replaying BTC-USDT @ 1786951980
[replaying  72%] replaying BTC-USDT @ 1786952160
[replaying  72%] replaying BTC-USDT @ 1786952340
[replaying  72%] replaying BTC-USDT @ 1786952520
[replaying  72%] replaying BTC-USDT @ 1786952700
[replaying  72%] replaying BTC-USDT @ 1786952880
[replaying  72%] replaying BTC-USDT @ 1786953060
[replaying  72%] replaying BTC-USDT @ 1786953240
[replaying  72%] replaying BTC-USDT @ 1786953420
[replaying  72%] replaying BTC-USDT @ 1786953600
💰 FUNDING: Settlement applied — -0.0099927054184994263151190006 (rate=0.0100%)
[replaying  72%] replaying BTC-USDT @ 1786953780
[replaying  72%] replaying BTC-USDT @ 1786953960
[replaying  72%] replaying BTC-USDT @ 1786954140
[replaying  72%] replaying BTC-USDT @ 1786954320
[replaying  72%] replaying BTC-USDT @ 1786954500
[replaying  72%] replaying BTC-USDT @ 1786954680
[replaying  72%] replaying BTC-USDT @ 1786954860
[replaying  72%] replaying BTC-USDT @ 1786955040
[replaying  72%] replaying BTC-USDT @ 1786955220
[replaying  72%] replaying BTC-USDT @ 1786955400
[replaying  72%] replaying BTC-USDT @ 1786955580
[replaying  72%] replaying BTC-USDT @ 1786955760
[replaying  72%] replaying BTC-USDT @ 1786955940
[replaying  72%] replaying BTC-USDT @ 1786956120
[replaying  72%] replaying BTC-USDT @ 1786956300
[replaying  72%] replaying BTC-USDT @ 1786956480
[replaying  72%] replaying BTC-USDT @ 1786956660
[replaying  73%] replaying BTC-USDT @ 1786956840
[replaying  73%] replaying BTC-USDT @ 1786957020
[replaying  73%] replaying BTC-USDT @ 1786957200
[replaying  73%] replaying BTC-USDT @ 1786957380
[replaying  73%] replaying BTC-USDT @ 1786957560
[replaying  73%] replaying BTC-USDT @ 1786957740
[replaying  73%] replaying BTC-USDT @ 1786957920
[replaying  73%] replaying BTC-USDT @ 1786958100
[replaying  73%] replaying BTC-USDT @ 1786958280
[replaying  73%] replaying BTC-USDT @ 1786958460
[replaying  73%] replaying BTC-USDT @ 1786958640
[replaying  73%] replaying BTC-USDT @ 1786958820
[replaying  73%] replaying BTC-USDT @ 1786959000
[replaying  73%] replaying BTC-USDT @ 1786959180
[replaying  73%] replaying BTC-USDT @ 1786959360
[replaying  73%] replaying BTC-USDT @ 1786959540
[replaying  73%] replaying BTC-USDT @ 1786959720
[replaying  73%] replaying BTC-USDT @ 1786959900
[replaying  73%] replaying BTC-USDT @ 1786960080
[replaying  73%] replaying BTC-USDT @ 1786960260
[replaying  73%] replaying BTC-USDT @ 1786960440
[replaying  73%] replaying BTC-USDT @ 1786960620
[replaying  73%] replaying BTC-USDT @ 1786960800
[replaying  73%] replaying BTC-USDT @ 1786960980
[replaying  73%] replaying BTC-USDT @ 1786961160
[replaying  73%] replaying BTC-USDT @ 1786961340
[replaying  73%] replaying BTC-USDT @ 1786961520
[replaying  73%] replaying BTC-USDT @ 1786961700
[replaying  73%] replaying BTC-USDT @ 1786961880
[replaying  73%] replaying BTC-USDT @ 1786962060
[replaying  73%] replaying BTC-USDT @ 1786962240
[replaying  73%] replaying BTC-USDT @ 1786962420
[replaying  73%] replaying BTC-USDT @ 1786962600
[replaying  73%] replaying BTC-USDT @ 1786962780
[replaying  73%] replaying BTC-USDT @ 1786962960
[replaying  73%] replaying BTC-USDT @ 1786963140
[replaying  73%] replaying BTC-USDT @ 1786963320
[replaying  73%] replaying BTC-USDT @ 1786963500
[replaying  73%] replaying BTC-USDT @ 1786963680
[replaying  73%] replaying BTC-USDT @ 1786963860
[replaying  73%] replaying BTC-USDT @ 1786964040
[replaying  73%] replaying BTC-USDT @ 1786964220
[replaying  73%] replaying BTC-USDT @ 1786964400
[replaying  73%] replaying BTC-USDT @ 1786964580
[replaying  73%] replaying BTC-USDT @ 1786964760
[replaying  73%] replaying BTC-USDT @ 1786964940
[replaying  73%] replaying BTC-USDT @ 1786965120
[replaying  73%] replaying BTC-USDT @ 1786965300
[replaying  73%] replaying BTC-USDT @ 1786965480
[replaying  73%] replaying BTC-USDT @ 1786965660
[replaying  73%] replaying BTC-USDT @ 1786965840
[replaying  73%] replaying BTC-USDT @ 1786966020
[replaying  73%] replaying BTC-USDT @ 1786966200
[replaying  73%] replaying BTC-USDT @ 1786966380
[replaying  73%] replaying BTC-USDT @ 1786966560
[replaying  73%] replaying BTC-USDT @ 1786966740
[replaying  73%] replaying BTC-USDT @ 1786966920
[replaying  73%] replaying BTC-USDT @ 1786967100
[replaying  73%] replaying BTC-USDT @ 1786967280
[replaying  73%] replaying BTC-USDT @ 1786967460
[replaying  73%] replaying BTC-USDT @ 1786967640
[replaying  73%] replaying BTC-USDT @ 1786967820
[replaying  73%] replaying BTC-USDT @ 1786968000
[replaying  73%] replaying BTC-USDT @ 1786968180
[replaying  73%] replaying BTC-USDT @ 1786968360
[replaying  73%] replaying BTC-USDT @ 1786968540
[replaying  73%] replaying BTC-USDT @ 1786968720
[replaying  73%] replaying BTC-USDT @ 1786968900
[replaying  73%] replaying BTC-USDT @ 1786969080
[replaying  73%] replaying BTC-USDT @ 1786969260
[replaying  73%] replaying BTC-USDT @ 1786969440
[replaying  73%] replaying BTC-USDT @ 1786969620
[replaying  73%] replaying BTC-USDT @ 1786969800
[replaying  73%] replaying BTC-USDT @ 1786969980
[replaying  73%] replaying BTC-USDT @ 1786970160
[replaying  73%] replaying BTC-USDT @ 1786970340
[replaying  73%] replaying BTC-USDT @ 1786970520
[replaying  73%] replaying BTC-USDT @ 1786970700
[replaying  73%] replaying BTC-USDT @ 1786970880
[replaying  73%] replaying BTC-USDT @ 1786971060
[replaying  73%] replaying BTC-USDT @ 1786971240
[replaying  73%] replaying BTC-USDT @ 1786971420
[replaying  74%] replaying BTC-USDT @ 1786971600
[replaying  74%] replaying BTC-USDT @ 1786971780
[replaying  74%] replaying BTC-USDT @ 1786971960
[replaying  74%] replaying BTC-USDT @ 1786972140
[replaying  74%] replaying BTC-USDT @ 1786972320
[replaying  74%] replaying BTC-USDT @ 1786972500
[replaying  74%] replaying BTC-USDT @ 1786972680
[replaying  74%] replaying BTC-USDT @ 1786972860
[replaying  74%] replaying BTC-USDT @ 1786973040
[replaying  74%] replaying BTC-USDT @ 1786973220
[replaying  74%] replaying BTC-USDT @ 1786973400
[replaying  74%] replaying BTC-USDT @ 1786973580
[replaying  74%] replaying BTC-USDT @ 1786973760
[replaying  74%] replaying BTC-USDT @ 1786973940
[replaying  74%] replaying BTC-USDT @ 1786974120
[replaying  74%] replaying BTC-USDT @ 1786974300
[replaying  74%] replaying BTC-USDT @ 1786974480
[replaying  74%] replaying BTC-USDT @ 1786974660
[replaying  74%] replaying BTC-USDT @ 1786974840
[replaying  74%] replaying BTC-USDT @ 1786975020
[replaying  74%] replaying BTC-USDT @ 1786975200
[replaying  74%] replaying BTC-USDT @ 1786975380
[replaying  74%] replaying BTC-USDT @ 1786975560
[replaying  74%] replaying BTC-USDT @ 1786975740
[replaying  74%] replaying BTC-USDT @ 1786975920
[replaying  74%] replaying BTC-USDT @ 1786976100
[replaying  74%] replaying BTC-USDT @ 1786976280
[replaying  74%] replaying BTC-USDT @ 1786976460
[replaying  74%] replaying BTC-USDT @ 1786976640
[replaying  74%] replaying BTC-USDT @ 1786976820
[replaying  74%] replaying BTC-USDT @ 1786977000
[replaying  74%] replaying BTC-USDT @ 1786977180
[replaying  74%] replaying BTC-USDT @ 1786977360
[replaying  74%] replaying BTC-USDT @ 1786977540
[replaying  74%] replaying BTC-USDT @ 1786977720
[replaying  74%] replaying BTC-USDT @ 1786977900
[replaying  74%] replaying BTC-USDT @ 1786978080
[replaying  74%] replaying BTC-USDT @ 1786978260
[replaying  74%] replaying BTC-USDT @ 1786978440
[replaying  74%] replaying BTC-USDT @ 1786978620
[replaying  74%] replaying BTC-USDT @ 1786978800
[replaying  74%] replaying BTC-USDT @ 1786978980
[replaying  74%] replaying BTC-USDT @ 1786979160
[replaying  74%] replaying BTC-USDT @ 1786979340
[replaying  74%] replaying BTC-USDT @ 1786979520
[replaying  74%] replaying BTC-USDT @ 1786979700
[replaying  74%] replaying BTC-USDT @ 1786979880
[replaying  74%] replaying BTC-USDT @ 1786980060
[replaying  74%] replaying BTC-USDT @ 1786980240
[replaying  74%] replaying BTC-USDT @ 1786980420
[replaying  74%] replaying BTC-USDT @ 1786980600
[replaying  74%] replaying BTC-USDT @ 1786980780
[replaying  74%] replaying BTC-USDT @ 1786980960
[replaying  74%] replaying BTC-USDT @ 1786981140
[replaying  74%] replaying BTC-USDT @ 1786981320
[replaying  74%] replaying BTC-USDT @ 1786981500
[replaying  74%] replaying BTC-USDT @ 1786981680
[replaying  74%] replaying BTC-USDT @ 1786981860
[replaying  74%] replaying BTC-USDT @ 1786982040
[replaying  74%] replaying BTC-USDT @ 1786982220
[replaying  74%] replaying BTC-USDT @ 1786982400
💰 FUNDING: Settlement applied — -0.0099927054184994263151190006 (rate=0.0100%)
[replaying  74%] replaying BTC-USDT @ 1786982580
[replaying  74%] replaying BTC-USDT @ 1786982760
[replaying  74%] replaying BTC-USDT @ 1786982940
[replaying  74%] replaying BTC-USDT @ 1786983120
[replaying  74%] replaying BTC-USDT @ 1786983300
[replaying  74%] replaying BTC-USDT @ 1786983480
[replaying  74%] replaying BTC-USDT @ 1786983660
[replaying  74%] replaying BTC-USDT @ 1786983840
[replaying  74%] replaying BTC-USDT @ 1786984020
[replaying  74%] replaying BTC-USDT @ 1786984200
[replaying  74%] replaying BTC-USDT @ 1786984380
[replaying  74%] replaying BTC-USDT @ 1786984560
[replaying  74%] replaying BTC-USDT @ 1786984740
[replaying  74%] replaying BTC-USDT @ 1786984920
[replaying  74%] replaying BTC-USDT @ 1786985100
[replaying  74%] replaying BTC-USDT @ 1786985280
[replaying  74%] replaying BTC-USDT @ 1786985460
[replaying  74%] replaying BTC-USDT @ 1786985640
[replaying  74%] replaying BTC-USDT @ 1786985820
[replaying  74%] replaying BTC-USDT @ 1786986000
[replaying  74%] replaying BTC-USDT @ 1786986180
[replaying  74%] replaying BTC-USDT @ 1786986360
[replaying  75%] replaying BTC-USDT @ 1786986540
[replaying  75%] replaying BTC-USDT @ 1786986720
[replaying  75%] replaying BTC-USDT @ 1786986900
[replaying  75%] replaying BTC-USDT @ 1786987080
[replaying  75%] replaying BTC-USDT @ 1786987260
[replaying  75%] replaying BTC-USDT @ 1786987440
[replaying  75%] replaying BTC-USDT @ 1786987620
[replaying  75%] replaying BTC-USDT @ 1786987800
[replaying  75%] replaying BTC-USDT @ 1786987980
[replaying  75%] replaying BTC-USDT @ 1786988160
[replaying  75%] replaying BTC-USDT @ 1786988340
[replaying  75%] replaying BTC-USDT @ 1786988520
[replaying  75%] replaying BTC-USDT @ 1786988700
[replaying  75%] replaying BTC-USDT @ 1786988880
[replaying  75%] replaying BTC-USDT @ 1786989060
[replaying  75%] replaying BTC-USDT @ 1786989240
[replaying  75%] replaying BTC-USDT @ 1786989420
[replaying  75%] replaying BTC-USDT @ 1786989600
[replaying  75%] replaying BTC-USDT @ 1786989780
[replaying  75%] replaying BTC-USDT @ 1786989960
[replaying  75%] replaying BTC-USDT @ 1786990140
[replaying  75%] replaying BTC-USDT @ 1786990320
[replaying  75%] replaying BTC-USDT @ 1786990500
[replaying  75%] replaying BTC-USDT @ 1786990680
[replaying  75%] replaying BTC-USDT @ 1786990860
[replaying  75%] replaying BTC-USDT @ 1786991040
[replaying  75%] replaying BTC-USDT @ 1786991220
[replaying  75%] replaying BTC-USDT @ 1786991400
[replaying  75%] replaying BTC-USDT @ 1786991580
[replaying  75%] replaying BTC-USDT @ 1786991760
[replaying  75%] replaying BTC-USDT @ 1786991940
[replaying  75%] replaying BTC-USDT @ 1786992120
[replaying  75%] replaying BTC-USDT @ 1786992300
[replaying  75%] replaying BTC-USDT @ 1786992480
[replaying  75%] replaying BTC-USDT @ 1786992660
[replaying  75%] replaying BTC-USDT @ 1786992840
[replaying  75%] replaying BTC-USDT @ 1786993020
[replaying  75%] replaying BTC-USDT @ 1786993200
[replaying  75%] replaying BTC-USDT @ 1786993380
[replaying  75%] replaying BTC-USDT @ 1786993560
[replaying  75%] replaying BTC-USDT @ 1786993740
[replaying  75%] replaying BTC-USDT @ 1786993920
[replaying  75%] replaying BTC-USDT @ 1786994100
[replaying  75%] replaying BTC-USDT @ 1786994280
[replaying  75%] replaying BTC-USDT @ 1786994460
[replaying  75%] replaying BTC-USDT @ 1786994640
[replaying  75%] replaying BTC-USDT @ 1786994820
[replaying  75%] replaying BTC-USDT @ 1786995000
[replaying  75%] replaying BTC-USDT @ 1786995180
[replaying  75%] replaying BTC-USDT @ 1786995360
[replaying  75%] replaying BTC-USDT @ 1786995540
[replaying  75%] replaying BTC-USDT @ 1786995720
[replaying  75%] replaying BTC-USDT @ 1786995900
[replaying  75%] replaying BTC-USDT @ 1786996080
[replaying  75%] replaying BTC-USDT @ 1786996260
[replaying  75%] replaying BTC-USDT @ 1786996440
[replaying  75%] replaying BTC-USDT @ 1786996620
[replaying  75%] replaying BTC-USDT @ 1786996800
[replaying  75%] replaying BTC-USDT @ 1786996980
[replaying  75%] replaying BTC-USDT @ 1786997160
[replaying  75%] replaying BTC-USDT @ 1786997340
[replaying  75%] replaying BTC-USDT @ 1786997520
[replaying  75%] replaying BTC-USDT @ 1786997700
[replaying  75%] replaying BTC-USDT @ 1786997880
[replaying  75%] replaying BTC-USDT @ 1786998060
[replaying  75%] replaying BTC-USDT @ 1786998240
[replaying  75%] replaying BTC-USDT @ 1786998420
[replaying  75%] replaying BTC-USDT @ 1786998600
[replaying  75%] replaying BTC-USDT @ 1786998780
[replaying  75%] replaying BTC-USDT @ 1786998960
[replaying  75%] replaying BTC-USDT @ 1786999140
[replaying  75%] replaying BTC-USDT @ 1786999320
[replaying  75%] replaying BTC-USDT @ 1786999500
[replaying  75%] replaying BTC-USDT @ 1786999680
[replaying  75%] replaying BTC-USDT @ 1786999860
[replaying  75%] replaying BTC-USDT @ 1787000040
[replaying  75%] replaying BTC-USDT @ 1787000220
[replaying  75%] replaying BTC-USDT @ 1787000400
[replaying  75%] replaying BTC-USDT @ 1787000580
[replaying  75%] replaying BTC-USDT @ 1787000760
[replaying  75%] replaying BTC-USDT @ 1787000940
[replaying  75%] replaying BTC-USDT @ 1787001120
[replaying  75%] replaying BTC-USDT @ 1787001300
[replaying  76%] replaying BTC-USDT @ 1787001480
[replaying  76%] replaying BTC-USDT @ 1787001660
[replaying  76%] replaying BTC-USDT @ 1787001840
[replaying  76%] replaying BTC-USDT @ 1787002020
[replaying  76%] replaying BTC-USDT @ 1787002200
[replaying  76%] replaying BTC-USDT @ 1787002380
[replaying  76%] replaying BTC-USDT @ 1787002560
[replaying  76%] replaying BTC-USDT @ 1787002740
[replaying  76%] replaying BTC-USDT @ 1787002920
[replaying  76%] replaying BTC-USDT @ 1787003100
[replaying  76%] replaying BTC-USDT @ 1787003280
[replaying  76%] replaying BTC-USDT @ 1787003460
[replaying  76%] replaying BTC-USDT @ 1787003640
[replaying  76%] replaying BTC-USDT @ 1787003820
[replaying  76%] replaying BTC-USDT @ 1787004000
[replaying  76%] replaying BTC-USDT @ 1787004180
[replaying  76%] replaying BTC-USDT @ 1787004360
[replaying  76%] replaying BTC-USDT @ 1787004540
[replaying  76%] replaying BTC-USDT @ 1787004720
[replaying  76%] replaying BTC-USDT @ 1787004900
[replaying  76%] replaying BTC-USDT @ 1787005080
[replaying  76%] replaying BTC-USDT @ 1787005260
[replaying  76%] replaying BTC-USDT @ 1787005440
[replaying  76%] replaying BTC-USDT @ 1787005620
[replaying  76%] replaying BTC-USDT @ 1787005800
[replaying  76%] replaying BTC-USDT @ 1787005980
[replaying  76%] replaying BTC-USDT @ 1787006160
[replaying  76%] replaying BTC-USDT @ 1787006340
[replaying  76%] replaying BTC-USDT @ 1787006520
[replaying  76%] replaying BTC-USDT @ 1787006700
[replaying  76%] replaying BTC-USDT @ 1787006880
[replaying  76%] replaying BTC-USDT @ 1787007060
[replaying  76%] replaying BTC-USDT @ 1787007240
[replaying  76%] replaying BTC-USDT @ 1787007420
[replaying  76%] replaying BTC-USDT @ 1787007600
[replaying  76%] replaying BTC-USDT @ 1787007780
[replaying  76%] replaying BTC-USDT @ 1787007960
[replaying  76%] replaying BTC-USDT @ 1787008140
[replaying  76%] replaying BTC-USDT @ 1787008320
[replaying  76%] replaying BTC-USDT @ 1787008500
[replaying  76%] replaying BTC-USDT @ 1787008680
[replaying  76%] replaying BTC-USDT @ 1787008860
[replaying  76%] replaying BTC-USDT @ 1787009040
[replaying  76%] replaying BTC-USDT @ 1787009220
[replaying  76%] replaying BTC-USDT @ 1787009400
[replaying  76%] replaying BTC-USDT @ 1787009580
[replaying  76%] replaying BTC-USDT @ 1787009760
[replaying  76%] replaying BTC-USDT @ 1787009940
[replaying  76%] replaying BTC-USDT @ 1787010120
[replaying  76%] replaying BTC-USDT @ 1787010300
[replaying  76%] replaying BTC-USDT @ 1787010480
[replaying  76%] replaying BTC-USDT @ 1787010660
[replaying  76%] replaying BTC-USDT @ 1787010840
[replaying  76%] replaying BTC-USDT @ 1787011020
[replaying  76%] replaying BTC-USDT @ 1787011200
💰 FUNDING: Settlement applied — -0.0099927054184994263151190006 (rate=0.0100%)
[replaying  76%] replaying BTC-USDT @ 1787011380
[replaying  76%] replaying BTC-USDT @ 1787011560
[replaying  76%] replaying BTC-USDT @ 1787011740
[replaying  76%] replaying BTC-USDT @ 1787011920
[replaying  76%] replaying BTC-USDT @ 1787012100
[replaying  76%] replaying BTC-USDT @ 1787012280
[replaying  76%] replaying BTC-USDT @ 1787012460
[replaying  76%] replaying BTC-USDT @ 1787012640
[replaying  76%] replaying BTC-USDT @ 1787012820
[replaying  76%] replaying BTC-USDT @ 1787013000
[replaying  76%] replaying BTC-USDT @ 1787013180
[replaying  76%] replaying BTC-USDT @ 1787013360
[replaying  76%] replaying BTC-USDT @ 1787013540
[replaying  76%] replaying BTC-USDT @ 1787013720
[replaying  76%] replaying BTC-USDT @ 1787013900
[replaying  76%] replaying BTC-USDT @ 1787014080
[replaying  76%] replaying BTC-USDT @ 1787014260
[replaying  76%] replaying BTC-USDT @ 1787014440
[replaying  76%] replaying BTC-USDT @ 1787014620
[replaying  76%] replaying BTC-USDT @ 1787014800
[replaying  76%] replaying BTC-USDT @ 1787014980
[replaying  76%] replaying BTC-USDT @ 1787015160
[replaying  76%] replaying BTC-USDT @ 1787015340
[replaying  76%] replaying BTC-USDT @ 1787015520
[replaying  76%] replaying BTC-USDT @ 1787015700
[replaying  76%] replaying BTC-USDT @ 1787015880
[replaying  76%] replaying BTC-USDT @ 1787016060
[replaying  76%] replaying BTC-USDT @ 1787016240
[replaying  77%] replaying BTC-USDT @ 1787016420
[replaying  77%] replaying BTC-USDT @ 1787016600
[replaying  77%] replaying BTC-USDT @ 1787016780
[replaying  77%] replaying BTC-USDT @ 1787016960
[replaying  77%] replaying BTC-USDT @ 1787017140
[replaying  77%] replaying BTC-USDT @ 1787017320
[replaying  77%] replaying BTC-USDT @ 1787017500
[replaying  77%] replaying BTC-USDT @ 1787017680
[replaying  77%] replaying BTC-USDT @ 1787017860
[replaying  77%] replaying BTC-USDT @ 1787018040
[replaying  77%] replaying BTC-USDT @ 1787018220
[replaying  77%] replaying BTC-USDT @ 1787018400
[replaying  77%] replaying BTC-USDT @ 1787018580
[replaying  77%] replaying BTC-USDT @ 1787018760
[replaying  77%] replaying BTC-USDT @ 1787018940
[replaying  77%] replaying BTC-USDT @ 1787019120
[replaying  77%] replaying BTC-USDT @ 1787019300
[replaying  77%] replaying BTC-USDT @ 1787019480
[replaying  77%] replaying BTC-USDT @ 1787019660
[replaying  77%] replaying BTC-USDT @ 1787019840
[replaying  77%] replaying BTC-USDT @ 1787020020
[replaying  77%] replaying BTC-USDT @ 1787020200
[replaying  77%] replaying BTC-USDT @ 1787020380
[replaying  77%] replaying BTC-USDT @ 1787020560
[replaying  77%] replaying BTC-USDT @ 1787020740
[replaying  77%] replaying BTC-USDT @ 1787020920
[replaying  77%] replaying BTC-USDT @ 1787021100
[replaying  77%] replaying BTC-USDT @ 1787021280
[replaying  77%] replaying BTC-USDT @ 1787021460
[replaying  77%] replaying BTC-USDT @ 1787021640
[replaying  77%] replaying BTC-USDT @ 1787021820
[replaying  77%] replaying BTC-USDT @ 1787022000
[replaying  77%] replaying BTC-USDT @ 1787022180
[replaying  77%] replaying BTC-USDT @ 1787022360
[replaying  77%] replaying BTC-USDT @ 1787022540
[replaying  77%] replaying BTC-USDT @ 1787022720
[replaying  77%] replaying BTC-USDT @ 1787022900
[replaying  77%] replaying BTC-USDT @ 1787023080
[replaying  77%] replaying BTC-USDT @ 1787023260
[replaying  77%] replaying BTC-USDT @ 1787023440
[replaying  77%] replaying BTC-USDT @ 1787023620
[replaying  77%] replaying BTC-USDT @ 1787023800
[replaying  77%] replaying BTC-USDT @ 1787023980
[replaying  77%] replaying BTC-USDT @ 1787024160
[replaying  77%] replaying BTC-USDT @ 1787024340
[replaying  77%] replaying BTC-USDT @ 1787024520
[replaying  77%] replaying BTC-USDT @ 1787024700
[replaying  77%] replaying BTC-USDT @ 1787024880
[replaying  77%] replaying BTC-USDT @ 1787025060
[replaying  77%] replaying BTC-USDT @ 1787025240
[replaying  77%] replaying BTC-USDT @ 1787025420
[replaying  77%] replaying BTC-USDT @ 1787025600
[replaying  77%] replaying BTC-USDT @ 1787025780
[replaying  77%] replaying BTC-USDT @ 1787025960
[replaying  77%] replaying BTC-USDT @ 1787026140
[replaying  77%] replaying BTC-USDT @ 1787026320
[replaying  77%] replaying BTC-USDT @ 1787026500
[replaying  77%] replaying BTC-USDT @ 1787026680
[replaying  77%] replaying BTC-USDT @ 1787026860
[replaying  77%] replaying BTC-USDT @ 1787027040
[replaying  77%] replaying BTC-USDT @ 1787027220
[replaying  77%] replaying BTC-USDT @ 1787027400
[replaying  77%] replaying BTC-USDT @ 1787027580
[replaying  77%] replaying BTC-USDT @ 1787027760
[replaying  77%] replaying BTC-USDT @ 1787027940
[replaying  77%] replaying BTC-USDT @ 1787028120
[replaying  77%] replaying BTC-USDT @ 1787028300
[replaying  77%] replaying BTC-USDT @ 1787028480
[replaying  77%] replaying BTC-USDT @ 1787028660
[replaying  77%] replaying BTC-USDT @ 1787028840
[replaying  77%] replaying BTC-USDT @ 1787029020
[replaying  77%] replaying BTC-USDT @ 1787029200
[replaying  77%] replaying BTC-USDT @ 1787029380
[replaying  77%] replaying BTC-USDT @ 1787029560
[replaying  77%] replaying BTC-USDT @ 1787029740
[replaying  77%] replaying BTC-USDT @ 1787029920
[replaying  77%] replaying BTC-USDT @ 1787030100
[replaying  77%] replaying BTC-USDT @ 1787030280
[replaying  77%] replaying BTC-USDT @ 1787030460
[replaying  77%] replaying BTC-USDT @ 1787030640
[replaying  77%] replaying BTC-USDT @ 1787030820
[replaying  77%] replaying BTC-USDT @ 1787031000
[replaying  78%] replaying BTC-USDT @ 1787031180
[replaying  78%] replaying BTC-USDT @ 1787031360
[replaying  78%] replaying BTC-USDT @ 1787031540
[replaying  78%] replaying BTC-USDT @ 1787031720
[replaying  78%] replaying BTC-USDT @ 1787031900
[replaying  78%] replaying BTC-USDT @ 1787032080
[replaying  78%] replaying BTC-USDT @ 1787032260
[replaying  78%] replaying BTC-USDT @ 1787032440
[replaying  78%] replaying BTC-USDT @ 1787032620
[replaying  78%] replaying BTC-USDT @ 1787032800
[replaying  78%] replaying BTC-USDT @ 1787032980
[replaying  78%] replaying BTC-USDT @ 1787033160
[replaying  78%] replaying BTC-USDT @ 1787033340
[replaying  78%] replaying BTC-USDT @ 1787033520
[replaying  78%] replaying BTC-USDT @ 1787033700
[replaying  78%] replaying BTC-USDT @ 1787033880
[replaying  78%] replaying BTC-USDT @ 1787034060
[replaying  78%] replaying BTC-USDT @ 1787034240
[replaying  78%] replaying BTC-USDT @ 1787034420
[replaying  78%] replaying BTC-USDT @ 1787034600
[replaying  78%] replaying BTC-USDT @ 1787034780
[replaying  78%] replaying BTC-USDT @ 1787034960
[replaying  78%] replaying BTC-USDT @ 1787035140
[replaying  78%] replaying BTC-USDT @ 1787035320
[replaying  78%] replaying BTC-USDT @ 1787035500
[replaying  78%] replaying BTC-USDT @ 1787035680
[replaying  78%] replaying BTC-USDT @ 1787035860
[replaying  78%] replaying BTC-USDT @ 1787036040
[replaying  78%] replaying BTC-USDT @ 1787036220
[replaying  78%] replaying BTC-USDT @ 1787036400
[replaying  78%] replaying BTC-USDT @ 1787036580
[replaying  78%] replaying BTC-USDT @ 1787036760
[replaying  78%] replaying BTC-USDT @ 1787036940
[replaying  78%] replaying BTC-USDT @ 1787037120
[replaying  78%] replaying BTC-USDT @ 1787037300
[replaying  78%] replaying BTC-USDT @ 1787037480
[replaying  78%] replaying BTC-USDT @ 1787037660
[replaying  78%] replaying BTC-USDT @ 1787037840
[replaying  78%] replaying BTC-USDT @ 1787038020
[replaying  78%] replaying BTC-USDT @ 1787038200
[replaying  78%] replaying BTC-USDT @ 1787038380
[replaying  78%] replaying BTC-USDT @ 1787038560
[replaying  78%] replaying BTC-USDT @ 1787038740
[replaying  78%] replaying BTC-USDT @ 1787038920
[replaying  78%] replaying BTC-USDT @ 1787039100
[replaying  78%] replaying BTC-USDT @ 1787039280
[replaying  78%] replaying BTC-USDT @ 1787039460
[replaying  78%] replaying BTC-USDT @ 1787039640
[replaying  78%] replaying BTC-USDT @ 1787039820
[replaying  78%] replaying BTC-USDT @ 1787040000
💰 FUNDING: Settlement applied — -0.0099927054184994263151190006 (rate=0.0100%)
[replaying  78%] replaying BTC-USDT @ 1787040180
[replaying  78%] replaying BTC-USDT @ 1787040360
[replaying  78%] replaying BTC-USDT @ 1787040540
[replaying  78%] replaying BTC-USDT @ 1787040720
[replaying  78%] replaying BTC-USDT @ 1787040900
[replaying  78%] replaying BTC-USDT @ 1787041080
[replaying  78%] replaying BTC-USDT @ 1787041260
[replaying  78%] replaying BTC-USDT @ 1787041440
[replaying  78%] replaying BTC-USDT @ 1787041620
[replaying  78%] replaying BTC-USDT @ 1787041800
[replaying  78%] replaying BTC-USDT @ 1787041980
[replaying  78%] replaying BTC-USDT @ 1787042160
[replaying  78%] replaying BTC-USDT @ 1787042340
[replaying  78%] replaying BTC-USDT @ 1787042520
[replaying  78%] replaying BTC-USDT @ 1787042700
[replaying  78%] replaying BTC-USDT @ 1787042880
[replaying  78%] replaying BTC-USDT @ 1787043060
[replaying  78%] replaying BTC-USDT @ 1787043240
[replaying  78%] replaying BTC-USDT @ 1787043420
[replaying  78%] replaying BTC-USDT @ 1787043600
[replaying  78%] replaying BTC-USDT @ 1787043780
[replaying  78%] replaying BTC-USDT @ 1787043960
[replaying  78%] replaying BTC-USDT @ 1787044140
[replaying  78%] replaying BTC-USDT @ 1787044320
[replaying  78%] replaying BTC-USDT @ 1787044500
[replaying  78%] replaying BTC-USDT @ 1787044680
[replaying  78%] replaying BTC-USDT @ 1787044860
[replaying  78%] replaying BTC-USDT @ 1787045040
[replaying  78%] replaying BTC-USDT @ 1787045220
[replaying  78%] replaying BTC-USDT @ 1787045400
[replaying  78%] replaying BTC-USDT @ 1787045580
[replaying  78%] replaying BTC-USDT @ 1787045760
[replaying  78%] replaying BTC-USDT @ 1787045940
[replaying  79%] replaying BTC-USDT @ 1787046120
[replaying  79%] replaying BTC-USDT @ 1787046300
[replaying  79%] replaying BTC-USDT @ 1787046480
[replaying  79%] replaying BTC-USDT @ 1787046660
[replaying  79%] replaying BTC-USDT @ 1787046840
[replaying  79%] replaying BTC-USDT @ 1787047020
[replaying  79%] replaying BTC-USDT @ 1787047200
[replaying  79%] replaying BTC-USDT @ 1787047380
[replaying  79%] replaying BTC-USDT @ 1787047560
[replaying  79%] replaying BTC-USDT @ 1787047740
[replaying  79%] replaying BTC-USDT @ 1787047920
[replaying  79%] replaying BTC-USDT @ 1787048100
[replaying  79%] replaying BTC-USDT @ 1787048280
[replaying  79%] replaying BTC-USDT @ 1787048460
[replaying  79%] replaying BTC-USDT @ 1787048640
[replaying  79%] replaying BTC-USDT @ 1787048820
[replaying  79%] replaying BTC-USDT @ 1787049000
[replaying  79%] replaying BTC-USDT @ 1787049180
[replaying  79%] replaying BTC-USDT @ 1787049360
[replaying  79%] replaying BTC-USDT @ 1787049540
[replaying  79%] replaying BTC-USDT @ 1787049720
[replaying  79%] replaying BTC-USDT @ 1787049900
[replaying  79%] replaying BTC-USDT @ 1787050080
[replaying  79%] replaying BTC-USDT @ 1787050260
[replaying  79%] replaying BTC-USDT @ 1787050440
[replaying  79%] replaying BTC-USDT @ 1787050620
[replaying  79%] replaying BTC-USDT @ 1787050800
[replaying  79%] replaying BTC-USDT @ 1787050980
[replaying  79%] replaying BTC-USDT @ 1787051160
[replaying  79%] replaying BTC-USDT @ 1787051340
[replaying  79%] replaying BTC-USDT @ 1787051520
[replaying  79%] replaying BTC-USDT @ 1787051700
[replaying  79%] replaying BTC-USDT @ 1787051880
[replaying  79%] replaying BTC-USDT @ 1787052060
[replaying  79%] replaying BTC-USDT @ 1787052240
[replaying  79%] replaying BTC-USDT @ 1787052420
[replaying  79%] replaying BTC-USDT @ 1787052600
[replaying  79%] replaying BTC-USDT @ 1787052780
[replaying  79%] replaying BTC-USDT @ 1787052960
[replaying  79%] replaying BTC-USDT @ 1787053140
[replaying  79%] replaying BTC-USDT @ 1787053320
[replaying  79%] replaying BTC-USDT @ 1787053500
[replaying  79%] replaying BTC-USDT @ 1787053680
[replaying  79%] replaying BTC-USDT @ 1787053860
[replaying  79%] replaying BTC-USDT @ 1787054040
[replaying  79%] replaying BTC-USDT @ 1787054220
[replaying  79%] replaying BTC-USDT @ 1787054400
[replaying  79%] replaying BTC-USDT @ 1787054580
[replaying  79%] replaying BTC-USDT @ 1787054760
[replaying  79%] replaying BTC-USDT @ 1787054940
[replaying  79%] replaying BTC-USDT @ 1787055120
[replaying  79%] replaying BTC-USDT @ 1787055300
[replaying  79%] replaying BTC-USDT @ 1787055480
[replaying  79%] replaying BTC-USDT @ 1787055660
[replaying  79%] replaying BTC-USDT @ 1787055840
[replaying  79%] replaying BTC-USDT @ 1787056020
[replaying  79%] replaying BTC-USDT @ 1787056200
[replaying  79%] replaying BTC-USDT @ 1787056380
[replaying  79%] replaying BTC-USDT @ 1787056560
[replaying  79%] replaying BTC-USDT @ 1787056740
[replaying  79%] replaying BTC-USDT @ 1787056920
[replaying  79%] replaying BTC-USDT @ 1787057100
[replaying  79%] replaying BTC-USDT @ 1787057280
[replaying  79%] replaying BTC-USDT @ 1787057460
[replaying  79%] replaying BTC-USDT @ 1787057640
[replaying  79%] replaying BTC-USDT @ 1787057820
[replaying  79%] replaying BTC-USDT @ 1787058000
[replaying  79%] replaying BTC-USDT @ 1787058180
[replaying  79%] replaying BTC-USDT @ 1787058360
[replaying  79%] replaying BTC-USDT @ 1787058540
[replaying  79%] replaying BTC-USDT @ 1787058720
[replaying  79%] replaying BTC-USDT @ 1787058900
[replaying  79%] replaying BTC-USDT @ 1787059080
[replaying  79%] replaying BTC-USDT @ 1787059260
[replaying  79%] replaying BTC-USDT @ 1787059440
[replaying  79%] replaying BTC-USDT @ 1787059620
[replaying  79%] replaying BTC-USDT @ 1787059800
[replaying  79%] replaying BTC-USDT @ 1787059980
[replaying  79%] replaying BTC-USDT @ 1787060160
[replaying  79%] replaying BTC-USDT @ 1787060340
[replaying  79%] replaying BTC-USDT @ 1787060520
[replaying  79%] replaying BTC-USDT @ 1787060700
[replaying  79%] replaying BTC-USDT @ 1787060880
[replaying  80%] replaying BTC-USDT @ 1787061060
[replaying  80%] replaying BTC-USDT @ 1787061240
[replaying  80%] replaying BTC-USDT @ 1787061420
[replaying  80%] replaying BTC-USDT @ 1787061600
[replaying  80%] replaying BTC-USDT @ 1787061780
[replaying  80%] replaying BTC-USDT @ 1787061960
[replaying  80%] replaying BTC-USDT @ 1787062140
[replaying  80%] replaying BTC-USDT @ 1787062320
[replaying  80%] replaying BTC-USDT @ 1787062500
[replaying  80%] replaying BTC-USDT @ 1787062680
[replaying  80%] replaying BTC-USDT @ 1787062860
[replaying  80%] replaying BTC-USDT @ 1787063040
[replaying  80%] replaying BTC-USDT @ 1787063220
[replaying  80%] replaying BTC-USDT @ 1787063400
[replaying  80%] replaying BTC-USDT @ 1787063580
[replaying  80%] replaying BTC-USDT @ 1787063760
[replaying  80%] replaying BTC-USDT @ 1787063940
[replaying  80%] replaying BTC-USDT @ 1787064120
[replaying  80%] replaying BTC-USDT @ 1787064300
[replaying  80%] replaying BTC-USDT @ 1787064480
[replaying  80%] replaying BTC-USDT @ 1787064660
[replaying  80%] replaying BTC-USDT @ 1787064840
[replaying  80%] replaying BTC-USDT @ 1787065020
[replaying  80%] replaying BTC-USDT @ 1787065200
[replaying  80%] replaying BTC-USDT @ 1787065380
[replaying  80%] replaying BTC-USDT @ 1787065560
[replaying  80%] replaying BTC-USDT @ 1787065740
[replaying  80%] replaying BTC-USDT @ 1787065920
[replaying  80%] replaying BTC-USDT @ 1787066100
[replaying  80%] replaying BTC-USDT @ 1787066280
[replaying  80%] replaying BTC-USDT @ 1787066460
[replaying  80%] replaying BTC-USDT @ 1787066640
[replaying  80%] replaying BTC-USDT @ 1787066820
[replaying  80%] replaying BTC-USDT @ 1787067000
[replaying  80%] replaying BTC-USDT @ 1787067180
[replaying  80%] replaying BTC-USDT @ 1787067360
[replaying  80%] replaying BTC-USDT @ 1787067540
[replaying  80%] replaying BTC-USDT @ 1787067720
[replaying  80%] replaying BTC-USDT @ 1787067900
[replaying  80%] replaying BTC-USDT @ 1787068080
[replaying  80%] replaying BTC-USDT @ 1787068260
[replaying  80%] replaying BTC-USDT @ 1787068440
[replaying  80%] replaying BTC-USDT @ 1787068620
[replaying  80%] replaying BTC-USDT @ 1787068800
[replaying  80%] replaying BTC-USDT @ 1787068980
[replaying  80%] replaying BTC-USDT @ 1787069160
[replaying  80%] replaying BTC-USDT @ 1787069340
[replaying  80%] replaying BTC-USDT @ 1787069520
[replaying  80%] replaying BTC-USDT @ 1787069700
[replaying  80%] replaying BTC-USDT @ 1787069880
[replaying  80%] replaying BTC-USDT @ 1787070060
[replaying  80%] replaying BTC-USDT @ 1787070240
[replaying  80%] replaying BTC-USDT @ 1787070420
[replaying  80%] replaying BTC-USDT @ 1787070600
[replaying  80%] replaying BTC-USDT @ 1787070780
[replaying  80%] replaying BTC-USDT @ 1787070960
[replaying  80%] replaying BTC-USDT @ 1787071140
[replaying  80%] replaying BTC-USDT @ 1787071320
[replaying  80%] replaying BTC-USDT @ 1787071500
[replaying  80%] replaying BTC-USDT @ 1787071680
[replaying  80%] replaying BTC-USDT @ 1787071860
[replaying  80%] replaying BTC-USDT @ 1787072040
[replaying  80%] replaying BTC-USDT @ 1787072220
[replaying  80%] replaying BTC-USDT @ 1787072400
[replaying  80%] replaying BTC-USDT @ 1787072580
[replaying  80%] replaying BTC-USDT @ 1787072760
[replaying  80%] replaying BTC-USDT @ 1787072940
[replaying  80%] replaying BTC-USDT @ 1787073120
[replaying  80%] replaying BTC-USDT @ 1787073300
[replaying  80%] replaying BTC-USDT @ 1787073480
[replaying  80%] replaying BTC-USDT @ 1787073660
[replaying  80%] replaying BTC-USDT @ 1787073840
[replaying  80%] replaying BTC-USDT @ 1787074020
[replaying  80%] replaying BTC-USDT @ 1787074200
[replaying  80%] replaying BTC-USDT @ 1787074380
[replaying  80%] replaying BTC-USDT @ 1787074560
[replaying  80%] replaying BTC-USDT @ 1787074740
[replaying  80%] replaying BTC-USDT @ 1787074920
[replaying  80%] replaying BTC-USDT @ 1787075100
[replaying  80%] replaying BTC-USDT @ 1787075280
[replaying  80%] replaying BTC-USDT @ 1787075460
[replaying  80%] replaying BTC-USDT @ 1787075640
[replaying  81%] replaying BTC-USDT @ 1787075820
[replaying  81%] replaying BTC-USDT @ 1787076000
[replaying  81%] replaying BTC-USDT @ 1787076180
[replaying  81%] replaying BTC-USDT @ 1787076360
[replaying  81%] replaying BTC-USDT @ 1787076540
[replaying  81%] replaying BTC-USDT @ 1787076720
[replaying  81%] replaying BTC-USDT @ 1787076900
[replaying  81%] replaying BTC-USDT @ 1787077080
[replaying  81%] replaying BTC-USDT @ 1787077260
[replaying  81%] replaying BTC-USDT @ 1787077440
[replaying  81%] replaying BTC-USDT @ 1787077620
[replaying  81%] replaying BTC-USDT @ 1787077800
[replaying  81%] replaying BTC-USDT @ 1787077980
[replaying  81%] replaying BTC-USDT @ 1787078160
[replaying  81%] replaying BTC-USDT @ 1787078340
[replaying  81%] replaying BTC-USDT @ 1787078520
[replaying  81%] replaying BTC-USDT @ 1787078700
[replaying  81%] replaying BTC-USDT @ 1787078880
[replaying  81%] replaying BTC-USDT @ 1787079060
[replaying  81%] replaying BTC-USDT @ 1787079240
[replaying  81%] replaying BTC-USDT @ 1787079420
[replaying  81%] replaying BTC-USDT @ 1787079600
[replaying  81%] replaying BTC-USDT @ 1787079780
[replaying  81%] replaying BTC-USDT @ 1787079960
[replaying  81%] replaying BTC-USDT @ 1787080140
[replaying  81%] replaying BTC-USDT @ 1787080320
[replaying  81%] replaying BTC-USDT @ 1787080500
[replaying  81%] replaying BTC-USDT @ 1787080680
[replaying  81%] replaying BTC-USDT @ 1787080860
[replaying  81%] replaying BTC-USDT @ 1787081040
[replaying  81%] replaying BTC-USDT @ 1787081220
[replaying  81%] replaying BTC-USDT @ 1787081400
[replaying  81%] replaying BTC-USDT @ 1787081580
[replaying  81%] replaying BTC-USDT @ 1787081760
[replaying  81%] replaying BTC-USDT @ 1787081940
[replaying  81%] replaying BTC-USDT @ 1787082120
[replaying  81%] replaying BTC-USDT @ 1787082300
[replaying  81%] replaying BTC-USDT @ 1787082480
[replaying  81%] replaying BTC-USDT @ 1787082660
[replaying  81%] replaying BTC-USDT @ 1787082840
[replaying  81%] replaying BTC-USDT @ 1787083020
[replaying  81%] replaying BTC-USDT @ 1787083200
[replaying  81%] replaying BTC-USDT @ 1787083380
[replaying  81%] replaying BTC-USDT @ 1787083560
[replaying  81%] replaying BTC-USDT @ 1787083740
[replaying  81%] replaying BTC-USDT @ 1787083920
[replaying  81%] replaying BTC-USDT @ 1787084100
[replaying  81%] replaying BTC-USDT @ 1787084280
[replaying  81%] replaying BTC-USDT @ 1787084460
[replaying  81%] replaying BTC-USDT @ 1787084640
[replaying  81%] replaying BTC-USDT @ 1787084820
[replaying  81%] replaying BTC-USDT @ 1787085000
[replaying  81%] replaying BTC-USDT @ 1787085180
[replaying  81%] replaying BTC-USDT @ 1787085360
[replaying  81%] replaying BTC-USDT @ 1787085540
[replaying  81%] replaying BTC-USDT @ 1787085720
[replaying  81%] replaying BTC-USDT @ 1787085900
[replaying  81%] replaying BTC-USDT @ 1787086080
[replaying  81%] replaying BTC-USDT @ 1787086260
[replaying  81%] replaying BTC-USDT @ 1787086440
[replaying  81%] replaying BTC-USDT @ 1787086620
[replaying  81%] replaying BTC-USDT @ 1787086800
[replaying  81%] replaying BTC-USDT @ 1787086980
[replaying  81%] replaying BTC-USDT @ 1787087160
[replaying  81%] replaying BTC-USDT @ 1787087340
[replaying  81%] replaying BTC-USDT @ 1787087520
[replaying  81%] replaying BTC-USDT @ 1787087700
[replaying  81%] replaying BTC-USDT @ 1787087880
[replaying  81%] replaying BTC-USDT @ 1787088060
[replaying  81%] replaying BTC-USDT @ 1787088240
[replaying  81%] replaying BTC-USDT @ 1787088420
[replaying  81%] replaying BTC-USDT @ 1787088600
[replaying  81%] replaying BTC-USDT @ 1787088780
[replaying  81%] replaying BTC-USDT @ 1787088960
[replaying  81%] replaying BTC-USDT @ 1787089140
[replaying  81%] replaying BTC-USDT @ 1787089320
[replaying  81%] replaying BTC-USDT @ 1787089500
[replaying  81%] replaying BTC-USDT @ 1787089680
[replaying  81%] replaying BTC-USDT @ 1787089860
[replaying  81%] replaying BTC-USDT @ 1787090040
[replaying  81%] replaying BTC-USDT @ 1787090220
[replaying  81%] replaying BTC-USDT @ 1787090400
[replaying  81%] replaying BTC-USDT @ 1787090580
[replaying  82%] replaying BTC-USDT @ 1787090760
[replaying  82%] replaying BTC-USDT @ 1787090940
[replaying  82%] replaying BTC-USDT @ 1787091120
[replaying  82%] replaying BTC-USDT @ 1787091300
[replaying  82%] replaying BTC-USDT @ 1787091480
[replaying  82%] replaying BTC-USDT @ 1787091660
[replaying  82%] replaying BTC-USDT @ 1787091840
[replaying  82%] replaying BTC-USDT @ 1787092020
[replaying  82%] replaying BTC-USDT @ 1787092200
[replaying  82%] replaying BTC-USDT @ 1787092380
[replaying  82%] replaying BTC-USDT @ 1787092560
[replaying  82%] replaying BTC-USDT @ 1787092740
[replaying  82%] replaying BTC-USDT @ 1787092920
[replaying  82%] replaying BTC-USDT @ 1787093100
[replaying  82%] replaying BTC-USDT @ 1787093280
[replaying  82%] replaying BTC-USDT @ 1787093460
[replaying  82%] replaying BTC-USDT @ 1787093640
[replaying  82%] replaying BTC-USDT @ 1787093820
[replaying  82%] replaying BTC-USDT @ 1787094000
[replaying  82%] replaying BTC-USDT @ 1787094180
[replaying  82%] replaying BTC-USDT @ 1787094360
[replaying  82%] replaying BTC-USDT @ 1787094540
[replaying  82%] replaying BTC-USDT @ 1787094720
[replaying  82%] replaying BTC-USDT @ 1787094900
[replaying  82%] replaying BTC-USDT @ 1787095080
[replaying  82%] replaying BTC-USDT @ 1787095260
[replaying  82%] replaying BTC-USDT @ 1787095440
[replaying  82%] replaying BTC-USDT @ 1787095620
[replaying  82%] replaying BTC-USDT @ 1787095800
[replaying  82%] replaying BTC-USDT @ 1787095980
[replaying  82%] replaying BTC-USDT @ 1787096160
[replaying  82%] replaying BTC-USDT @ 1787096340
[replaying  82%] replaying BTC-USDT @ 1787096520
[replaying  82%] replaying BTC-USDT @ 1787096700
[replaying  82%] replaying BTC-USDT @ 1787096880
[replaying  82%] replaying BTC-USDT @ 1787097060
[replaying  82%] replaying BTC-USDT @ 1787097240
[replaying  82%] replaying BTC-USDT @ 1787097420
[replaying  82%] replaying BTC-USDT @ 1787097600
[replaying  82%] replaying BTC-USDT @ 1787097780
[replaying  82%] replaying BTC-USDT @ 1787097960
[replaying  82%] replaying BTC-USDT @ 1787098140
[replaying  82%] replaying BTC-USDT @ 1787098320
[replaying  82%] replaying BTC-USDT @ 1787098500
[replaying  82%] replaying BTC-USDT @ 1787098680
[replaying  82%] replaying BTC-USDT @ 1787098860
[replaying  82%] replaying BTC-USDT @ 1787099040
[replaying  82%] replaying BTC-USDT @ 1787099220
[replaying  82%] replaying BTC-USDT @ 1787099400
[replaying  82%] replaying BTC-USDT @ 1787099580
[replaying  82%] replaying BTC-USDT @ 1787099760
[replaying  82%] replaying BTC-USDT @ 1787099940
[replaying  82%] replaying BTC-USDT @ 1787100120
[replaying  82%] replaying BTC-USDT @ 1787100300
[replaying  82%] replaying BTC-USDT @ 1787100480
[replaying  82%] replaying BTC-USDT @ 1787100660
[replaying  82%] replaying BTC-USDT @ 1787100840
[replaying  82%] replaying BTC-USDT @ 1787101020
[replaying  82%] replaying BTC-USDT @ 1787101200
[replaying  82%] replaying BTC-USDT @ 1787101380
[replaying  82%] replaying BTC-USDT @ 1787101560
[replaying  82%] replaying BTC-USDT @ 1787101740
[replaying  82%] replaying BTC-USDT @ 1787101920
[replaying  82%] replaying BTC-USDT @ 1787102100
[replaying  82%] replaying BTC-USDT @ 1787102280
[replaying  82%] replaying BTC-USDT @ 1787102460
[replaying  82%] replaying BTC-USDT @ 1787102640
[replaying  82%] replaying BTC-USDT @ 1787102820
[replaying  82%] replaying BTC-USDT @ 1787103000
[replaying  82%] replaying BTC-USDT @ 1787103180
[replaying  82%] replaying BTC-USDT @ 1787103360
[replaying  82%] replaying BTC-USDT @ 1787103540
[replaying  82%] replaying BTC-USDT @ 1787103720
[replaying  82%] replaying BTC-USDT @ 1787103900
[replaying  82%] replaying BTC-USDT @ 1787104080
[replaying  82%] replaying BTC-USDT @ 1787104260
[replaying  82%] replaying BTC-USDT @ 1787104440
[replaying  82%] replaying BTC-USDT @ 1787104620
[replaying  82%] replaying BTC-USDT @ 1787104800
[replaying  82%] replaying BTC-USDT @ 1787104980
[replaying  82%] replaying BTC-USDT @ 1787105160
[replaying  82%] replaying BTC-USDT @ 1787105340
[replaying  82%] replaying BTC-USDT @ 1787105520
[replaying  83%] replaying BTC-USDT @ 1787105700
[replaying  83%] replaying BTC-USDT @ 1787105880
[replaying  83%] replaying BTC-USDT @ 1787106060
[replaying  83%] replaying BTC-USDT @ 1787106240
[replaying  83%] replaying BTC-USDT @ 1787106420
[replaying  83%] replaying BTC-USDT @ 1787106600
[replaying  83%] replaying BTC-USDT @ 1787106780
[replaying  83%] replaying BTC-USDT @ 1787106960
[replaying  83%] replaying BTC-USDT @ 1787107140
[replaying  83%] replaying BTC-USDT @ 1787107320
[replaying  83%] replaying BTC-USDT @ 1787107500
[replaying  83%] replaying BTC-USDT @ 1787107680
[replaying  83%] replaying BTC-USDT @ 1787107860
[replaying  83%] replaying BTC-USDT @ 1787108040
[replaying  83%] replaying BTC-USDT @ 1787108220
[replaying  83%] replaying BTC-USDT @ 1787108400
[replaying  83%] replaying BTC-USDT @ 1787108580
[replaying  83%] replaying BTC-USDT @ 1787108760
[replaying  83%] replaying BTC-USDT @ 1787108940
[replaying  83%] replaying BTC-USDT @ 1787109120
[replaying  83%] replaying BTC-USDT @ 1787109300
[replaying  83%] replaying BTC-USDT @ 1787109480
[replaying  83%] replaying BTC-USDT @ 1787109660
[replaying  83%] replaying BTC-USDT @ 1787109840
[replaying  83%] replaying BTC-USDT @ 1787110020
[replaying  83%] replaying BTC-USDT @ 1787110200
[replaying  83%] replaying BTC-USDT @ 1787110380
[replaying  83%] replaying BTC-USDT @ 1787110560
[replaying  83%] replaying BTC-USDT @ 1787110740
[replaying  83%] replaying BTC-USDT @ 1787110920
[replaying  83%] replaying BTC-USDT @ 1787111100
[replaying  83%] replaying BTC-USDT @ 1787111280
[replaying  83%] replaying BTC-USDT @ 1787111460
[replaying  83%] replaying BTC-USDT @ 1787111640
[replaying  83%] replaying BTC-USDT @ 1787111820
[replaying  83%] replaying BTC-USDT @ 1787112000
[replaying  83%] replaying BTC-USDT @ 1787112180
[replaying  83%] replaying BTC-USDT @ 1787112360
[replaying  83%] replaying BTC-USDT @ 1787112540
[replaying  83%] replaying BTC-USDT @ 1787112720
[replaying  83%] replaying BTC-USDT @ 1787112900
[replaying  83%] replaying BTC-USDT @ 1787113080
[replaying  83%] replaying BTC-USDT @ 1787113260
[replaying  83%] replaying BTC-USDT @ 1787113440
[replaying  83%] replaying BTC-USDT @ 1787113620
[replaying  83%] replaying BTC-USDT @ 1787113800
[replaying  83%] replaying BTC-USDT @ 1787113980
[replaying  83%] replaying BTC-USDT @ 1787114160
[replaying  83%] replaying BTC-USDT @ 1787114340
[replaying  83%] replaying BTC-USDT @ 1787114520
[replaying  83%] replaying BTC-USDT @ 1787114700
[replaying  83%] replaying BTC-USDT @ 1787114880
[replaying  83%] replaying BTC-USDT @ 1787115060
[replaying  83%] replaying BTC-USDT @ 1787115240
[replaying  83%] replaying BTC-USDT @ 1787115420
[replaying  83%] replaying BTC-USDT @ 1787115600
[replaying  83%] replaying BTC-USDT @ 1787115780
[replaying  83%] replaying BTC-USDT @ 1787115960
[replaying  83%] replaying BTC-USDT @ 1787116140
[replaying  83%] replaying BTC-USDT @ 1787116320
[replaying  83%] replaying BTC-USDT @ 1787116500
[replaying  83%] replaying BTC-USDT @ 1787116680
[replaying  83%] replaying BTC-USDT @ 1787116860
[replaying  83%] replaying BTC-USDT @ 1787117040
[replaying  83%] replaying BTC-USDT @ 1787117220
[replaying  83%] replaying BTC-USDT @ 1787117400
[replaying  83%] replaying BTC-USDT @ 1787117580
[replaying  83%] replaying BTC-USDT @ 1787117760
[replaying  83%] replaying BTC-USDT @ 1787117940
[replaying  83%] replaying BTC-USDT @ 1787118120
[replaying  83%] replaying BTC-USDT @ 1787118300
[replaying  83%] replaying BTC-USDT @ 1787118480
[replaying  83%] replaying BTC-USDT @ 1787118660
[replaying  83%] replaying BTC-USDT @ 1787118840
[replaying  83%] replaying BTC-USDT @ 1787119020
[replaying  83%] replaying BTC-USDT @ 1787119200
[replaying  83%] replaying BTC-USDT @ 1787119380
[replaying  83%] replaying BTC-USDT @ 1787119560
[replaying  83%] replaying BTC-USDT @ 1787119740
[replaying  83%] replaying BTC-USDT @ 1787119920
[replaying  83%] replaying BTC-USDT @ 1787120100
[replaying  83%] replaying BTC-USDT @ 1787120280
[replaying  84%] replaying BTC-USDT @ 1787120460
[replaying  84%] replaying BTC-USDT @ 1787120640
[replaying  84%] replaying BTC-USDT @ 1787120820
[replaying  84%] replaying BTC-USDT @ 1787121000
[replaying  84%] replaying BTC-USDT @ 1787121180
[replaying  84%] replaying BTC-USDT @ 1787121360
[replaying  84%] replaying BTC-USDT @ 1787121540
[replaying  84%] replaying BTC-USDT @ 1787121720
[replaying  84%] replaying BTC-USDT @ 1787121900
[replaying  84%] replaying BTC-USDT @ 1787122080
[replaying  84%] replaying BTC-USDT @ 1787122260
[replaying  84%] replaying BTC-USDT @ 1787122440
[replaying  84%] replaying BTC-USDT @ 1787122620
[replaying  84%] replaying BTC-USDT @ 1787122800
[replaying  84%] replaying BTC-USDT @ 1787122980
[replaying  84%] replaying BTC-USDT @ 1787123160
[replaying  84%] replaying BTC-USDT @ 1787123340
[replaying  84%] replaying BTC-USDT @ 1787123520
[replaying  84%] replaying BTC-USDT @ 1787123700
[replaying  84%] replaying BTC-USDT @ 1787123880
[replaying  84%] replaying BTC-USDT @ 1787124060
[replaying  84%] replaying BTC-USDT @ 1787124240
[replaying  84%] replaying BTC-USDT @ 1787124420
[replaying  84%] replaying BTC-USDT @ 1787124600
[replaying  84%] replaying BTC-USDT @ 1787124780
[replaying  84%] replaying BTC-USDT @ 1787124960
[replaying  84%] replaying BTC-USDT @ 1787125140
[replaying  84%] replaying BTC-USDT @ 1787125320
[replaying  84%] replaying BTC-USDT @ 1787125500
[replaying  84%] replaying BTC-USDT @ 1787125680
[replaying  84%] replaying BTC-USDT @ 1787125860
[replaying  84%] replaying BTC-USDT @ 1787126040
[replaying  84%] replaying BTC-USDT @ 1787126220
[replaying  84%] replaying BTC-USDT @ 1787126400
[replaying  84%] replaying BTC-USDT @ 1787126580
[replaying  84%] replaying BTC-USDT @ 1787126760
[replaying  84%] replaying BTC-USDT @ 1787126940
[replaying  84%] replaying BTC-USDT @ 1787127120
[replaying  84%] replaying BTC-USDT @ 1787127300
[replaying  84%] replaying BTC-USDT @ 1787127480
[replaying  84%] replaying BTC-USDT @ 1787127660
[replaying  84%] replaying BTC-USDT @ 1787127840
[replaying  84%] replaying BTC-USDT @ 1787128020
[replaying  84%] replaying BTC-USDT @ 1787128200
[replaying  84%] replaying BTC-USDT @ 1787128380
[replaying  84%] replaying BTC-USDT @ 1787128560
[replaying  84%] replaying BTC-USDT @ 1787128740
[replaying  84%] replaying BTC-USDT @ 1787128920
[replaying  84%] replaying BTC-USDT @ 1787129100
[replaying  84%] replaying BTC-USDT @ 1787129280
[replaying  84%] replaying BTC-USDT @ 1787129460
[replaying  84%] replaying BTC-USDT @ 1787129640
[replaying  84%] replaying BTC-USDT @ 1787129820
[replaying  84%] replaying BTC-USDT @ 1787130000
[replaying  84%] replaying BTC-USDT @ 1787130180
[replaying  84%] replaying BTC-USDT @ 1787130360
[replaying  84%] replaying BTC-USDT @ 1787130540
[replaying  84%] replaying BTC-USDT @ 1787130720
[replaying  84%] replaying BTC-USDT @ 1787130900
[replaying  84%] replaying BTC-USDT @ 1787131080
[replaying  84%] replaying BTC-USDT @ 1787131260
[replaying  84%] replaying BTC-USDT @ 1787131440
[replaying  84%] replaying BTC-USDT @ 1787131620
[replaying  84%] replaying BTC-USDT @ 1787131800
[replaying  84%] replaying BTC-USDT @ 1787131980
[replaying  84%] replaying BTC-USDT @ 1787132160
[replaying  84%] replaying BTC-USDT @ 1787132340
[replaying  84%] replaying BTC-USDT @ 1787132520
[replaying  84%] replaying BTC-USDT @ 1787132700
[replaying  84%] replaying BTC-USDT @ 1787132880
[replaying  84%] replaying BTC-USDT @ 1787133060
[replaying  84%] replaying BTC-USDT @ 1787133240
[replaying  84%] replaying BTC-USDT @ 1787133420
[replaying  84%] replaying BTC-USDT @ 1787133600
[replaying  84%] replaying BTC-USDT @ 1787133780
[replaying  84%] replaying BTC-USDT @ 1787133960
[replaying  84%] replaying BTC-USDT @ 1787134140
[replaying  84%] replaying BTC-USDT @ 1787134320
[replaying  84%] replaying BTC-USDT @ 1787134500
[replaying  84%] replaying BTC-USDT @ 1787134680
[replaying  84%] replaying BTC-USDT @ 1787134860
[replaying  84%] replaying BTC-USDT @ 1787135040
[replaying  84%] replaying BTC-USDT @ 1787135220
[replaying  85%] replaying BTC-USDT @ 1787135400
[replaying  85%] replaying BTC-USDT @ 1787135580
[replaying  85%] replaying BTC-USDT @ 1787135760
[replaying  85%] replaying BTC-USDT @ 1787135940
[replaying  85%] replaying BTC-USDT @ 1787136120
[replaying  85%] replaying BTC-USDT @ 1787136300
[replaying  85%] replaying BTC-USDT @ 1787136480
[replaying  85%] replaying BTC-USDT @ 1787136660
[replaying  85%] replaying BTC-USDT @ 1787136840
[replaying  85%] replaying BTC-USDT @ 1787137020
[replaying  85%] replaying BTC-USDT @ 1787137200
[replaying  85%] replaying BTC-USDT @ 1787137380
[replaying  85%] replaying BTC-USDT @ 1787137560
[replaying  85%] replaying BTC-USDT @ 1787137740
[replaying  85%] replaying BTC-USDT @ 1787137920
[replaying  85%] replaying BTC-USDT @ 1787138100
[replaying  85%] replaying BTC-USDT @ 1787138280
[replaying  85%] replaying BTC-USDT @ 1787138460
[replaying  85%] replaying BTC-USDT @ 1787138640
[replaying  85%] replaying BTC-USDT @ 1787138820
[replaying  85%] replaying BTC-USDT @ 1787139000
[replaying  85%] replaying BTC-USDT @ 1787139180
[replaying  85%] replaying BTC-USDT @ 1787139360
[replaying  85%] replaying BTC-USDT @ 1787139540
[replaying  85%] replaying BTC-USDT @ 1787139720
[replaying  85%] replaying BTC-USDT @ 1787139900
[replaying  85%] replaying BTC-USDT @ 1787140080
[replaying  85%] replaying BTC-USDT @ 1787140260
[replaying  85%] replaying BTC-USDT @ 1787140440
[replaying  85%] replaying BTC-USDT @ 1787140620
[replaying  85%] replaying BTC-USDT @ 1787140800
[replaying  85%] replaying BTC-USDT @ 1787140980
[replaying  85%] replaying BTC-USDT @ 1787141160
[replaying  85%] replaying BTC-USDT @ 1787141340
[replaying  85%] replaying BTC-USDT @ 1787141520
[replaying  85%] replaying BTC-USDT @ 1787141700
[replaying  85%] replaying BTC-USDT @ 1787141880
[replaying  85%] replaying BTC-USDT @ 1787142060
[replaying  85%] replaying BTC-USDT @ 1787142240
[replaying  85%] replaying BTC-USDT @ 1787142420
[replaying  85%] replaying BTC-USDT @ 1787142600
[replaying  85%] replaying BTC-USDT @ 1787142780
[replaying  85%] replaying BTC-USDT @ 1787142960
[replaying  85%] replaying BTC-USDT @ 1787143140
[replaying  85%] replaying BTC-USDT @ 1787143320
[replaying  85%] replaying BTC-USDT @ 1787143500
[replaying  85%] replaying BTC-USDT @ 1787143680
[replaying  85%] replaying BTC-USDT @ 1787143860
[replaying  85%] replaying BTC-USDT @ 1787144040
[replaying  85%] replaying BTC-USDT @ 1787144220
[replaying  85%] replaying BTC-USDT @ 1787144400
[replaying  85%] replaying BTC-USDT @ 1787144580
[replaying  85%] replaying BTC-USDT @ 1787144760
[replaying  85%] replaying BTC-USDT @ 1787144940
[replaying  85%] replaying BTC-USDT @ 1787145120
[replaying  85%] replaying BTC-USDT @ 1787145300
[replaying  85%] replaying BTC-USDT @ 1787145480
[replaying  85%] replaying BTC-USDT @ 1787145660
[replaying  85%] replaying BTC-USDT @ 1787145840
[replaying  85%] replaying BTC-USDT @ 1787146020
[replaying  85%] replaying BTC-USDT @ 1787146200
[replaying  85%] replaying BTC-USDT @ 1787146380
[replaying  85%] replaying BTC-USDT @ 1787146560
[replaying  85%] replaying BTC-USDT @ 1787146740
[replaying  85%] replaying BTC-USDT @ 1787146920
[replaying  85%] replaying BTC-USDT @ 1787147100
[replaying  85%] replaying BTC-USDT @ 1787147280
[replaying  85%] replaying BTC-USDT @ 1787147460
[replaying  85%] replaying BTC-USDT @ 1787147640
[replaying  85%] replaying BTC-USDT @ 1787147820
[replaying  85%] replaying BTC-USDT @ 1787148000
[replaying  85%] replaying BTC-USDT @ 1787148180
[replaying  85%] replaying BTC-USDT @ 1787148360
[replaying  85%] replaying BTC-USDT @ 1787148540
[replaying  85%] replaying BTC-USDT @ 1787148720
[replaying  85%] replaying BTC-USDT @ 1787148900
[replaying  85%] replaying BTC-USDT @ 1787149080
[replaying  85%] replaying BTC-USDT @ 1787149260
[replaying  85%] replaying BTC-USDT @ 1787149440
[replaying  85%] replaying BTC-USDT @ 1787149620
[replaying  85%] replaying BTC-USDT @ 1787149800
[replaying  85%] replaying BTC-USDT @ 1787149980
[replaying  85%] replaying BTC-USDT @ 1787150160
[replaying  86%] replaying BTC-USDT @ 1787150340
[replaying  86%] replaying BTC-USDT @ 1787150520
[replaying  86%] replaying BTC-USDT @ 1787150700
[replaying  86%] replaying BTC-USDT @ 1787150880
[replaying  86%] replaying BTC-USDT @ 1787151060
[replaying  86%] replaying BTC-USDT @ 1787151240
[replaying  86%] replaying BTC-USDT @ 1787151420
[replaying  86%] replaying BTC-USDT @ 1787151600
[replaying  86%] replaying BTC-USDT @ 1787151780
[replaying  86%] replaying BTC-USDT @ 1787151960
[replaying  86%] replaying BTC-USDT @ 1787152140
[replaying  86%] replaying BTC-USDT @ 1787152320
[replaying  86%] replaying BTC-USDT @ 1787152500
[replaying  86%] replaying BTC-USDT @ 1787152680
[replaying  86%] replaying BTC-USDT @ 1787152860
[replaying  86%] replaying BTC-USDT @ 1787153040
[replaying  86%] replaying BTC-USDT @ 1787153220
[replaying  86%] replaying BTC-USDT @ 1787153400
[replaying  86%] replaying BTC-USDT @ 1787153580
[replaying  86%] replaying BTC-USDT @ 1787153760
[replaying  86%] replaying BTC-USDT @ 1787153940
[replaying  86%] replaying BTC-USDT @ 1787154120
[replaying  86%] replaying BTC-USDT @ 1787154300
[replaying  86%] replaying BTC-USDT @ 1787154480
[replaying  86%] replaying BTC-USDT @ 1787154660
[replaying  86%] replaying BTC-USDT @ 1787154840
[replaying  86%] replaying BTC-USDT @ 1787155020
[replaying  86%] replaying BTC-USDT @ 1787155200
[replaying  86%] replaying BTC-USDT @ 1787155380
[replaying  86%] replaying BTC-USDT @ 1787155560
[replaying  86%] replaying BTC-USDT @ 1787155740
[replaying  86%] replaying BTC-USDT @ 1787155920
[replaying  86%] replaying BTC-USDT @ 1787156100
[replaying  86%] replaying BTC-USDT @ 1787156280
[replaying  86%] replaying BTC-USDT @ 1787156460
[replaying  86%] replaying BTC-USDT @ 1787156640
[replaying  86%] replaying BTC-USDT @ 1787156820
[replaying  86%] replaying BTC-USDT @ 1787157000
[replaying  86%] replaying BTC-USDT @ 1787157180
[replaying  86%] replaying BTC-USDT @ 1787157360
[replaying  86%] replaying BTC-USDT @ 1787157540
[replaying  86%] replaying BTC-USDT @ 1787157720
[replaying  86%] replaying BTC-USDT @ 1787157900
[replaying  86%] replaying BTC-USDT @ 1787158080
[replaying  86%] replaying BTC-USDT @ 1787158260
[replaying  86%] replaying BTC-USDT @ 1787158440
[replaying  86%] replaying BTC-USDT @ 1787158620
[replaying  86%] replaying BTC-USDT @ 1787158800
[replaying  86%] replaying BTC-USDT @ 1787158980
[replaying  86%] replaying BTC-USDT @ 1787159160
[replaying  86%] replaying BTC-USDT @ 1787159340
[replaying  86%] replaying BTC-USDT @ 1787159520
[replaying  86%] replaying BTC-USDT @ 1787159700
[replaying  86%] replaying BTC-USDT @ 1787159880
[replaying  86%] replaying BTC-USDT @ 1787160060
[replaying  86%] replaying BTC-USDT @ 1787160240
[replaying  86%] replaying BTC-USDT @ 1787160420
[replaying  86%] replaying BTC-USDT @ 1787160600
[replaying  86%] replaying BTC-USDT @ 1787160780
[replaying  86%] replaying BTC-USDT @ 1787160960
[replaying  86%] replaying BTC-USDT @ 1787161140
[replaying  86%] replaying BTC-USDT @ 1787161320
[replaying  86%] replaying BTC-USDT @ 1787161500
[replaying  86%] replaying BTC-USDT @ 1787161680
[replaying  86%] replaying BTC-USDT @ 1787161860
[replaying  86%] replaying BTC-USDT @ 1787162040
[replaying  86%] replaying BTC-USDT @ 1787162220
[replaying  86%] replaying BTC-USDT @ 1787162400
[replaying  86%] replaying BTC-USDT @ 1787162580
[replaying  86%] replaying BTC-USDT @ 1787162760
[replaying  86%] replaying BTC-USDT @ 1787162940
[replaying  86%] replaying BTC-USDT @ 1787163120
[replaying  86%] replaying BTC-USDT @ 1787163300
[replaying  86%] replaying BTC-USDT @ 1787163480
[replaying  86%] replaying BTC-USDT @ 1787163660
[replaying  86%] replaying BTC-USDT @ 1787163840
[replaying  86%] replaying BTC-USDT @ 1787164020
[replaying  86%] replaying BTC-USDT @ 1787164200
[replaying  86%] replaying BTC-USDT @ 1787164380
[replaying  86%] replaying BTC-USDT @ 1787164560
[replaying  86%] replaying BTC-USDT @ 1787164740
[replaying  86%] replaying BTC-USDT @ 1787164920
[replaying  87%] replaying BTC-USDT @ 1787165100
[replaying  87%] replaying BTC-USDT @ 1787165280
[replaying  87%] replaying BTC-USDT @ 1787165460
[replaying  87%] replaying BTC-USDT @ 1787165640
[replaying  87%] replaying BTC-USDT @ 1787165820
[replaying  87%] replaying BTC-USDT @ 1787166000
[replaying  87%] replaying BTC-USDT @ 1787166180
[replaying  87%] replaying BTC-USDT @ 1787166360
[replaying  87%] replaying BTC-USDT @ 1787166540
[replaying  87%] replaying BTC-USDT @ 1787166720
[replaying  87%] replaying BTC-USDT @ 1787166900
[replaying  87%] replaying BTC-USDT @ 1787167080
[replaying  87%] replaying BTC-USDT @ 1787167260
[replaying  87%] replaying BTC-USDT @ 1787167440
[replaying  87%] replaying BTC-USDT @ 1787167620
[replaying  87%] replaying BTC-USDT @ 1787167800
[replaying  87%] replaying BTC-USDT @ 1787167980
[replaying  87%] replaying BTC-USDT @ 1787168160
[replaying  87%] replaying BTC-USDT @ 1787168340
[replaying  87%] replaying BTC-USDT @ 1787168520
[replaying  87%] replaying BTC-USDT @ 1787168700
[replaying  87%] replaying BTC-USDT @ 1787168880
[replaying  87%] replaying BTC-USDT @ 1787169060
[replaying  87%] replaying BTC-USDT @ 1787169240
[replaying  87%] replaying BTC-USDT @ 1787169420
[replaying  87%] replaying BTC-USDT @ 1787169600
[replaying  87%] replaying BTC-USDT @ 1787169780
[replaying  87%] replaying BTC-USDT @ 1787169960
[replaying  87%] replaying BTC-USDT @ 1787170140
[replaying  87%] replaying BTC-USDT @ 1787170320
[replaying  87%] replaying BTC-USDT @ 1787170500
[replaying  87%] replaying BTC-USDT @ 1787170680
[replaying  87%] replaying BTC-USDT @ 1787170860
[replaying  87%] replaying BTC-USDT @ 1787171040
[replaying  87%] replaying BTC-USDT @ 1787171220
[replaying  87%] replaying BTC-USDT @ 1787171400
[replaying  87%] replaying BTC-USDT @ 1787171580
[replaying  87%] replaying BTC-USDT @ 1787171760
[replaying  87%] replaying BTC-USDT @ 1787171940
[replaying  87%] replaying BTC-USDT @ 1787172120
[replaying  87%] replaying BTC-USDT @ 1787172300
[replaying  87%] replaying BTC-USDT @ 1787172480
[replaying  87%] replaying BTC-USDT @ 1787172660
[replaying  87%] replaying BTC-USDT @ 1787172840
[replaying  87%] replaying BTC-USDT @ 1787173020
[replaying  87%] replaying BTC-USDT @ 1787173200
[replaying  87%] replaying BTC-USDT @ 1787173380
[replaying  87%] replaying BTC-USDT @ 1787173560
[replaying  87%] replaying BTC-USDT @ 1787173740
[replaying  87%] replaying BTC-USDT @ 1787173920
[replaying  87%] replaying BTC-USDT @ 1787174100
[replaying  87%] replaying BTC-USDT @ 1787174280
[replaying  87%] replaying BTC-USDT @ 1787174460
[replaying  87%] replaying BTC-USDT @ 1787174640
[replaying  87%] replaying BTC-USDT @ 1787174820
[replaying  87%] replaying BTC-USDT @ 1787175000
[replaying  87%] replaying BTC-USDT @ 1787175180
[replaying  87%] replaying BTC-USDT @ 1787175360
[replaying  87%] replaying BTC-USDT @ 1787175540
[replaying  87%] replaying BTC-USDT @ 1787175720
[replaying  87%] replaying BTC-USDT @ 1787175900
[replaying  87%] replaying BTC-USDT @ 1787176080
[replaying  87%] replaying BTC-USDT @ 1787176260
[replaying  87%] replaying BTC-USDT @ 1787176440
[replaying  87%] replaying BTC-USDT @ 1787176620
[replaying  87%] replaying BTC-USDT @ 1787176800
[replaying  87%] replaying BTC-USDT @ 1787176980
[replaying  87%] replaying BTC-USDT @ 1787177160
[replaying  87%] replaying BTC-USDT @ 1787177340
[replaying  87%] replaying BTC-USDT @ 1787177520
[replaying  87%] replaying BTC-USDT @ 1787177700
[replaying  87%] replaying BTC-USDT @ 1787177880
[replaying  87%] replaying BTC-USDT @ 1787178060
[replaying  87%] replaying BTC-USDT @ 1787178240
[replaying  87%] replaying BTC-USDT @ 1787178420
[replaying  87%] replaying BTC-USDT @ 1787178600
[replaying  87%] replaying BTC-USDT @ 1787178780
[replaying  87%] replaying BTC-USDT @ 1787178960
[replaying  87%] replaying BTC-USDT @ 1787179140
[replaying  87%] replaying BTC-USDT @ 1787179320
[replaying  87%] replaying BTC-USDT @ 1787179500
[replaying  87%] replaying BTC-USDT @ 1787179680
[replaying  87%] replaying BTC-USDT @ 1787179860
[replaying  88%] replaying BTC-USDT @ 1787180040
[replaying  88%] replaying BTC-USDT @ 1787180220
[replaying  88%] replaying BTC-USDT @ 1787180400
[replaying  88%] replaying BTC-USDT @ 1787180580
[replaying  88%] replaying BTC-USDT @ 1787180760
[replaying  88%] replaying BTC-USDT @ 1787180940
[replaying  88%] replaying BTC-USDT @ 1787181120
[replaying  88%] replaying BTC-USDT @ 1787181300
[replaying  88%] replaying BTC-USDT @ 1787181480
[replaying  88%] replaying BTC-USDT @ 1787181660
[replaying  88%] replaying BTC-USDT @ 1787181840
[replaying  88%] replaying BTC-USDT @ 1787182020
[replaying  88%] replaying BTC-USDT @ 1787182200
[replaying  88%] replaying BTC-USDT @ 1787182380
[replaying  88%] replaying BTC-USDT @ 1787182560
[replaying  88%] replaying BTC-USDT @ 1787182740
[replaying  88%] replaying BTC-USDT @ 1787182920
[replaying  88%] replaying BTC-USDT @ 1787183100
[replaying  88%] replaying BTC-USDT @ 1787183280
[replaying  88%] replaying BTC-USDT @ 1787183460
[replaying  88%] replaying BTC-USDT @ 1787183640
[replaying  88%] replaying BTC-USDT @ 1787183820
[replaying  88%] replaying BTC-USDT @ 1787184000
[replaying  88%] replaying BTC-USDT @ 1787184180
[replaying  88%] replaying BTC-USDT @ 1787184360
[replaying  88%] replaying BTC-USDT @ 1787184540
[replaying  88%] replaying BTC-USDT @ 1787184720
[replaying  88%] replaying BTC-USDT @ 1787184900
[replaying  88%] replaying BTC-USDT @ 1787185080
[replaying  88%] replaying BTC-USDT @ 1787185260
[replaying  88%] replaying BTC-USDT @ 1787185440
[replaying  88%] replaying BTC-USDT @ 1787185620
[replaying  88%] replaying BTC-USDT @ 1787185800
[replaying  88%] replaying BTC-USDT @ 1787185980
[replaying  88%] replaying BTC-USDT @ 1787186160
[replaying  88%] replaying BTC-USDT @ 1787186340
[replaying  88%] replaying BTC-USDT @ 1787186520
[replaying  88%] replaying BTC-USDT @ 1787186700
[replaying  88%] replaying BTC-USDT @ 1787186880
[replaying  88%] replaying BTC-USDT @ 1787187060
[replaying  88%] replaying BTC-USDT @ 1787187240
[replaying  88%] replaying BTC-USDT @ 1787187420
[replaying  88%] replaying BTC-USDT @ 1787187600
[replaying  88%] replaying BTC-USDT @ 1787187780
[replaying  88%] replaying BTC-USDT @ 1787187960
[replaying  88%] replaying BTC-USDT @ 1787188140
[replaying  88%] replaying BTC-USDT @ 1787188320
[replaying  88%] replaying BTC-USDT @ 1787188500
[replaying  88%] replaying BTC-USDT @ 1787188680
[replaying  88%] replaying BTC-USDT @ 1787188860
[replaying  88%] replaying BTC-USDT @ 1787189040
[replaying  88%] replaying BTC-USDT @ 1787189220
[replaying  88%] replaying BTC-USDT @ 1787189400
[replaying  88%] replaying BTC-USDT @ 1787189580
[replaying  88%] replaying BTC-USDT @ 1787189760
[replaying  88%] replaying BTC-USDT @ 1787189940
[replaying  88%] replaying BTC-USDT @ 1787190120
[replaying  88%] replaying BTC-USDT @ 1787190300
[replaying  88%] replaying BTC-USDT @ 1787190480
[replaying  88%] replaying BTC-USDT @ 1787190660
[replaying  88%] replaying BTC-USDT @ 1787190840
[replaying  88%] replaying BTC-USDT @ 1787191020
[replaying  88%] replaying BTC-USDT @ 1787191200
[replaying  88%] replaying BTC-USDT @ 1787191380
[replaying  88%] replaying BTC-USDT @ 1787191560
[replaying  88%] replaying BTC-USDT @ 1787191740
[replaying  88%] replaying BTC-USDT @ 1787191920
[replaying  88%] replaying BTC-USDT @ 1787192100
[replaying  88%] replaying BTC-USDT @ 1787192280
[replaying  88%] replaying BTC-USDT @ 1787192460
[replaying  88%] replaying BTC-USDT @ 1787192640
[replaying  88%] replaying BTC-USDT @ 1787192820
[replaying  88%] replaying BTC-USDT @ 1787193000
[replaying  88%] replaying BTC-USDT @ 1787193180
[replaying  88%] replaying BTC-USDT @ 1787193360
[replaying  88%] replaying BTC-USDT @ 1787193540
[replaying  88%] replaying BTC-USDT @ 1787193720
[replaying  88%] replaying BTC-USDT @ 1787193900
[replaying  88%] replaying BTC-USDT @ 1787194080
[replaying  88%] replaying BTC-USDT @ 1787194260
[replaying  88%] replaying BTC-USDT @ 1787194440
[replaying  88%] replaying BTC-USDT @ 1787194620
[replaying  88%] replaying BTC-USDT @ 1787194800
[replaying  89%] replaying BTC-USDT @ 1787194980
[replaying  89%] replaying BTC-USDT @ 1787195160
[replaying  89%] replaying BTC-USDT @ 1787195340
[replaying  89%] replaying BTC-USDT @ 1787195520
[replaying  89%] replaying BTC-USDT @ 1787195700
[replaying  89%] replaying BTC-USDT @ 1787195880
[replaying  89%] replaying BTC-USDT @ 1787196060
[replaying  89%] replaying BTC-USDT @ 1787196240
[replaying  89%] replaying BTC-USDT @ 1787196420
[replaying  89%] replaying BTC-USDT @ 1787196600
[replaying  89%] replaying BTC-USDT @ 1787196780
[replaying  89%] replaying BTC-USDT @ 1787196960
[replaying  89%] replaying BTC-USDT @ 1787197140
[replaying  89%] replaying BTC-USDT @ 1787197320
[replaying  89%] replaying BTC-USDT @ 1787197500
[replaying  89%] replaying BTC-USDT @ 1787197680
[replaying  89%] replaying BTC-USDT @ 1787197860
[replaying  89%] replaying BTC-USDT @ 1787198040
[replaying  89%] replaying BTC-USDT @ 1787198220
[replaying  89%] replaying BTC-USDT @ 1787198400
[replaying  89%] replaying BTC-USDT @ 1787198580
[replaying  89%] replaying BTC-USDT @ 1787198760
[replaying  89%] replaying BTC-USDT @ 1787198940
[replaying  89%] replaying BTC-USDT @ 1787199120
[replaying  89%] replaying BTC-USDT @ 1787199300
[replaying  89%] replaying BTC-USDT @ 1787199480
[replaying  89%] replaying BTC-USDT @ 1787199660
[replaying  89%] replaying BTC-USDT @ 1787199840
[replaying  89%] replaying BTC-USDT @ 1787200020
[replaying  89%] replaying BTC-USDT @ 1787200200
[replaying  89%] replaying BTC-USDT @ 1787200380
[replaying  89%] replaying BTC-USDT @ 1787200560
[replaying  89%] replaying BTC-USDT @ 1787200740
[replaying  89%] replaying BTC-USDT @ 1787200920
[replaying  89%] replaying BTC-USDT @ 1787201100
[replaying  89%] replaying BTC-USDT @ 1787201280
[replaying  89%] replaying BTC-USDT @ 1787201460
[replaying  89%] replaying BTC-USDT @ 1787201640
[replaying  89%] replaying BTC-USDT @ 1787201820
[replaying  89%] replaying BTC-USDT @ 1787202000
[replaying  89%] replaying BTC-USDT @ 1787202180
[replaying  89%] replaying BTC-USDT @ 1787202360
[replaying  89%] replaying BTC-USDT @ 1787202540
[replaying  89%] replaying BTC-USDT @ 1787202720
[replaying  89%] replaying BTC-USDT @ 1787202900
[replaying  89%] replaying BTC-USDT @ 1787203080
[replaying  89%] replaying BTC-USDT @ 1787203260
[replaying  89%] replaying BTC-USDT @ 1787203440
[replaying  89%] replaying BTC-USDT @ 1787203620
[replaying  89%] replaying BTC-USDT @ 1787203800
[replaying  89%] replaying BTC-USDT @ 1787203980
[replaying  89%] replaying BTC-USDT @ 1787204160
[replaying  89%] replaying BTC-USDT @ 1787204340
[replaying  89%] replaying BTC-USDT @ 1787204520
[replaying  89%] replaying BTC-USDT @ 1787204700
[replaying  89%] replaying BTC-USDT @ 1787204880
[replaying  89%] replaying BTC-USDT @ 1787205060
[replaying  89%] replaying BTC-USDT @ 1787205240
[replaying  89%] replaying BTC-USDT @ 1787205420
[replaying  89%] replaying BTC-USDT @ 1787205600
[replaying  89%] replaying BTC-USDT @ 1787205780
[replaying  89%] replaying BTC-USDT @ 1787205960
[replaying  89%] replaying BTC-USDT @ 1787206140
[replaying  89%] replaying BTC-USDT @ 1787206320
[replaying  89%] replaying BTC-USDT @ 1787206500
[replaying  89%] replaying BTC-USDT @ 1787206680
[replaying  89%] replaying BTC-USDT @ 1787206860
[replaying  89%] replaying BTC-USDT @ 1787207040
[replaying  89%] replaying BTC-USDT @ 1787207220
[replaying  89%] replaying BTC-USDT @ 1787207400
[replaying  89%] replaying BTC-USDT @ 1787207580
[replaying  89%] replaying BTC-USDT @ 1787207760
[replaying  89%] replaying BTC-USDT @ 1787207940
[replaying  89%] replaying BTC-USDT @ 1787208120
[replaying  89%] replaying BTC-USDT @ 1787208300
[replaying  89%] replaying BTC-USDT @ 1787208480
[replaying  89%] replaying BTC-USDT @ 1787208660
[replaying  89%] replaying BTC-USDT @ 1787208840
[replaying  89%] replaying BTC-USDT @ 1787209020
[replaying  89%] replaying BTC-USDT @ 1787209200
[replaying  89%] replaying BTC-USDT @ 1787209380
[replaying  89%] replaying BTC-USDT @ 1787209560
[replaying  90%] replaying BTC-USDT @ 1787209740
[replaying  90%] replaying BTC-USDT @ 1787209920
[replaying  90%] replaying BTC-USDT @ 1787210100
[replaying  90%] replaying BTC-USDT @ 1787210280
[replaying  90%] replaying BTC-USDT @ 1787210460
[replaying  90%] replaying BTC-USDT @ 1787210640
[replaying  90%] replaying BTC-USDT @ 1787210820
[replaying  90%] replaying BTC-USDT @ 1787211000
[replaying  90%] replaying BTC-USDT @ 1787211180
[replaying  90%] replaying BTC-USDT @ 1787211360
[replaying  90%] replaying BTC-USDT @ 1787211540
[replaying  90%] replaying BTC-USDT @ 1787211720
[replaying  90%] replaying BTC-USDT @ 1787211900
[replaying  90%] replaying BTC-USDT @ 1787212080
[replaying  90%] replaying BTC-USDT @ 1787212260
[replaying  90%] replaying BTC-USDT @ 1787212440
[replaying  90%] replaying BTC-USDT @ 1787212620
[replaying  90%] replaying BTC-USDT @ 1787212800
[replaying  90%] replaying BTC-USDT @ 1787212980
[replaying  90%] replaying BTC-USDT @ 1787213160
[replaying  90%] replaying BTC-USDT @ 1787213340
[replaying  90%] replaying BTC-USDT @ 1787213520
[replaying  90%] replaying BTC-USDT @ 1787213700
[replaying  90%] replaying BTC-USDT @ 1787213880
[replaying  90%] replaying BTC-USDT @ 1787214060
[replaying  90%] replaying BTC-USDT @ 1787214240
[replaying  90%] replaying BTC-USDT @ 1787214420
[replaying  90%] replaying BTC-USDT @ 1787214600
[replaying  90%] replaying BTC-USDT @ 1787214780
[replaying  90%] replaying BTC-USDT @ 1787214960
[replaying  90%] replaying BTC-USDT @ 1787215140
[replaying  90%] replaying BTC-USDT @ 1787215320
[replaying  90%] replaying BTC-USDT @ 1787215500
[replaying  90%] replaying BTC-USDT @ 1787215680
[replaying  90%] replaying BTC-USDT @ 1787215860
[replaying  90%] replaying BTC-USDT @ 1787216040
[replaying  90%] replaying BTC-USDT @ 1787216220
[replaying  90%] replaying BTC-USDT @ 1787216400
[replaying  90%] replaying BTC-USDT @ 1787216580
[replaying  90%] replaying BTC-USDT @ 1787216760
[replaying  90%] replaying BTC-USDT @ 1787216940
[replaying  90%] replaying BTC-USDT @ 1787217120
[replaying  90%] replaying BTC-USDT @ 1787217300
[replaying  90%] replaying BTC-USDT @ 1787217480
[replaying  90%] replaying BTC-USDT @ 1787217660
[replaying  90%] replaying BTC-USDT @ 1787217840
[replaying  90%] replaying BTC-USDT @ 1787218020
[replaying  90%] replaying BTC-USDT @ 1787218200
[replaying  90%] replaying BTC-USDT @ 1787218380
[replaying  90%] replaying BTC-USDT @ 1787218560
[replaying  90%] replaying BTC-USDT @ 1787218740
[replaying  90%] replaying BTC-USDT @ 1787218920
[replaying  90%] replaying BTC-USDT @ 1787219100
[replaying  90%] replaying BTC-USDT @ 1787219280
[replaying  90%] replaying BTC-USDT @ 1787219460
[replaying  90%] replaying BTC-USDT @ 1787219640
[replaying  90%] replaying BTC-USDT @ 1787219820
[replaying  90%] replaying BTC-USDT @ 1787220000
[replaying  90%] replaying BTC-USDT @ 1787220180
[replaying  90%] replaying BTC-USDT @ 1787220360
[replaying  90%] replaying BTC-USDT @ 1787220540
[replaying  90%] replaying BTC-USDT @ 1787220720
[replaying  90%] replaying BTC-USDT @ 1787220900
[replaying  90%] replaying BTC-USDT @ 1787221080
[replaying  90%] replaying BTC-USDT @ 1787221260
[replaying  90%] replaying BTC-USDT @ 1787221440
[replaying  90%] replaying BTC-USDT @ 1787221620
[replaying  90%] replaying BTC-USDT @ 1787221800
[replaying  90%] replaying BTC-USDT @ 1787221980
[replaying  90%] replaying BTC-USDT @ 1787222160
[replaying  90%] replaying BTC-USDT @ 1787222340
[replaying  90%] replaying BTC-USDT @ 1787222520
[replaying  90%] replaying BTC-USDT @ 1787222700
[replaying  90%] replaying BTC-USDT @ 1787222880
[replaying  90%] replaying BTC-USDT @ 1787223060
[replaying  90%] replaying BTC-USDT @ 1787223240
[replaying  90%] replaying BTC-USDT @ 1787223420
[replaying  90%] replaying BTC-USDT @ 1787223600
[replaying  90%] replaying BTC-USDT @ 1787223780
[replaying  90%] replaying BTC-USDT @ 1787223960
[replaying  90%] replaying BTC-USDT @ 1787224140
[replaying  90%] replaying BTC-USDT @ 1787224320
[replaying  90%] replaying BTC-USDT @ 1787224500
[replaying  91%] replaying BTC-USDT @ 1787224680
[replaying  91%] replaying BTC-USDT @ 1787224860
[replaying  91%] replaying BTC-USDT @ 1787225040
[replaying  91%] replaying BTC-USDT @ 1787225220
[replaying  91%] replaying BTC-USDT @ 1787225400
[replaying  91%] replaying BTC-USDT @ 1787225580
[replaying  91%] replaying BTC-USDT @ 1787225760
[replaying  91%] replaying BTC-USDT @ 1787225940
[replaying  91%] replaying BTC-USDT @ 1787226120
[replaying  91%] replaying BTC-USDT @ 1787226300
[replaying  91%] replaying BTC-USDT @ 1787226480
[replaying  91%] replaying BTC-USDT @ 1787226660
[replaying  91%] replaying BTC-USDT @ 1787226840
[replaying  91%] replaying BTC-USDT @ 1787227020
[replaying  91%] replaying BTC-USDT @ 1787227200
[replaying  91%] replaying BTC-USDT @ 1787227380
[replaying  91%] replaying BTC-USDT @ 1787227560
[replaying  91%] replaying BTC-USDT @ 1787227740
[replaying  91%] replaying BTC-USDT @ 1787227920
[replaying  91%] replaying BTC-USDT @ 1787228100
[replaying  91%] replaying BTC-USDT @ 1787228280
[replaying  91%] replaying BTC-USDT @ 1787228460
[replaying  91%] replaying BTC-USDT @ 1787228640
[replaying  91%] replaying BTC-USDT @ 1787228820
[replaying  91%] replaying BTC-USDT @ 1787229000
[replaying  91%] replaying BTC-USDT @ 1787229180
[replaying  91%] replaying BTC-USDT @ 1787229360
[replaying  91%] replaying BTC-USDT @ 1787229540
[replaying  91%] replaying BTC-USDT @ 1787229720
[replaying  91%] replaying BTC-USDT @ 1787229900
[replaying  91%] replaying BTC-USDT @ 1787230080
[replaying  91%] replaying BTC-USDT @ 1787230260
[replaying  91%] replaying BTC-USDT @ 1787230440
[replaying  91%] replaying BTC-USDT @ 1787230620
[replaying  91%] replaying BTC-USDT @ 1787230800
[replaying  91%] replaying BTC-USDT @ 1787230980
[replaying  91%] replaying BTC-USDT @ 1787231160
[replaying  91%] replaying BTC-USDT @ 1787231340
[replaying  91%] replaying BTC-USDT @ 1787231520
[replaying  91%] replaying BTC-USDT @ 1787231700
[replaying  91%] replaying BTC-USDT @ 1787231880
[replaying  91%] replaying BTC-USDT @ 1787232060
[replaying  91%] replaying BTC-USDT @ 1787232240
[replaying  91%] replaying BTC-USDT @ 1787232420
[replaying  91%] replaying BTC-USDT @ 1787232600
[replaying  91%] replaying BTC-USDT @ 1787232780
[replaying  91%] replaying BTC-USDT @ 1787232960
[replaying  91%] replaying BTC-USDT @ 1787233140
[replaying  91%] replaying BTC-USDT @ 1787233320
[replaying  91%] replaying BTC-USDT @ 1787233500
[replaying  91%] replaying BTC-USDT @ 1787233680
[replaying  91%] replaying BTC-USDT @ 1787233860
[replaying  91%] replaying BTC-USDT @ 1787234040
[replaying  91%] replaying BTC-USDT @ 1787234220
[replaying  91%] replaying BTC-USDT @ 1787234400
[replaying  91%] replaying BTC-USDT @ 1787234580
[replaying  91%] replaying BTC-USDT @ 1787234760
[replaying  91%] replaying BTC-USDT @ 1787234940
[replaying  91%] replaying BTC-USDT @ 1787235120
[replaying  91%] replaying BTC-USDT @ 1787235300
[replaying  91%] replaying BTC-USDT @ 1787235480
[replaying  91%] replaying BTC-USDT @ 1787235660
[replaying  91%] replaying BTC-USDT @ 1787235840
[replaying  91%] replaying BTC-USDT @ 1787236020
[replaying  91%] replaying BTC-USDT @ 1787236200
[replaying  91%] replaying BTC-USDT @ 1787236380
[replaying  91%] replaying BTC-USDT @ 1787236560
[replaying  91%] replaying BTC-USDT @ 1787236740
[replaying  91%] replaying BTC-USDT @ 1787236920
[replaying  91%] replaying BTC-USDT @ 1787237100
[replaying  91%] replaying BTC-USDT @ 1787237280
[replaying  91%] replaying BTC-USDT @ 1787237460
[replaying  91%] replaying BTC-USDT @ 1787237640
[replaying  91%] replaying BTC-USDT @ 1787237820
[replaying  91%] replaying BTC-USDT @ 1787238000
[replaying  91%] replaying BTC-USDT @ 1787238180
[replaying  91%] replaying BTC-USDT @ 1787238360
[replaying  91%] replaying BTC-USDT @ 1787238540
[replaying  91%] replaying BTC-USDT @ 1787238720
[replaying  91%] replaying BTC-USDT @ 1787238900
[replaying  91%] replaying BTC-USDT @ 1787239080
[replaying  91%] replaying BTC-USDT @ 1787239260
[replaying  91%] replaying BTC-USDT @ 1787239440
[replaying  92%] replaying BTC-USDT @ 1787239620
[replaying  92%] replaying BTC-USDT @ 1787239800
[replaying  92%] replaying BTC-USDT @ 1787239980
[replaying  92%] replaying BTC-USDT @ 1787240160
[replaying  92%] replaying BTC-USDT @ 1787240340
[replaying  92%] replaying BTC-USDT @ 1787240520
[replaying  92%] replaying BTC-USDT @ 1787240700
[replaying  92%] replaying BTC-USDT @ 1787240880
[replaying  92%] replaying BTC-USDT @ 1787241060
[replaying  92%] replaying BTC-USDT @ 1787241240
[replaying  92%] replaying BTC-USDT @ 1787241420
[replaying  92%] replaying BTC-USDT @ 1787241600
[replaying  92%] replaying BTC-USDT @ 1787241780
[replaying  92%] replaying BTC-USDT @ 1787241960
[replaying  92%] replaying BTC-USDT @ 1787242140
[replaying  92%] replaying BTC-USDT @ 1787242320
[replaying  92%] replaying BTC-USDT @ 1787242500
[replaying  92%] replaying BTC-USDT @ 1787242680
[replaying  92%] replaying BTC-USDT @ 1787242860
[replaying  92%] replaying BTC-USDT @ 1787243040
[replaying  92%] replaying BTC-USDT @ 1787243220
[replaying  92%] replaying BTC-USDT @ 1787243400
[replaying  92%] replaying BTC-USDT @ 1787243580
[replaying  92%] replaying BTC-USDT @ 1787243760
[replaying  92%] replaying BTC-USDT @ 1787243940
[replaying  92%] replaying BTC-USDT @ 1787244120
[replaying  92%] replaying BTC-USDT @ 1787244300
[replaying  92%] replaying BTC-USDT @ 1787244480
[replaying  92%] replaying BTC-USDT @ 1787244660
[replaying  92%] replaying BTC-USDT @ 1787244840
[replaying  92%] replaying BTC-USDT @ 1787245020
[replaying  92%] replaying BTC-USDT @ 1787245200
[replaying  92%] replaying BTC-USDT @ 1787245380
[replaying  92%] replaying BTC-USDT @ 1787245560
[replaying  92%] replaying BTC-USDT @ 1787245740
[replaying  92%] replaying BTC-USDT @ 1787245920
[replaying  92%] replaying BTC-USDT @ 1787246100
[replaying  92%] replaying BTC-USDT @ 1787246280
[replaying  92%] replaying BTC-USDT @ 1787246460
[replaying  92%] replaying BTC-USDT @ 1787246640
[replaying  92%] replaying BTC-USDT @ 1787246820
[replaying  92%] replaying BTC-USDT @ 1787247000
[replaying  92%] replaying BTC-USDT @ 1787247180
[replaying  92%] replaying BTC-USDT @ 1787247360
[replaying  92%] replaying BTC-USDT @ 1787247540
[replaying  92%] replaying BTC-USDT @ 1787247720
[replaying  92%] replaying BTC-USDT @ 1787247900
[replaying  92%] replaying BTC-USDT @ 1787248080
[replaying  92%] replaying BTC-USDT @ 1787248260
[replaying  92%] replaying BTC-USDT @ 1787248440
[replaying  92%] replaying BTC-USDT @ 1787248620
[replaying  92%] replaying BTC-USDT @ 1787248800
[replaying  92%] replaying BTC-USDT @ 1787248980
[replaying  92%] replaying BTC-USDT @ 1787249160
[replaying  92%] replaying BTC-USDT @ 1787249340
[replaying  92%] replaying BTC-USDT @ 1787249520
[replaying  92%] replaying BTC-USDT @ 1787249700
[replaying  92%] replaying BTC-USDT @ 1787249880
[replaying  92%] replaying BTC-USDT @ 1787250060
[replaying  92%] replaying BTC-USDT @ 1787250240
[replaying  92%] replaying BTC-USDT @ 1787250420
[replaying  92%] replaying BTC-USDT @ 1787250600
[replaying  92%] replaying BTC-USDT @ 1787250780
[replaying  92%] replaying BTC-USDT @ 1787250960
[replaying  92%] replaying BTC-USDT @ 1787251140
[replaying  92%] replaying BTC-USDT @ 1787251320
[replaying  92%] replaying BTC-USDT @ 1787251500
[replaying  92%] replaying BTC-USDT @ 1787251680
[replaying  92%] replaying BTC-USDT @ 1787251860
[replaying  92%] replaying BTC-USDT @ 1787252040
[replaying  92%] replaying BTC-USDT @ 1787252220
[replaying  92%] replaying BTC-USDT @ 1787252400
[replaying  92%] replaying BTC-USDT @ 1787252580
[replaying  92%] replaying BTC-USDT @ 1787252760
[replaying  92%] replaying BTC-USDT @ 1787252940
[replaying  92%] replaying BTC-USDT @ 1787253120
[replaying  92%] replaying BTC-USDT @ 1787253300
[replaying  92%] replaying BTC-USDT @ 1787253480
[replaying  92%] replaying BTC-USDT @ 1787253660
[replaying  92%] replaying BTC-USDT @ 1787253840
[replaying  92%] replaying BTC-USDT @ 1787254020
[replaying  92%] replaying BTC-USDT @ 1787254200
[replaying  93%] replaying BTC-USDT @ 1787254380
[replaying  93%] replaying BTC-USDT @ 1787254560
[replaying  93%] replaying BTC-USDT @ 1787254740
[replaying  93%] replaying BTC-USDT @ 1787254920
[replaying  93%] replaying BTC-USDT @ 1787255100
[replaying  93%] replaying BTC-USDT @ 1787255280
[replaying  93%] replaying BTC-USDT @ 1787255460
[replaying  93%] replaying BTC-USDT @ 1787255640
[replaying  93%] replaying BTC-USDT @ 1787255820
[replaying  93%] replaying BTC-USDT @ 1787256000
[replaying  93%] replaying BTC-USDT @ 1787256180
[replaying  93%] replaying BTC-USDT @ 1787256360
[replaying  93%] replaying BTC-USDT @ 1787256540
[replaying  93%] replaying BTC-USDT @ 1787256720
[replaying  93%] replaying BTC-USDT @ 1787256900
[replaying  93%] replaying BTC-USDT @ 1787257080
[replaying  93%] replaying BTC-USDT @ 1787257260
[replaying  93%] replaying BTC-USDT @ 1787257440
[replaying  93%] replaying BTC-USDT @ 1787257620
[replaying  93%] replaying BTC-USDT @ 1787257800
[replaying  93%] replaying BTC-USDT @ 1787257980
[replaying  93%] replaying BTC-USDT @ 1787258160
[replaying  93%] replaying BTC-USDT @ 1787258340
[replaying  93%] replaying BTC-USDT @ 1787258520
[replaying  93%] replaying BTC-USDT @ 1787258700
[replaying  93%] replaying BTC-USDT @ 1787258880
[replaying  93%] replaying BTC-USDT @ 1787259060
[replaying  93%] replaying BTC-USDT @ 1787259240
[replaying  93%] replaying BTC-USDT @ 1787259420
[replaying  93%] replaying BTC-USDT @ 1787259600
[replaying  93%] replaying BTC-USDT @ 1787259780
[replaying  93%] replaying BTC-USDT @ 1787259960
[replaying  93%] replaying BTC-USDT @ 1787260140
[replaying  93%] replaying BTC-USDT @ 1787260320
[replaying  93%] replaying BTC-USDT @ 1787260500
[replaying  93%] replaying BTC-USDT @ 1787260680
[replaying  93%] replaying BTC-USDT @ 1787260860
[replaying  93%] replaying BTC-USDT @ 1787261040
[replaying  93%] replaying BTC-USDT @ 1787261220
[replaying  93%] replaying BTC-USDT @ 1787261400
[replaying  93%] replaying BTC-USDT @ 1787261580
[replaying  93%] replaying BTC-USDT @ 1787261760
[replaying  93%] replaying BTC-USDT @ 1787261940
[replaying  93%] replaying BTC-USDT @ 1787262120
[replaying  93%] replaying BTC-USDT @ 1787262300
[replaying  93%] replaying BTC-USDT @ 1787262480
[replaying  93%] replaying BTC-USDT @ 1787262660
[replaying  93%] replaying BTC-USDT @ 1787262840
[replaying  93%] replaying BTC-USDT @ 1787263020
[replaying  93%] replaying BTC-USDT @ 1787263200
[replaying  93%] replaying BTC-USDT @ 1787263380
[replaying  93%] replaying BTC-USDT @ 1787263560
[replaying  93%] replaying BTC-USDT @ 1787263740
[replaying  93%] replaying BTC-USDT @ 1787263920
[replaying  93%] replaying BTC-USDT @ 1787264100
[replaying  93%] replaying BTC-USDT @ 1787264280
[replaying  93%] replaying BTC-USDT @ 1787264460
[replaying  93%] replaying BTC-USDT @ 1787264640
[replaying  93%] replaying BTC-USDT @ 1787264820
[replaying  93%] replaying BTC-USDT @ 1787265000
[replaying  93%] replaying BTC-USDT @ 1787265180
[replaying  93%] replaying BTC-USDT @ 1787265360
[replaying  93%] replaying BTC-USDT @ 1787265540
[replaying  93%] replaying BTC-USDT @ 1787265720
[replaying  93%] replaying BTC-USDT @ 1787265900
[replaying  93%] replaying BTC-USDT @ 1787266080
[replaying  93%] replaying BTC-USDT @ 1787266260
[replaying  93%] replaying BTC-USDT @ 1787266440
[replaying  93%] replaying BTC-USDT @ 1787266620
[replaying  93%] replaying BTC-USDT @ 1787266800
[replaying  93%] replaying BTC-USDT @ 1787266980
[replaying  93%] replaying BTC-USDT @ 1787267160
[replaying  93%] replaying BTC-USDT @ 1787267340
[replaying  93%] replaying BTC-USDT @ 1787267520
[replaying  93%] replaying BTC-USDT @ 1787267700
[replaying  93%] replaying BTC-USDT @ 1787267880
[replaying  93%] replaying BTC-USDT @ 1787268060
[replaying  93%] replaying BTC-USDT @ 1787268240
[replaying  93%] replaying BTC-USDT @ 1787268420
[replaying  93%] replaying BTC-USDT @ 1787268600
[replaying  93%] replaying BTC-USDT @ 1787268780
[replaying  93%] replaying BTC-USDT @ 1787268960
[replaying  93%] replaying BTC-USDT @ 1787269140
[replaying  94%] replaying BTC-USDT @ 1787269320
[replaying  94%] replaying BTC-USDT @ 1787269500
[replaying  94%] replaying BTC-USDT @ 1787269680
[replaying  94%] replaying BTC-USDT @ 1787269860
[replaying  94%] replaying BTC-USDT @ 1787270040
[replaying  94%] replaying BTC-USDT @ 1787270220
[replaying  94%] replaying BTC-USDT @ 1787270400
[replaying  94%] replaying BTC-USDT @ 1787270580
[replaying  94%] replaying BTC-USDT @ 1787270760
[replaying  94%] replaying BTC-USDT @ 1787270940
[replaying  94%] replaying BTC-USDT @ 1787271120
[replaying  94%] replaying BTC-USDT @ 1787271300
[replaying  94%] replaying BTC-USDT @ 1787271480
[replaying  94%] replaying BTC-USDT @ 1787271660
[replaying  94%] replaying BTC-USDT @ 1787271840
[replaying  94%] replaying BTC-USDT @ 1787272020
[replaying  94%] replaying BTC-USDT @ 1787272200
[replaying  94%] replaying BTC-USDT @ 1787272380
[replaying  94%] replaying BTC-USDT @ 1787272560
[replaying  94%] replaying BTC-USDT @ 1787272740
[replaying  94%] replaying BTC-USDT @ 1787272920
[replaying  94%] replaying BTC-USDT @ 1787273100
[replaying  94%] replaying BTC-USDT @ 1787273280
[replaying  94%] replaying BTC-USDT @ 1787273460
[replaying  94%] replaying BTC-USDT @ 1787273640
[replaying  94%] replaying BTC-USDT @ 1787273820
[replaying  94%] replaying BTC-USDT @ 1787274000
[replaying  94%] replaying BTC-USDT @ 1787274180
[replaying  94%] replaying BTC-USDT @ 1787274360
[replaying  94%] replaying BTC-USDT @ 1787274540
[replaying  94%] replaying BTC-USDT @ 1787274720
[replaying  94%] replaying BTC-USDT @ 1787274900
[replaying  94%] replaying BTC-USDT @ 1787275080
[replaying  94%] replaying BTC-USDT @ 1787275260
[replaying  94%] replaying BTC-USDT @ 1787275440
[replaying  94%] replaying BTC-USDT @ 1787275620
[replaying  94%] replaying BTC-USDT @ 1787275800
[replaying  94%] replaying BTC-USDT @ 1787275980
[replaying  94%] replaying BTC-USDT @ 1787276160
[replaying  94%] replaying BTC-USDT @ 1787276340
[replaying  94%] replaying BTC-USDT @ 1787276520
[replaying  94%] replaying BTC-USDT @ 1787276700
[replaying  94%] replaying BTC-USDT @ 1787276880
[replaying  94%] replaying BTC-USDT @ 1787277060
[replaying  94%] replaying BTC-USDT @ 1787277240
[replaying  94%] replaying BTC-USDT @ 1787277420
[replaying  94%] replaying BTC-USDT @ 1787277600
[replaying  94%] replaying BTC-USDT @ 1787277780
[replaying  94%] replaying BTC-USDT @ 1787277960
[replaying  94%] replaying BTC-USDT @ 1787278140
[replaying  94%] replaying BTC-USDT @ 1787278320
[replaying  94%] replaying BTC-USDT @ 1787278500
[replaying  94%] replaying BTC-USDT @ 1787278680
[replaying  94%] replaying BTC-USDT @ 1787278860
[replaying  94%] replaying BTC-USDT @ 1787279040
[replaying  94%] replaying BTC-USDT @ 1787279220
[replaying  94%] replaying BTC-USDT @ 1787279400
[replaying  94%] replaying BTC-USDT @ 1787279580
[replaying  94%] replaying BTC-USDT @ 1787279760
[replaying  94%] replaying BTC-USDT @ 1787279940
[replaying  94%] replaying BTC-USDT @ 1787280120
[replaying  94%] replaying BTC-USDT @ 1787280300
[replaying  94%] replaying BTC-USDT @ 1787280480
[replaying  94%] replaying BTC-USDT @ 1787280660
[replaying  94%] replaying BTC-USDT @ 1787280840
[replaying  94%] replaying BTC-USDT @ 1787281020
[replaying  94%] replaying BTC-USDT @ 1787281200
[replaying  94%] replaying BTC-USDT @ 1787281380
[replaying  94%] replaying BTC-USDT @ 1787281560
[replaying  94%] replaying BTC-USDT @ 1787281740
[replaying  94%] replaying BTC-USDT @ 1787281920
[replaying  94%] replaying BTC-USDT @ 1787282100
[replaying  94%] replaying BTC-USDT @ 1787282280
[replaying  94%] replaying BTC-USDT @ 1787282460
[replaying  94%] replaying BTC-USDT @ 1787282640
[replaying  94%] replaying BTC-USDT @ 1787282820
[replaying  94%] replaying BTC-USDT @ 1787283000
[replaying  94%] replaying BTC-USDT @ 1787283180
[replaying  94%] replaying BTC-USDT @ 1787283360
[replaying  94%] replaying BTC-USDT @ 1787283540
[replaying  94%] replaying BTC-USDT @ 1787283720
[replaying  94%] replaying BTC-USDT @ 1787283900
[replaying  94%] replaying BTC-USDT @ 1787284080
[replaying  95%] replaying BTC-USDT @ 1787284260
[replaying  95%] replaying BTC-USDT @ 1787284440
[replaying  95%] replaying BTC-USDT @ 1787284620
[replaying  95%] replaying BTC-USDT @ 1787284800
[replaying  95%] replaying BTC-USDT @ 1787284980
[replaying  95%] replaying BTC-USDT @ 1787285160
[replaying  95%] replaying BTC-USDT @ 1787285340
[replaying  95%] replaying BTC-USDT @ 1787285520
[replaying  95%] replaying BTC-USDT @ 1787285700
[replaying  95%] replaying BTC-USDT @ 1787285880
[replaying  95%] replaying BTC-USDT @ 1787286060
[replaying  95%] replaying BTC-USDT @ 1787286240
[replaying  95%] replaying BTC-USDT @ 1787286420
[replaying  95%] replaying BTC-USDT @ 1787286600
[replaying  95%] replaying BTC-USDT @ 1787286780
[replaying  95%] replaying BTC-USDT @ 1787286960
[replaying  95%] replaying BTC-USDT @ 1787287140
[replaying  95%] replaying BTC-USDT @ 1787287320
[replaying  95%] replaying BTC-USDT @ 1787287500
[replaying  95%] replaying BTC-USDT @ 1787287680
[replaying  95%] replaying BTC-USDT @ 1787287860
[replaying  95%] replaying BTC-USDT @ 1787288040
[replaying  95%] replaying BTC-USDT @ 1787288220
[replaying  95%] replaying BTC-USDT @ 1787288400
[replaying  95%] replaying BTC-USDT @ 1787288580
[replaying  95%] replaying BTC-USDT @ 1787288760
[replaying  95%] replaying BTC-USDT @ 1787288940
[replaying  95%] replaying BTC-USDT @ 1787289120
[replaying  95%] replaying BTC-USDT @ 1787289300
[replaying  95%] replaying BTC-USDT @ 1787289480
[replaying  95%] replaying BTC-USDT @ 1787289660
[replaying  95%] replaying BTC-USDT @ 1787289840
[replaying  95%] replaying BTC-USDT @ 1787290020
[replaying  95%] replaying BTC-USDT @ 1787290200
[replaying  95%] replaying BTC-USDT @ 1787290380
[replaying  95%] replaying BTC-USDT @ 1787290560
[replaying  95%] replaying BTC-USDT @ 1787290740
[replaying  95%] replaying BTC-USDT @ 1787290920
[replaying  95%] replaying BTC-USDT @ 1787291100
[replaying  95%] replaying BTC-USDT @ 1787291280
[replaying  95%] replaying BTC-USDT @ 1787291460
[replaying  95%] replaying BTC-USDT @ 1787291640
[replaying  95%] replaying BTC-USDT @ 1787291820
[replaying  95%] replaying BTC-USDT @ 1787292000
[replaying  95%] replaying BTC-USDT @ 1787292180
[replaying  95%] replaying BTC-USDT @ 1787292360
[replaying  95%] replaying BTC-USDT @ 1787292540
[replaying  95%] replaying BTC-USDT @ 1787292720
[replaying  95%] replaying BTC-USDT @ 1787292900
[replaying  95%] replaying BTC-USDT @ 1787293080
[replaying  95%] replaying BTC-USDT @ 1787293260
[replaying  95%] replaying BTC-USDT @ 1787293440
[replaying  95%] replaying BTC-USDT @ 1787293620
[replaying  95%] replaying BTC-USDT @ 1787293800
[replaying  95%] replaying BTC-USDT @ 1787293980
[replaying  95%] replaying BTC-USDT @ 1787294160
[replaying  95%] replaying BTC-USDT @ 1787294340
[replaying  95%] replaying BTC-USDT @ 1787294520
[replaying  95%] replaying BTC-USDT @ 1787294700
[replaying  95%] replaying BTC-USDT @ 1787294880
[replaying  95%] replaying BTC-USDT @ 1787295060
[replaying  95%] replaying BTC-USDT @ 1787295240
[replaying  95%] replaying BTC-USDT @ 1787295420
[replaying  95%] replaying BTC-USDT @ 1787295600
[replaying  95%] replaying BTC-USDT @ 1787295780
[replaying  95%] replaying BTC-USDT @ 1787295960
[replaying  95%] replaying BTC-USDT @ 1787296140
[replaying  95%] replaying BTC-USDT @ 1787296320
[replaying  95%] replaying BTC-USDT @ 1787296500
[replaying  95%] replaying BTC-USDT @ 1787296680
[replaying  95%] replaying BTC-USDT @ 1787296860
[replaying  95%] replaying BTC-USDT @ 1787297040
[replaying  95%] replaying BTC-USDT @ 1787297220
[replaying  95%] replaying BTC-USDT @ 1787297400
[replaying  95%] replaying BTC-USDT @ 1787297580
[replaying  95%] replaying BTC-USDT @ 1787297760
[replaying  95%] replaying BTC-USDT @ 1787297940
[replaying  95%] replaying BTC-USDT @ 1787298120
[replaying  95%] replaying BTC-USDT @ 1787298300
[replaying  95%] replaying BTC-USDT @ 1787298480
[replaying  95%] replaying BTC-USDT @ 1787298660
[replaying  95%] replaying BTC-USDT @ 1787298840
[replaying  96%] replaying BTC-USDT @ 1787299020
[replaying  96%] replaying BTC-USDT @ 1787299200
[replaying  96%] replaying BTC-USDT @ 1787299380
[replaying  96%] replaying BTC-USDT @ 1787299560
[replaying  96%] replaying BTC-USDT @ 1787299740
[replaying  96%] replaying BTC-USDT @ 1787299920
[replaying  96%] replaying BTC-USDT @ 1787300100
[replaying  96%] replaying BTC-USDT @ 1787300280
[replaying  96%] replaying BTC-USDT @ 1787300460
[replaying  96%] replaying BTC-USDT @ 1787300640
[replaying  96%] replaying BTC-USDT @ 1787300820
[replaying  96%] replaying BTC-USDT @ 1787301000
[replaying  96%] replaying BTC-USDT @ 1787301180
[replaying  96%] replaying BTC-USDT @ 1787301360
[replaying  96%] replaying BTC-USDT @ 1787301540
[replaying  96%] replaying BTC-USDT @ 1787301720
[replaying  96%] replaying BTC-USDT @ 1787301900
[replaying  96%] replaying BTC-USDT @ 1787302080
[replaying  96%] replaying BTC-USDT @ 1787302260
[replaying  96%] replaying BTC-USDT @ 1787302440
[replaying  96%] replaying BTC-USDT @ 1787302620
[replaying  96%] replaying BTC-USDT @ 1787302800
[replaying  96%] replaying BTC-USDT @ 1787302980
[replaying  96%] replaying BTC-USDT @ 1787303160
[replaying  96%] replaying BTC-USDT @ 1787303340
[replaying  96%] replaying BTC-USDT @ 1787303520
[replaying  96%] replaying BTC-USDT @ 1787303700
[replaying  96%] replaying BTC-USDT @ 1787303880
[replaying  96%] replaying BTC-USDT @ 1787304060
[replaying  96%] replaying BTC-USDT @ 1787304240
[replaying  96%] replaying BTC-USDT @ 1787304420
[replaying  96%] replaying BTC-USDT @ 1787304600
[replaying  96%] replaying BTC-USDT @ 1787304780
[replaying  96%] replaying BTC-USDT @ 1787304960
[replaying  96%] replaying BTC-USDT @ 1787305140
[replaying  96%] replaying BTC-USDT @ 1787305320
[replaying  96%] replaying BTC-USDT @ 1787305500
[replaying  96%] replaying BTC-USDT @ 1787305680
[replaying  96%] replaying BTC-USDT @ 1787305860
[replaying  96%] replaying BTC-USDT @ 1787306040
[replaying  96%] replaying BTC-USDT @ 1787306220
[replaying  96%] replaying BTC-USDT @ 1787306400
[replaying  96%] replaying BTC-USDT @ 1787306580
[replaying  96%] replaying BTC-USDT @ 1787306760
[replaying  96%] replaying BTC-USDT @ 1787306940
[replaying  96%] replaying BTC-USDT @ 1787307120
[replaying  96%] replaying BTC-USDT @ 1787307300
[replaying  96%] replaying BTC-USDT @ 1787307480
[replaying  96%] replaying BTC-USDT @ 1787307660
[replaying  96%] replaying BTC-USDT @ 1787307840
[replaying  96%] replaying BTC-USDT @ 1787308020
[replaying  96%] replaying BTC-USDT @ 1787308200
[replaying  96%] replaying BTC-USDT @ 1787308380
[replaying  96%] replaying BTC-USDT @ 1787308560
[replaying  96%] replaying BTC-USDT @ 1787308740
[replaying  96%] replaying BTC-USDT @ 1787308920
[replaying  96%] replaying BTC-USDT @ 1787309100
[replaying  96%] replaying BTC-USDT @ 1787309280
[replaying  96%] replaying BTC-USDT @ 1787309460
[replaying  96%] replaying BTC-USDT @ 1787309640
[replaying  96%] replaying BTC-USDT @ 1787309820
[replaying  96%] replaying BTC-USDT @ 1787310000
[replaying  96%] replaying BTC-USDT @ 1787310180
[replaying  96%] replaying BTC-USDT @ 1787310360
[replaying  96%] replaying BTC-USDT @ 1787310540
[replaying  96%] replaying BTC-USDT @ 1787310720
[replaying  96%] replaying BTC-USDT @ 1787310900
[replaying  96%] replaying BTC-USDT @ 1787311080
[replaying  96%] replaying BTC-USDT @ 1787311260
[replaying  96%] replaying BTC-USDT @ 1787311440
[replaying  96%] replaying BTC-USDT @ 1787311620
[replaying  96%] replaying BTC-USDT @ 1787311800
[replaying  96%] replaying BTC-USDT @ 1787311980
[replaying  96%] replaying BTC-USDT @ 1787312160
[replaying  96%] replaying BTC-USDT @ 1787312340
[replaying  96%] replaying BTC-USDT @ 1787312520
[replaying  96%] replaying BTC-USDT @ 1787312700
[replaying  96%] replaying BTC-USDT @ 1787312880
[replaying  96%] replaying BTC-USDT @ 1787313060
[replaying  96%] replaying BTC-USDT @ 1787313240
[replaying  96%] replaying BTC-USDT @ 1787313420
[replaying  96%] replaying BTC-USDT @ 1787313600
[replaying  96%] replaying BTC-USDT @ 1787313780
[replaying  97%] replaying BTC-USDT @ 1787313960
[replaying  97%] replaying BTC-USDT @ 1787314140
[replaying  97%] replaying BTC-USDT @ 1787314320
[replaying  97%] replaying BTC-USDT @ 1787314500
[replaying  97%] replaying BTC-USDT @ 1787314680
[replaying  97%] replaying BTC-USDT @ 1787314860
[replaying  97%] replaying BTC-USDT @ 1787315040
[replaying  97%] replaying BTC-USDT @ 1787315220
[replaying  97%] replaying BTC-USDT @ 1787315400
[replaying  97%] replaying BTC-USDT @ 1787315580
[replaying  97%] replaying BTC-USDT @ 1787315760
[replaying  97%] replaying BTC-USDT @ 1787315940
[replaying  97%] replaying BTC-USDT @ 1787316120
[replaying  97%] replaying BTC-USDT @ 1787316300
[replaying  97%] replaying BTC-USDT @ 1787316480
[replaying  97%] replaying BTC-USDT @ 1787316660
[replaying  97%] replaying BTC-USDT @ 1787316840
[replaying  97%] replaying BTC-USDT @ 1787317020
[replaying  97%] replaying BTC-USDT @ 1787317200
[replaying  97%] replaying BTC-USDT @ 1787317380
[replaying  97%] replaying BTC-USDT @ 1787317560
[replaying  97%] replaying BTC-USDT @ 1787317740
[replaying  97%] replaying BTC-USDT @ 1787317920
[replaying  97%] replaying BTC-USDT @ 1787318100
[replaying  97%] replaying BTC-USDT @ 1787318280
[replaying  97%] replaying BTC-USDT @ 1787318460
[replaying  97%] replaying BTC-USDT @ 1787318640
[replaying  97%] replaying BTC-USDT @ 1787318820
[replaying  97%] replaying BTC-USDT @ 1787319000
[replaying  97%] replaying BTC-USDT @ 1787319180
[replaying  97%] replaying BTC-USDT @ 1787319360
[replaying  97%] replaying BTC-USDT @ 1787319540
[replaying  97%] replaying BTC-USDT @ 1787319720
[replaying  97%] replaying BTC-USDT @ 1787319900
[replaying  97%] replaying BTC-USDT @ 1787320080
[replaying  97%] replaying BTC-USDT @ 1787320260
[replaying  97%] replaying BTC-USDT @ 1787320440
[replaying  97%] replaying BTC-USDT @ 1787320620
[replaying  97%] replaying BTC-USDT @ 1787320800
[replaying  97%] replaying BTC-USDT @ 1787320980
[replaying  97%] replaying BTC-USDT @ 1787321160
[replaying  97%] replaying BTC-USDT @ 1787321340
[replaying  97%] replaying BTC-USDT @ 1787321520
[replaying  97%] replaying BTC-USDT @ 1787321700
[replaying  97%] replaying BTC-USDT @ 1787321880
[replaying  97%] replaying BTC-USDT @ 1787322060
[replaying  97%] replaying BTC-USDT @ 1787322240
[replaying  97%] replaying BTC-USDT @ 1787322420
[replaying  97%] replaying BTC-USDT @ 1787322600
[replaying  97%] replaying BTC-USDT @ 1787322780
[replaying  97%] replaying BTC-USDT @ 1787322960
[replaying  97%] replaying BTC-USDT @ 1787323140
[replaying  97%] replaying BTC-USDT @ 1787323320
[replaying  97%] replaying BTC-USDT @ 1787323500
[replaying  97%] replaying BTC-USDT @ 1787323680
[replaying  97%] replaying BTC-USDT @ 1787323860
[replaying  97%] replaying BTC-USDT @ 1787324040
[replaying  97%] replaying BTC-USDT @ 1787324220
[replaying  97%] replaying BTC-USDT @ 1787324400
[replaying  97%] replaying BTC-USDT @ 1787324580
[replaying  97%] replaying BTC-USDT @ 1787324760
[replaying  97%] replaying BTC-USDT @ 1787324940
[replaying  97%] replaying BTC-USDT @ 1787325120
[replaying  97%] replaying BTC-USDT @ 1787325300
[replaying  97%] replaying BTC-USDT @ 1787325480
[replaying  97%] replaying BTC-USDT @ 1787325660
[replaying  97%] replaying BTC-USDT @ 1787325840
[replaying  97%] replaying BTC-USDT @ 1787326020
[replaying  97%] replaying BTC-USDT @ 1787326200
[replaying  97%] replaying BTC-USDT @ 1787326380
[replaying  97%] replaying BTC-USDT @ 1787326560
[replaying  97%] replaying BTC-USDT @ 1787326740
[replaying  97%] replaying BTC-USDT @ 1787326920
[replaying  97%] replaying BTC-USDT @ 1787327100
[replaying  97%] replaying BTC-USDT @ 1787327280
[replaying  97%] replaying BTC-USDT @ 1787327460
[replaying  97%] replaying BTC-USDT @ 1787327640
[replaying  97%] replaying BTC-USDT @ 1787327820
[replaying  97%] replaying BTC-USDT @ 1787328000
[replaying  97%] replaying BTC-USDT @ 1787328180
[replaying  97%] replaying BTC-USDT @ 1787328360
[replaying  97%] replaying BTC-USDT @ 1787328540
[replaying  97%] replaying BTC-USDT @ 1787328720
[replaying  98%] replaying BTC-USDT @ 1787328900
[replaying  98%] replaying BTC-USDT @ 1787329080
[replaying  98%] replaying BTC-USDT @ 1787329260
[replaying  98%] replaying BTC-USDT @ 1787329440
[replaying  98%] replaying BTC-USDT @ 1787329620
[replaying  98%] replaying BTC-USDT @ 1787329800
[replaying  98%] replaying BTC-USDT @ 1787329980
[replaying  98%] replaying BTC-USDT @ 1787330160
[replaying  98%] replaying BTC-USDT @ 1787330340
[replaying  98%] replaying BTC-USDT @ 1787330520
[replaying  98%] replaying BTC-USDT @ 1787330700
[replaying  98%] replaying BTC-USDT @ 1787330880
[replaying  98%] replaying BTC-USDT @ 1787331060
[replaying  98%] replaying BTC-USDT @ 1787331240
[replaying  98%] replaying BTC-USDT @ 1787331420
[replaying  98%] replaying BTC-USDT @ 1787331600
[replaying  98%] replaying BTC-USDT @ 1787331780
[replaying  98%] replaying BTC-USDT @ 1787331960
[replaying  98%] replaying BTC-USDT @ 1787332140
[replaying  98%] replaying BTC-USDT @ 1787332320
[replaying  98%] replaying BTC-USDT @ 1787332500
[replaying  98%] replaying BTC-USDT @ 1787332680
[replaying  98%] replaying BTC-USDT @ 1787332860
[replaying  98%] replaying BTC-USDT @ 1787333040
[replaying  98%] replaying BTC-USDT @ 1787333220
[replaying  98%] replaying BTC-USDT @ 1787333400
[replaying  98%] replaying BTC-USDT @ 1787333580
[replaying  98%] replaying BTC-USDT @ 1787333760
[replaying  98%] replaying BTC-USDT @ 1787333940
[replaying  98%] replaying BTC-USDT @ 1787334120
[replaying  98%] replaying BTC-USDT @ 1787334300
[replaying  98%] replaying BTC-USDT @ 1787334480
[replaying  98%] replaying BTC-USDT @ 1787334660
[replaying  98%] replaying BTC-USDT @ 1787334840
[replaying  98%] replaying BTC-USDT @ 1787335020
[replaying  98%] replaying BTC-USDT @ 1787335200
[replaying  98%] replaying BTC-USDT @ 1787335380
[replaying  98%] replaying BTC-USDT @ 1787335560
[replaying  98%] replaying BTC-USDT @ 1787335740
[replaying  98%] replaying BTC-USDT @ 1787335920
[replaying  98%] replaying BTC-USDT @ 1787336100
[replaying  98%] replaying BTC-USDT @ 1787336280
[replaying  98%] replaying BTC-USDT @ 1787336460
[replaying  98%] replaying BTC-USDT @ 1787336640
[replaying  98%] replaying BTC-USDT @ 1787336820
[replaying  98%] replaying BTC-USDT @ 1787337000
[replaying  98%] replaying BTC-USDT @ 1787337180
[replaying  98%] replaying BTC-USDT @ 1787337360
[replaying  98%] replaying BTC-USDT @ 1787337540
[replaying  98%] replaying BTC-USDT @ 1787337720
[replaying  98%] replaying BTC-USDT @ 1787337900
[replaying  98%] replaying BTC-USDT @ 1787338080
[replaying  98%] replaying BTC-USDT @ 1787338260
[replaying  98%] replaying BTC-USDT @ 1787338440
[replaying  98%] replaying BTC-USDT @ 1787338620
[replaying  98%] replaying BTC-USDT @ 1787338800
[replaying  98%] replaying BTC-USDT @ 1787338980
[replaying  98%] replaying BTC-USDT @ 1787339160
[replaying  98%] replaying BTC-USDT @ 1787339340
[replaying  98%] replaying BTC-USDT @ 1787339520
[replaying  98%] replaying BTC-USDT @ 1787339700
[replaying  98%] replaying BTC-USDT @ 1787339880
[replaying  98%] replaying BTC-USDT @ 1787340060
[replaying  98%] replaying BTC-USDT @ 1787340240
[replaying  98%] replaying BTC-USDT @ 1787340420
[replaying  98%] replaying BTC-USDT @ 1787340600
[replaying  98%] replaying BTC-USDT @ 1787340780
[replaying  98%] replaying BTC-USDT @ 1787340960
[replaying  98%] replaying BTC-USDT @ 1787341140
[replaying  98%] replaying BTC-USDT @ 1787341320
[replaying  98%] replaying BTC-USDT @ 1787341500
[replaying  98%] replaying BTC-USDT @ 1787341680
[replaying  98%] replaying BTC-USDT @ 1787341860
[replaying  98%] replaying BTC-USDT @ 1787342040
[replaying  98%] replaying BTC-USDT @ 1787342220
[replaying  98%] replaying BTC-USDT @ 1787342400
[replaying  98%] replaying BTC-USDT @ 1787342580
[replaying  98%] replaying BTC-USDT @ 1787342760
[replaying  98%] replaying BTC-USDT @ 1787342940
[replaying  98%] replaying BTC-USDT @ 1787343120
[replaying  98%] replaying BTC-USDT @ 1787343300
[replaying  98%] replaying BTC-USDT @ 1787343480
[replaying  99%] replaying BTC-USDT @ 1787343660
[replaying  99%] replaying BTC-USDT @ 1787343840
[replaying  99%] replaying BTC-USDT @ 1787344020
[replaying  99%] replaying BTC-USDT @ 1787344200
[replaying  99%] replaying BTC-USDT @ 1787344380
[replaying  99%] replaying BTC-USDT @ 1787344560
[replaying  99%] replaying BTC-USDT @ 1787344740
[replaying  99%] replaying BTC-USDT @ 1787344920
[replaying  99%] replaying BTC-USDT @ 1787345100
[replaying  99%] replaying BTC-USDT @ 1787345280
[replaying  99%] replaying BTC-USDT @ 1787345460
[replaying  99%] replaying BTC-USDT @ 1787345640
[replaying  99%] replaying BTC-USDT @ 1787345820
[replaying  99%] replaying BTC-USDT @ 1787346000
[replaying  99%] replaying BTC-USDT @ 1787346180
[replaying  99%] replaying BTC-USDT @ 1787346360
[replaying  99%] replaying BTC-USDT @ 1787346540
[replaying  99%] replaying BTC-USDT @ 1787346720
[replaying  99%] replaying BTC-USDT @ 1787346900
[replaying  99%] replaying BTC-USDT @ 1787347080
[replaying  99%] replaying BTC-USDT @ 1787347260
[replaying  99%] replaying BTC-USDT @ 1787347440
[replaying  99%] replaying BTC-USDT @ 1787347620
[replaying  99%] replaying BTC-USDT @ 1787347800
[replaying  99%] replaying BTC-USDT @ 1787347980
[replaying  99%] replaying BTC-USDT @ 1787348160
[replaying  99%] replaying BTC-USDT @ 1787348340
[replaying  99%] replaying BTC-USDT @ 1787348520
[replaying  99%] replaying BTC-USDT @ 1787348700
[replaying  99%] replaying BTC-USDT @ 1787348880
[replaying  99%] replaying BTC-USDT @ 1787349060
[replaying  99%] replaying BTC-USDT @ 1787349240
[replaying  99%] replaying BTC-USDT @ 1787349420
[replaying  99%] replaying BTC-USDT @ 1787349600
[replaying  99%] replaying BTC-USDT @ 1787349780
[replaying  99%] replaying BTC-USDT @ 1787349960
[replaying  99%] replaying BTC-USDT @ 1787350140
[replaying  99%] replaying BTC-USDT @ 1787350320
[replaying  99%] replaying BTC-USDT @ 1787350500
[replaying  99%] replaying BTC-USDT @ 1787350680
[replaying  99%] replaying BTC-USDT @ 1787350860
[replaying  99%] replaying BTC-USDT @ 1787351040
[replaying  99%] replaying BTC-USDT @ 1787351220
[replaying  99%] replaying BTC-USDT @ 1787351400
[replaying  99%] replaying BTC-USDT @ 1787351580
[replaying  99%] replaying BTC-USDT @ 1787351760
[replaying  99%] replaying BTC-USDT @ 1787351940
[replaying  99%] replaying BTC-USDT @ 1787352120
[replaying  99%] replaying BTC-USDT @ 1787352300
[replaying  99%] replaying BTC-USDT @ 1787352480
[replaying  99%] replaying BTC-USDT @ 1787352660
[replaying  99%] replaying BTC-USDT @ 1787352840
[replaying  99%] replaying BTC-USDT @ 1787353020
[replaying  99%] replaying BTC-USDT @ 1787353200
[replaying  99%] replaying BTC-USDT @ 1787353380
[replaying  99%] replaying BTC-USDT @ 1787353560
[replaying  99%] replaying BTC-USDT @ 1787353740
[replaying  99%] replaying BTC-USDT @ 1787353920
[replaying  99%] replaying BTC-USDT @ 1787354100
[replaying  99%] replaying BTC-USDT @ 1787354280
[replaying  99%] replaying BTC-USDT @ 1787354460
[replaying  99%] replaying BTC-USDT @ 1787354640
[replaying  99%] replaying BTC-USDT @ 1787354820
[replaying  99%] replaying BTC-USDT @ 1787355000
[replaying  99%] replaying BTC-USDT @ 1787355180
[replaying  99%] replaying BTC-USDT @ 1787355360
[replaying  99%] replaying BTC-USDT @ 1787355540
[replaying  99%] replaying BTC-USDT @ 1787355720
[replaying  99%] replaying BTC-USDT @ 1787355900
[replaying  99%] replaying BTC-USDT @ 1787356080
[replaying  99%] replaying BTC-USDT @ 1787356260
[replaying  99%] replaying BTC-USDT @ 1787356440
[replaying  99%] replaying BTC-USDT @ 1787356620
[replaying  99%] replaying BTC-USDT @ 1787356800
[replaying  99%] replaying BTC-USDT @ 1787356980
[replaying  99%] replaying BTC-USDT @ 1787357160
[replaying  99%] replaying BTC-USDT @ 1787357340
[replaying  99%] replaying BTC-USDT @ 1787357520
[replaying  99%] replaying BTC-USDT @ 1787357700
[replaying  99%] replaying BTC-USDT @ 1787357880
[replaying  99%] replaying BTC-USDT @ 1787358060
[replaying  99%] replaying BTC-USDT @ 1787358240
[replaying  99%] replaying BTC-USDT @ 1787358420
[replaying 100%] replaying BTC-USDT @ 1787358600
[replaying 100%] replaying BTC-USDT @ 1787358780
[replaying 100%] replaying BTC-USDT @ 1787358960
[replaying 100%] replaying BTC-USDT @ 1787359140
[replaying 100%] replaying BTC-USDT @ 1787359320
[replaying 100%] replaying BTC-USDT @ 1787359500
[replaying 100%] replaying BTC-USDT @ 1787359680
[replaying 100%] replaying BTC-USDT @ 1787359860
[replaying 100%] replaying BTC-USDT @ 1787360040
[replaying 100%] replaying BTC-USDT @ 1787360220
[replaying 100%] replaying BTC-USDT @ 1787360400
[replaying 100%] replaying BTC-USDT @ 1787360580
[replaying 100%] replaying BTC-USDT @ 1787360760
[replaying 100%] replaying BTC-USDT @ 1787360940
[replaying 100%] replaying BTC-USDT @ 1787361120
[replaying 100%] replaying BTC-USDT @ 1787361300
[replaying 100%] replaying BTC-USDT @ 1787361480
[replaying 100%] replaying BTC-USDT @ 1787361660
[replaying 100%] replaying BTC-USDT @ 1787361840
[replaying 100%] replaying BTC-USDT @ 1787362020
[replaying 100%] replaying BTC-USDT @ 1787362200
[replaying 100%] replaying BTC-USDT @ 1787362380
[replaying 100%] replaying BTC-USDT @ 1787362560
[replaying 100%] replaying BTC-USDT @ 1787362740
[replaying 100%] replaying BTC-USDT @ 1787362920
[replaying 100%] replaying BTC-USDT @ 1787363100
[replaying 100%] replaying BTC-USDT @ 1787363280
[replaying 100%] replaying BTC-USDT @ 1787363460
[replaying 100%] replaying BTC-USDT @ 1787363640
[replaying 100%] replaying BTC-USDT @ 1787363820
[replaying 100%] replaying BTC-USDT @ 1787364000
[replaying 100%] replaying BTC-USDT @ 1787364180
[replaying 100%] replaying BTC-USDT @ 1787364360
[replaying 100%] replaying BTC-USDT @ 1787364540
[replaying 100%] replaying BTC-USDT @ 1787364720
[replaying 100%] replaying BTC-USDT @ 1787364900
[replaying 100%] replaying BTC-USDT @ 1787365080
[replaying 100%] replaying BTC-USDT @ 1787365260
[replaying 100%] replaying BTC-USDT @ 1787365440
[replaying 100%] replaying BTC-USDT @ 1787365620
[replaying 100%] replaying BTC-USDT @ 1787365800
[replaying 100%] replaying BTC-USDT @ 1787365980
[analyzing 100%] analysis complete
OK run=47 trades=2 equity_points=2067 final_equity=1002.74
